step,data_loss,penalty,objective,optimality,b,w_area,w_age
0.000000000000000000e+00,3.293223023463369464e+04,0.000000000000000000e+00,3.293223023463369464e+04,1.913338720190443837e+03,3.319203307111111371e+03,0.000000000000000000e+00,0.000000000000000000e+00
1.000000000000000000e+00,2.382983749386078853e+04,0.000000000000000000e+00,2.382983749386078853e+04,1.530736353466694936e+03,3.319203307111111371e+03,5.282689610357033771e+00,-1.209338361450362914e-01
2.000000000000000000e+00,1.800143081659849850e+04,0.000000000000000000e+00,1.800143081659849850e+04,1.224653722859466370e+03,3.319203307111111371e+03,9.509021804088753527e+00,-2.467034649175999794e-01
3.000000000000000000e+00,1.426843970160403114e+04,0.000000000000000000e+00,1.426843970160403114e+04,9.797868894588176545e+02,3.319203307111111371e+03,1.289026602904795382e+01,-3.760144544766328423e-01
4.000000000000000000e+00,1.187657758202561490e+04,0.000000000000000000e+00,1.187657758202561490e+04,7.838927020430528501e+02,3.319203307111111371e+03,1.559543786646989716e+01,-5.078349498515598581e-01
5.000000000000000000e+00,1.034309964145078084e+04,0.000000000000000000e+00,1.034309964145078084e+04,6.271766395421245761e+02,3.319203307111111371e+03,1.775974980403699988e+01,-6.413431159521906233e-01
6.000000000000000000e+00,9.359047815450065173e+03,0.000000000000000000e+00,9.359047815450065173e+03,5.018030850083551400e+02,3.319203307111111371e+03,1.949137185433347952e+01,-7.758850924459226306e-01
7.000000000000000000e+00,8.726687591853962658e+03,0.000000000000000000e+00,8.726687591853962658e+03,4.015035447929867587e+02,3.319203307111111371e+03,2.087684004961198880e+01,-9.109413581234988566e-01
8.000000000000000000e+00,8.319467562235280639e+03,0.000000000000000000e+00,8.319467562235280639e+03,3.212632238874290351e+02,3.319203307111111371e+03,2.198538323760972801e+01,-1.046099822850366845e+00
9.000000000000000000e+00,8.056393534178332629e+03,0.000000000000000000e+00,8.056393534178332629e+03,2.570702861962297447e+02,3.319203307111111371e+03,2.287238451820420693e+01,-1.181034301581360468e+00
1.000000000000000000e+01,7.885627962467115140e+03,0.000000000000000000e+00,7.885627962467115140e+03,2.057152627554499418e+02,3.319203307111111371e+03,2.358215039274060842e+01,-1.315487294020909692e+00
1.100000000000000000e+01,7.773993584396427650e+03,0.000000000000000000e+00,7.773993584396427650e+03,1.646305783073444218e+02,3.319203307111111371e+03,2.415012608349645973e+01,-1.449256208794625467e+00
1.200000000000000000e+01,7.700255745736290919e+03,0.000000000000000000e+00,7.700255745736290919e+03,1.317621725601031244e+02,3.319203307111111371e+03,2.460466778925607301e+01,-1.582182343224981080e+00
1.300000000000000000e+01,7.650823088728666335e+03,0.000000000000000000e+00,7.650823088728666335e+03,1.054667971956288426e+02,3.319203307111111371e+03,2.496846048977281285e+01,-1.714142067585328277e+00
1.400000000000000000e+01,7.616995991798807154e+03,0.000000000000000000e+00,7.616995991798807154e+03,8.442985347574771993e+01,3.319203307111111371e+03,2.525965218934157619e+01,-1.845039772931690969e+00
1.500000000000000000e+01,7.593205570377534059e+03,0.000000000000000000e+00,7.593205570377534059e+03,6.759966232716944035e+01,3.319203307111111371e+03,2.549276131165939674e+01,-1.974802229791950525e+00
1.600000000000000000e+01,7.575886636847842055e+03,0.000000000000000000e+00,7.575886636847842055e+03,5.413488040944385915e+01,3.319203307111111371e+03,2.567940261571654759e+01,-2.103374075536162735e+00
1.700000000000000000e+01,7.562756394344050022e+03,0.000000000000000000e+00,7.562756394344050022e+03,4.566446868521649094e+01,3.319203307111111371e+03,2.582886792851198621e+01,-2.230714204687059610e+00
1.800000000000000000e+01,7.552352800229288732e+03,0.000000000000000000e+00,7.552352800229288732e+03,4.520009456281007232e+01,3.319203307111111371e+03,2.594859073122827908e+01,-2.356792881578026577e+00
1.900000000000000000e+01,7.543739118179562865e+03,0.000000000000000000e+00,7.543739118179562865e+03,4.473084457820444015e+01,3.319203307111111371e+03,2.604451782817404037e+01,-2.481589430884437508e+00
2.000000000000000000e+01,7.536314830988142603e+03,0.000000000000000000e+00,7.536314830988142603e+03,4.425879619086919803e+01,3.319203307111111371e+03,2.612140668194038184e+01,-2.605090390449117166e+00
2.100000000000000000e+01,7.529694624242882128e+03,0.000000000000000000e+00,7.529694624242882128e+03,4.378559893842610506e+01,3.319203307111111371e+03,2.618306328152853268e+01,-2.727288033938578771e+00
2.200000000000000000e+01,7.523630935373744251e+03,0.000000000000000000e+00,7.523630935373744251e+03,4.331256016118271646e+01,3.319203307111111371e+03,2.623253243685436686e+01,-2.848179189359434371e+00
2.300000000000000000e+01,7.517964384548671660e+03,0.000000000000000000e+00,7.517964384548671660e+03,4.284071358018170628e+01,3.319203307111111371e+03,2.627225001435444440e+01,-2.967764294258513402e+00
2.400000000000000000e+01,7.512592049963470345e+03,0.000000000000000000e+00,7.512592049963470345e+03,4.237087415807799573e+01,3.319203307111111371e+03,2.630416472547320339e+01,-3.086046640265592167e+00
2.500000000000000000e+01,7.507447163554672443e+03,0.000000000000000000e+00,7.507447163554672443e+03,4.190368198629305141e+01,3.319203307111111371e+03,2.632983555745509108e+01,-3.203031769105897375e+00
2.600000000000000000e+01,7.502486115793755744e+03,0.000000000000000000e+00,7.502486115793755744e+03,4.143963739321343809e+01,3.319203307111111371e+03,2.635050971798057518e+01,-3.318726989784158476e+00
2.700000000000000000e+01,7.497680138303750937e+03,0.000000000000000000e+00,7.497680138303750937e+03,4.097912902923611256e+01,3.319203307111111371e+03,2.636718499087725576e+01,-3.433140992701687821e+00
2.800000000000000000e+01,7.493009980292335058e+03,0.000000000000000000e+00,7.493009980292335058e+03,4.052245633331416030e+01,3.319203307111111371e+03,2.638065962069104486e+01,-3.546283541315703669e+00
2.900000000000000000e+01,7.488462501037340189e+03,0.000000000000000000e+00,7.488462501037340189e+03,4.006984750471364265e+01,3.319203307111111371e+03,2.639157222034533845e+01,-3.658165225828333256e+00
3.000000000000000000e+01,7.484028488655566434e+03,0.000000000000000000e+00,7.484028488655566434e+03,3.962147387896315109e+01,3.319203307111111371e+03,2.640043369727058931e+01,-3.768797266495274023e+00
3.100000000000000000e+01,7.479701263702255346e+03,0.000000000000000000e+00,7.479701263702255346e+03,3.917746142716504920e+01,3.319203307111111371e+03,2.640765279431015955e+01,-3.878191356626162101e+00
3.200000000000000000e+01,7.475475785071549581e+03,0.000000000000000000e+00,7.475475785071549581e+03,3.873789995402178477e+01,3.319203307111111371e+03,2.641355652244718044e+01,-3.986359537334305703e+00
3.300000000000000000e+01,7.471348077378559537e+03,0.000000000000000000e+00,7.471348077378559537e+03,3.830285045484290407e+01,3.319203307111111371e+03,2.641840650698818393e+01,-4.093314097681985508e+00
3.400000000000000000e+01,7.467314864098522776e+03,0.000000000000000000e+00,7.467314864098522776e+03,3.787235099975642072e+01,3.319203307111111371e+03,2.642241206451213031e+01,-4.199067495138300465e+00
3.500000000000000000e+01,7.463373332399129140e+03,0.000000000000000000e+00,7.463373332399129140e+03,3.744642143969856818e+01,3.319203307111111371e+03,2.642574066443173919e+01,-4.303632292283206873e+00
3.600000000000000000e+01,7.459520982264953091e+03,0.000000000000000000e+00,7.459520982264953091e+03,3.702506716984147062e+01,3.319203307111111371e+03,2.642852629824462696e+01,-4.407021106504693364e+00
3.700000000000000000e+01,7.455755529577052585e+03,0.000000000000000000e+00,7.455755529577052585e+03,3.660828213898641081e+01,3.319203307111111371e+03,2.643087617493626951e+01,-4.509246570086711259e+00
3.800000000000000000e+01,7.452074843731979854e+03,0.000000000000000000e+00,7.452074843731979854e+03,3.619605125574584292e+01,3.319203307111111371e+03,2.643287607730439959e+01,-4.610321298605973617e+00
3.900000000000000000e+01,7.448476907373888935e+03,0.000000000000000000e+00,7.448476907373888935e+03,3.578835231216994828e+01,3.319203307111111371e+03,2.643459464702054262e+01,-4.710257865972177882e+00
4.000000000000000000e+01,7.444959790286749012e+03,0.000000000000000000e+00,7.444959790286749012e+03,3.538515752134455283e+01,3.319203307111111371e+03,2.643608681268122140e+01,-4.809068784779318761e+00
4.100000000000000000e+01,7.441521632356579175e+03,0.000000000000000000e+00,7.441521632356579175e+03,3.498643474618219074e+01,3.319203307111111371e+03,2.643739653225088304e+01,-4.906766490902282563e+00
4.200000000000000000e+01,7.438160632345838167e+03,0.000000000000000000e+00,7.438160632345838167e+03,3.459214848117714070e+01,3.319203307111111371e+03,2.643855898701818674e+01,-5.003363331486104570e+00
4.300000000000000000e+01,7.434875040394841562e+03,0.000000000000000000e+00,7.434875040394841562e+03,3.420226063655478299e+01,3.319203307111111371e+03,2.643960233676294536e+01,-5.098871555645835940e+00
4.400000000000000000e+01,7.431663152915488354e+03,0.000000000000000000e+00,7.431663152915488354e+03,3.381673116434018311e+01,3.319203307111111371e+03,2.644054912389157863e+01,-5.193303307331427199e+00
4.500000000000000000e+01,7.428523309022977628e+03,0.000000000000000000e+00,7.428523309022977628e+03,3.343551855798457950e+01,3.319203307111111371e+03,2.644141739674735447e+01,-5.286670619921179259e+00
4.600000000000000000e+01,7.425453887958559790e+03,0.000000000000000000e+00,7.425453887958559790e+03,3.305858025084889817e+01,3.319203307111111371e+03,2.644222160826042867e+01,-5.378985412194647431e+00
4.700000000000000000e+01,7.422453307153144124e+03,0.000000000000000000e+00,7.422453307153144124e+03,3.268587293378507042e+01,3.319203307111111371e+03,2.644297333486971979e+01,-5.470259485405756905e+00
4.800000000000000000e+01,7.419520020707474941e+03,0.000000000000000000e+00,7.419520020707474941e+03,3.231735280801152044e+01,3.319203307111111371e+03,2.644368185166220897e+01,-5.560504521232748409e+00
4.900000000000000000e+01,7.416652518145207978e+03,0.000000000000000000e+00,7.416652518145207978e+03,3.195297578623597090e+01,3.319203307111111371e+03,2.644435459248618514e+01,-5.649732080426309366e+00
5.000000000000000000e+01,7.413849323346811616e+03,0.000000000000000000e+00,7.413849323346811616e+03,3.159269765239121952e+01,3.319203307111111371e+03,2.644499751804361054e+01,-5.737953602013003085e+00
5.100000000000000000e+01,7.411108993605174874e+03,0.000000000000000000e+00,7.411108993605174874e+03,3.123647418827258804e+01,3.319203307111111371e+03,2.644561541036575392e+01,-5.825180402939723834e+00
5.200000000000000000e+01,7.408430118765007137e+03,0.000000000000000000e+00,7.408430118765007137e+03,3.088426127370943419e+01,3.319203307111111371e+03,2.644621210839543934e+01,-5.911423678067793119e+00
5.300000000000000000e+01,7.405811320421608798e+03,0.000000000000000000e+00,7.405811320421608798e+03,3.053601496557853423e+01,3.319203307111111371e+03,2.644679069645456693e+01,-5.996694500443633835e+00
5.400000000000000000e+01,7.403251251163246707e+03,0.000000000000000000e+00,7.403251251163246707e+03,3.019169155990264031e+01,3.319203307111111371e+03,2.644735365501980340e+01,-6.081003821787589025e+00
5.500000000000000000e+01,7.400748593846936274e+03,0.000000000000000000e+00,7.400748593846936274e+03,2.985124764042959811e+01,3.319203307111111371e+03,2.644790298134481787e+01,-6.164362473154204380e+00
5.600000000000000000e+01,7.398302060900968172e+03,0.000000000000000000e+00,7.398302060900968172e+03,2.951464011640855034e+01,3.319203307111111371e+03,2.644844028595973029e+01,-6.246781165726629226e+00
5.700000000000000000e+01,7.395910393649782236e+03,0.000000000000000000e+00,7.395910393649782236e+03,2.918182625173562528e+01,3.319203307111111371e+03,2.644896686987230083e+01,-6.328270491715317192e+00
5.800000000000000000e+01,7.393572361658320915e+03,0.000000000000000000e+00,7.393572361658320915e+03,2.885276368720823115e+01,3.319203307111111371e+03,2.644948378633050012e+01,-6.408840925337202954e+00
5.900000000000000000e+01,7.391286762093800462e+03,0.000000000000000000e+00,7.391286762093800462e+03,2.852741045727811908e+01,3.319203307111111371e+03,2.644999189023417330e+01,-6.488502823856316049e+00
6.000000000000000000e+01,7.389052419103573811e+03,0.000000000000000000e+00,7.389052419103573811e+03,2.820572500241299352e+01,3.319203307111111371e+03,2.645049187766594301e+01,-6.567266428670655465e+00
6.100000000000000000e+01,7.386868183208076516e+03,0.000000000000000000e+00,7.386868183208076516e+03,2.788766617796085256e+01,3.319203307111111371e+03,2.645098431751749857e+01,-6.645141866433188049e+00
6.200000000000000000e+01,7.384732930708104504e+03,0.000000000000000000e+00,7.384732930708104504e+03,2.757319326022506800e+01,3.319203307111111371e+03,2.645146967679217909e+01,-6.722139150197327773e+00
6.300000000000000000e+01,7.382645563105849760e+03,0.000000000000000000e+00,7.382645563105849760e+03,2.726226595031918620e+01,3.319203307111111371e+03,2.645194834084857050e+01,-6.798268180579182918e+00
6.400000000000000000e+01,7.380605006539195529e+03,0.000000000000000000e+00,7.380605006539195529e+03,2.695484437625947649e+01,3.319203307111111371e+03,2.645242062959687956e+01,-6.873538746930448973e+00
6.500000000000000000e+01,7.378610211228924527e+03,0.000000000000000000e+00,7.378610211228924527e+03,2.665088909365628922e+01,3.319203307111111371e+03,2.645288681045754586e+01,-6.947960528517080014e+00
6.600000000000000000e+01,7.376660150938412698e+03,0.000000000000000000e+00,7.376660150938412698e+03,2.635036108529670429e+01,3.319203307111111371e+03,2.645334710872960571e+01,-7.021543095699864345e+00
6.700000000000000000e+01,7.374753822445522928e+03,0.000000000000000000e+00,7.374753822445522928e+03,2.605322175985220667e+01,3.319203307111111371e+03,2.645380171588682927e+01,-7.094295911113853492e+00
6.800000000000000000e+01,7.372890245026406774e+03,0.000000000000000000e+00,7.372890245026406774e+03,2.575943294989308185e+01,3.319203307111111371e+03,2.645425079621610109e+01,-7.166228330844218952e+00
6.900000000000000000e+01,7.371068459950900433e+03,0.000000000000000000e+00,7.371068459950900433e+03,2.546895690936563739e+01,3.319203307111111371e+03,2.645469449212953350e+01,-7.237349605596628876e+00
7.000000000000000000e+01,7.369287529989261202e+03,0.000000000000000000e+00,7.369287529989261202e+03,2.518175631064270092e+01,3.319203307111111371e+03,2.645513292841557274e+01,-7.307668881860658772e+00
7.100000000000000000e+01,7.367546538929986127e+03,0.000000000000000000e+00,7.367546538929986127e+03,2.489779424125076801e+01,3.319203307111111371e+03,2.645556621564128363e+01,-7.377195203065057605e+00
7.200000000000000000e+01,7.365844591108421810e+03,0.000000000000000000e+00,7.365844591108421810e+03,2.461703420034093881e+01,3.319203307111111371e+03,2.645599445287556506e+01,-7.445937510723981134e+00
7.300000000000000000e+01,7.364180810946008933e+03,0.000000000000000000e+00,7.364180810946008933e+03,2.433944009497166761e+01,3.319203307111111371e+03,2.645641772986907014e+01,-7.513904645573476593e+00
7.400000000000000000e+01,7.362554342499793165e+03,0.000000000000000000e+00,7.362554342499793165e+03,2.406497623624909465e+01,3.319203307111111371e+03,2.645683612879950886e+01,-7.581105348697708024e+00
7.500000000000000000e+01,7.360964349022097849e+03,0.000000000000000000e+00,7.360964349022097849e+03,2.379360733535955674e+01,3.319203307111111371e+03,2.645724972566921451e+01,-7.647548262644522588e+00
7.600000000000000000e+01,7.359410012530047425e+03,0.000000000000000000e+00,7.359410012530047425e+03,2.352529849953430130e+01,3.319203307111111371e+03,2.645765859142452925e+01,-7.713241932530065625e+00
7.700000000000000000e+01,7.357890533384742412e+03,0.000000000000000000e+00,7.357890533384742412e+03,2.326001522795806409e+01,3.319203307111111371e+03,2.645806279285259066e+01,-7.778194807132251754e+00
7.800000000000000000e+01,7.356405129879884953e+03,0.000000000000000000e+00,7.356405129879884953e+03,2.299772340765531453e+01,3.319203307111111371e+03,2.645846239330008842e+01,-7.842415239972940988e+00
7.900000000000000000e+01,7.354953037839620265e+03,0.000000000000000000e+00,7.354953037839620265e+03,2.273838930935694691e+01,3.319203307111111371e+03,2.645885745324950733e+01,-7.905911490388755070e+00
8.000000000000000000e+01,7.353533510225402097e+03,0.000000000000000000e+00,7.353533510225402097e+03,2.248197958336715629e+01,3.319203307111111371e+03,2.645924803078140997e+01,-7.968691724590484249e+00
8.100000000000000000e+01,7.352145816751672101e+03,0.000000000000000000e+00,7.352145816751672101e+03,2.222846125543913587e+01,3.319203307111111371e+03,2.645963418194550343e+01,-8.030764016711081865e+00
8.200000000000000000e+01,7.350789243510159395e+03,0.000000000000000000e+00,7.350789243510159395e+03,2.197780172266407916e+01,3.319203307111111371e+03,2.646001596105871201e+01,-8.092136349842272480e+00
8.300000000000000000e+01,7.349463092602612051e+03,0.000000000000000000e+00,7.349463092602612051e+03,2.172996874938453971e+01,3.319203307111111371e+03,2.646039342094487168e+01,-8.152816617059803761e+00
8.400000000000000000e+01,7.348166681781751322e+03,0.000000000000000000e+00,7.348166681781751322e+03,2.148493046313096144e+01,3.319203307111111371e+03,2.646076661312768152e+01,-8.212812622437425603e+00
8.500000000000000000e+01,7.346899344100282178e+03,0.000000000000000000e+00,7.346899344100282178e+03,2.124265535058994558e+01,3.319203307111111371e+03,2.646113558798625576e+01,-8.272132082049640900e+00
8.600000000000000000e+01,7.345660427567788247e+03,0.000000000000000000e+00,7.345660427567788247e+03,2.100311225360642453e+01,3.319203307111111371e+03,2.646150039488075478e+01,-8.330782624963331884e+00
8.700000000000000000e+01,7.344449294815299254e+03,0.000000000000000000e+00,7.344449294815299254e+03,2.076627036521666980e+01,3.319203307111111371e+03,2.646186108225403188e+01,-8.388771794218342848e+00
8.800000000000000000e+01,7.343265322767406360e+03,0.000000000000000000e+00,7.343265322767406360e+03,2.053209922572346713e+01,3.319203307111111371e+03,2.646221769771413079e+01,-8.446107047797111633e+00
8.900000000000000000e+01,7.342107902321696201e+03,0.000000000000000000e+00,7.342107902321696201e+03,2.030056871880414349e+01,3.319203307111111371e+03,2.646257028810140000e+01,-8.502795759583467117e+00
9.000000000000000000e+01,7.340976438035418141e+03,0.000000000000000000e+00,7.340976438035418141e+03,2.007164906766030654e+01,3.319203307111111371e+03,2.646291889954331822e+01,-8.558845220310677959e+00
9.100000000000000000e+01,7.339870347819138260e+03,0.000000000000000000e+00,7.339870347819138260e+03,1.984531083120504746e+01,3.319203307111111371e+03,2.646326357749947533e+01,-8.614262638498873415e+00
9.200000000000000000e+01,7.338789062637280040e+03,0.000000000000000000e+00,7.338789062637280040e+03,1.962152490029134455e+01,3.319203307111111371e+03,2.646360436679863426e+01,-8.669055141381937446e+00
9.300000000000000000e+01,7.337732026215392580e+03,0.000000000000000000e+00,7.337732026215392580e+03,1.940026249397948988e+01,3.319203307111111371e+03,2.646394131166950459e+01,-8.723229775823984511e+00
9.400000000000000000e+01,7.336698694753951713e+03,0.000000000000000000e+00,7.336698694753951713e+03,1.918149515584395104e+01,3.319203307111111371e+03,2.646427445576640380e+01,-8.776793509225534251e+00
9.500000000000000000e+01,7.335688536648625814e+03,0.000000000000000000e+00,7.335688536648625814e+03,1.896519475032167890e+01,3.319203307111111371e+03,2.646460384219086848e+01,-8.829753230419491672e+00
9.600000000000000000e+01,7.334701032216757994e+03,0.000000000000000000e+00,7.334701032216757994e+03,1.875133345909824811e+01,3.319203307111111371e+03,2.646492951350998624e+01,-8.882115750557039391e+00
9.700000000000000000e+01,7.333735673430031966e+03,0.000000000000000000e+00,7.333735673430031966e+03,1.853988377753643491e+01,3.319203307111111371e+03,2.646525151177211299e+01,-8.933887803983553866e+00
9.800000000000000000e+01,7.332791963653111452e+03,0.000000000000000000e+00,7.332791963653111452e+03,1.833081851114015137e+01,3.319203307111111371e+03,2.646556987852045850e+01,-8.985076049104662843e+00
9.900000000000000000e+01,7.331869417388133115e+03,0.000000000000000000e+00,7.331869417388133115e+03,1.812411077206262178e+01,3.319203307111111371e+03,2.646588465480498442e+01,-9.035687069242541725e+00
1.000000000000000000e+02,7.330967560024949307e+03,0.000000000000000000e+00,7.330967560024949307e+03,1.791973397564845882e+01,3.319203307111111371e+03,2.646619588119292743e+01,-9.085727373482558988e+00
1.010000000000000000e+02,7.330085927596956935e+03,0.000000000000000000e+00,7.330085927596956935e+03,1.771766183701760866e+01,3.319203307111111371e+03,2.646650359777819617e+01,-9.135203397510389678e+00
1.020000000000000000e+02,7.329224066542403307e+03,0.000000000000000000e+00,7.329224066542403307e+03,1.751786836768595634e+01,3.319203307111111371e+03,2.646680784418989774e+01,-9.184121504439682226e+00
1.030000000000000000e+02,7.328381533471061630e+03,0.000000000000000000e+00,7.328381533471061630e+03,1.732032787222521364e+01,3.319203307111111371e+03,2.646710865960010040e+01,-9.232487985630406513e+00
1.040000000000000000e+02,7.327557894936102457e+03,0.000000000000000000e+00,7.327557894936102457e+03,1.712501494495684540e+01,3.319203307111111371e+03,2.646740608273103490e+01,-9.280309061497973744e+00
1.050000000000000000e+02,7.326752727211131059e+03,0.000000000000000000e+00,7.326752727211131059e+03,1.693190446668799964e+01,3.319203307111111371e+03,2.646770015186177361e+01,-9.327590882313227638e+00
1.060000000000000000e+02,7.325965616072176999e+03,0.000000000000000000e+00,7.325965616072176999e+03,1.674097160147980290e+01,3.319203307111111371e+03,2.646799090483454364e+01,-9.374339528993427706e+00
1.070000000000000000e+02,7.325196156584610435e+03,0.000000000000000000e+00,7.325196156584610435e+03,1.655219179345506930e+01,3.319203307111111371e+03,2.646827837906067771e+01,-9.420561013884308110e+00
1.080000000000000000e+02,7.324443952894800532e+03,0.000000000000000000e+00,7.324443952894800532e+03,1.636554076363922050e+01,3.319203307111111371e+03,2.646856261152631973e+01,-9.466261281533320471e+00
1.090000000000000000e+02,7.323708618026490512e+03,0.000000000000000000e+00,7.323708618026490512e+03,1.618099450683857299e+01,3.319203307111111371e+03,2.646884363879787472e+01,-9.511446209454156531e+00
1.100000000000000000e+02,7.322989773681695624e+03,0.000000000000000000e+00,7.322989773681695624e+03,1.599852928855359480e+01,3.319203307111111371e+03,2.646912149702727390e+01,-9.556121608882655494e+00
1.110000000000000000e+02,7.322287050046093100e+03,0.000000000000000000e+00,7.322287050046093100e+03,1.581812164192692904e+01,3.319203307111111371e+03,2.646939622195708353e+01,-9.600293225524177743e+00
1.120000000000000000e+02,7.321600085598770420e+03,0.000000000000000000e+00,7.321600085598770420e+03,1.563974836472422147e+01,3.319203307111111371e+03,2.646966784892545022e+01,-9.643966740292569284e+00
1.130000000000000000e+02,7.320928526926232735e+03,0.000000000000000000e+00,7.320928526926232735e+03,1.546338651635118389e+01,3.319203307111111371e+03,2.646993641287094334e+01,-9.687147770040770212e+00
1.140000000000000000e+02,7.320272028540589417e+03,0.000000000000000000e+00,7.320272028540589417e+03,1.528901341490305832e+01,3.319203307111111371e+03,2.647020194833726947e+01,-9.729841868283203965e+00
1.150000000000000000e+02,7.319630252701821519e+03,0.000000000000000000e+00,7.319630252701821519e+03,1.511660663424815709e+01,3.319203307111111371e+03,2.647046448947791220e+01,-9.772054525910013112e+00
1.160000000000000000e+02,7.319002869244013709e+03,0.000000000000000000e+00,7.319002869244013709e+03,1.494614400114185493e+01,3.319203307111111371e+03,2.647072407006065831e+01,-9.813791171893244680e+00
1.170000000000000000e+02,7.318389555405522515e+03,0.000000000000000000e+00,7.318389555405522515e+03,1.477760359237769627e+01,3.319203307111111371e+03,2.647098072347206710e+01,-9.855057173985061425e+00
1.180000000000000000e+02,7.317789995662898946e+03,0.000000000000000000e+00,7.317789995662898946e+03,1.461096373196585851e+01,3.319203307111111371e+03,2.647123448272185797e+01,-9.895857839408096268e+00
1.190000000000000000e+02,7.317203881568593715e+03,0.000000000000000000e+00,7.317203881568593715e+03,1.444620298834494321e+01,3.319203307111111371e+03,2.647148538044723054e+01,-9.936198415538012085e+00
1.200000000000000000e+02,7.316630911592254051e+03,0.000000000000000000e+00,7.316630911592254051e+03,1.428330017162853061e+01,3.319203307111111371e+03,2.647173344891712077e+01,-9.976084090578364538e+00
1.210000000000000000e+02,7.316070790965614833e+03,0.000000000000000000e+00,7.316070790965614833e+03,1.412223433087732261e+01,3.319203307111111371e+03,2.647197872003640029e+01,-1.001551999422785677e+01
1.220000000000000000e+02,7.315523231530838530e+03,0.000000000000000000e+00,7.315523231530838530e+03,1.396298475140533668e+01,3.319203307111111371e+03,2.647222122535001887e+01,-1.005451119834007301e+01
1.230000000000000000e+02,7.314987951592279387e+03,0.000000000000000000e+00,7.314987951592279387e+03,1.380553095211650216e+01,3.319203307111111371e+03,2.647246099604709002e+01,-1.009306271757576923e+01
1.240000000000000000e+02,7.314464675771567272e+03,0.000000000000000000e+00,7.314464675771567272e+03,1.364985268286963738e+01,3.319203307111111371e+03,2.647269806296493400e+01,-1.013117951004780437e+01
1.250000000000000000e+02,7.313953134865922038e+03,0.000000000000000000e+00,7.313953134865922038e+03,1.349592992187445262e+01,3.319203307111111371e+03,2.647293245659305327e+01,-1.016886647795880805e+01
1.260000000000000000e+02,7.313453065709675684e+03,0.000000000000000000e+00,7.313453065709675684e+03,1.334374287311744744e+01,3.319203307111111371e+03,2.647316420707707962e+01,-1.020612846823165221e+01
1.270000000000000000e+02,7.312964211038878602e+03,0.000000000000000000e+00,7.312964211038878602e+03,1.319327196381411227e+01,3.319203307111111371e+03,2.647339334422265722e+01,-1.024297027313281383e+01
1.280000000000000000e+02,7.312486319358944456e+03,0.000000000000000000e+00,7.312486319358944456e+03,1.304449784189309725e+01,3.319203307111111371e+03,2.647361989749929023e+01,-1.027939663088870503e+01
1.290000000000000000e+02,7.312019144815280924e+03,0.000000000000000000e+00,7.312019144815280924e+03,1.289740137350757543e+01,3.319203307111111371e+03,2.647384389604413357e+01,-1.031541222629506116e+01
1.300000000000000000e+02,7.311562447066787172e+03,0.000000000000000000e+00,7.311562447066787172e+03,1.275196364057283915e+01,3.319203307111111371e+03,2.647406536866575877e+01,-1.035102169131945082e+01
1.310000000000000000e+02,7.311115991162228056e+03,0.000000000000000000e+00,7.311115991162228056e+03,1.260816593833475707e+01,3.319203307111111371e+03,2.647428434384785234e+01,-1.038622960569699494e+01
1.320000000000000000e+02,7.310679547419351366e+03,0.000000000000000000e+00,7.310679547419351366e+03,1.246598977296361710e+01,3.319203307111111371e+03,2.647450084975288931e+01,-1.042104049751936401e+01
1.330000000000000000e+02,7.310252891306732636e+03,0.000000000000000000e+00,7.310252891306732636e+03,1.232541685917516538e+01,3.319203307111111371e+03,2.647471491422575696e+01,-1.045545884381713719e+01
1.340000000000000000e+02,7.309835803328252041e+03,0.000000000000000000e+00,7.309835803328252041e+03,1.218642911788024286e+01,3.319203307111111371e+03,2.647492656479734308e+01,-1.048948907113559237e+01
1.350000000000000000e+02,7.309428068910186994e+03,0.000000000000000000e+00,7.309428068910186994e+03,1.204900867385791052e+01,3.319203307111111371e+03,2.647513582868807447e+01,-1.052313555610400897e+01
1.360000000000000000e+02,7.309029478290818588e+03,0.000000000000000000e+00,7.309029478290818588e+03,1.191313785345824350e+01,3.319203307111111371e+03,2.647534273281141282e+01,-1.055640262599854218e+01
1.370000000000000000e+02,7.308639826412510956e+03,0.000000000000000000e+00,7.308639826412510956e+03,1.177879918232788548e+01,3.319203307111111371e+03,2.647554730377733279e+01,-1.058929455929875374e+01
1.380000000000000000e+02,7.308258912816228076e+03,0.000000000000000000e+00,7.308258912816228076e+03,1.164597538316336411e+01,3.319203307111111371e+03,2.647574956789573619e+01,-1.062181558623786870e+01
1.390000000000000000e+02,7.307886541538401616e+03,0.000000000000000000e+00,7.307886541538401616e+03,1.151464937348919726e+01,3.319203307111111371e+03,2.647594955117983062e+01,-1.065396988934682732e+01
1.400000000000000000e+02,7.307522521010116179e+03,0.000000000000000000e+00,7.307522521010116179e+03,1.138480426346081131e+01,3.319203307111111371e+03,2.647614727934949030e+01,-1.068576160399219965e+01
1.410000000000000000e+02,7.307166663958553727e+03,0.000000000000000000e+00,7.307166663958553727e+03,1.125642335369143510e+01,3.319203307111111371e+03,2.647634277783455659e+01,-1.071719481890803394e+01
1.420000000000000000e+02,7.306818787310653533e+03,0.000000000000000000e+00,7.306818787310653533e+03,1.112949013310602275e+01,3.319203307111111371e+03,2.647653607177810287e+01,-1.074827357672170969e+01
1.430000000000000000e+02,7.306478712098929464e+03,0.000000000000000000e+00,7.306478712098929464e+03,1.100398827681663505e+01,3.319203307111111371e+03,2.647672718603968178e+01,-1.077900187447385960e+01
1.440000000000000000e+02,7.306146263369393637e+03,0.000000000000000000e+00,7.306146263369393637e+03,1.087990164402267190e+01,3.319203307111111371e+03,2.647691614519851200e+01,-1.080938366413243301e+01
1.450000000000000000e+02,7.305821270091556471e+03,0.000000000000000000e+00,7.305821270091556471e+03,1.075721427593654944e+01,3.319203307111111371e+03,2.647710297355664366e+01,-1.083942285310095244e+01
1.460000000000000000e+02,7.305503565070430341e+03,0.000000000000000000e+00,7.305503565070430341e+03,1.063591039372942326e+01,3.319203307111111371e+03,2.647728769514208125e+01,-1.086912330472104848e+01
1.470000000000000000e+02,7.305192984860527758e+03,0.000000000000000000e+00,7.305192984860527758e+03,1.051597439650245569e+01,3.319203307111111371e+03,2.647747033371188508e+01,-1.089848883876932817e+01
1.480000000000000000e+02,7.304889369681763128e+03,0.000000000000000000e+00,7.304889369681763128e+03,1.039739085928080264e+01,3.319203307111111371e+03,2.647765091275520888e+01,-1.092752323194862640e+01
1.490000000000000000e+02,7.304592563337258980e+03,0.000000000000000000e+00,7.304592563337258980e+03,1.028014453103040715e+01,3.319203307111111371e+03,2.647782945549633737e+01,-1.095623021837373656e+01
1.500000000000000000e+02,7.304302413132991205e+03,0.000000000000000000e+00,7.304302413132991205e+03,1.016422033269437009e+01,3.319203307111111371e+03,2.647800598489765989e+01,-1.098461349005165388e+01
1.510000000000000000e+02,7.304018769799230540e+03,0.000000000000000000e+00,7.304018769799230540e+03,1.004960335525579040e+01,3.319203307111111371e+03,2.647818052366263686e+01,-1.101267669735640098e+01
1.520000000000000000e+02,7.303741487413748473e+03,0.000000000000000000e+00,7.303741487413748473e+03,9.936278857819456078e+00,3.319203307111111371e+03,2.647835309423870598e+01,-1.104042344949850651e+01
1.530000000000000000e+02,7.303470423326750279e+03,0.000000000000000000e+00,7.303470423326750279e+03,9.824232265715393098e+00,3.319203307111111371e+03,2.647852371882017763e+01,-1.106785731498918501e+01
1.540000000000000000e+02,7.303205438087491530e+03,0.000000000000000000e+00,7.303205438087491530e+03,9.713449168626688390e+00,3.319203307111111371e+03,2.647869241935108775e+01,-1.109498182209928174e+01
1.550000000000000000e+02,7.302946395372524421e+03,0.000000000000000000e+00,7.302946395372524421e+03,9.603915318732530793e+00,3.319203307111111371e+03,2.647885921752802219e+01,-1.112180045931304662e+01
1.560000000000000000e+02,7.302693161915582095e+03,0.000000000000000000e+00,7.302693161915582095e+03,9.495616628879497867e+00,3.319203307111111371e+03,2.647902413480290207e+01,-1.114831667577678331e+01
1.570000000000000000e+02,7.302445607439000014e+03,0.000000000000000000e+00,7.302445607439000014e+03,9.388539170767232989e+00,3.319203307111111371e+03,2.647918719238575136e+01,-1.117453388174244822e+01
1.580000000000000000e+02,7.302203604586712572e+03,0.000000000000000000e+00,7.302203604586712572e+03,9.282669173158694775e+00,3.319203307111111371e+03,2.647934841124740757e+01,-1.120045544900624357e+01
1.590000000000000000e+02,7.301967028858713093e+03,0.000000000000000000e+00,7.301967028858713093e+03,9.177993020107464872e+00,3.319203307111111371e+03,2.647950781212224314e+01,-1.122608471134226349e+01
1.600000000000000000e+02,7.301735758547029945e+03,0.000000000000000000e+00,7.301735758547029945e+03,9.074497249208768324e+00,3.319203307111111371e+03,2.647966541551080866e+01,-1.125142496493124966e+01
1.610000000000000000e+02,7.301509674673084191e+03,0.000000000000000000e+00,7.301509674673084191e+03,8.972168549865902065e+00,3.319203307111111371e+03,2.647982124168248674e+01,-1.127647946878451179e+01
1.620000000000000000e+02,7.301288660926506964e+03,0.000000000000000000e+00,7.301288660926506964e+03,8.870993761579784476e+00,3.319203307111111371e+03,2.647997531067808552e+01,-1.130125144516307500e+01
1.630000000000000000e+02,7.301072603605283803e+03,0.000000000000000000e+00,7.301072603605283803e+03,8.770959872255406964e+00,3.319203307111111371e+03,2.648012764231243210e+01,-1.132574407999208965e+01
1.640000000000000000e+02,7.300861391557269599e+03,0.000000000000000000e+00,7.300861391557269599e+03,8.672054016529674669e+00,3.319203307111111371e+03,2.648027825617690212e+01,-1.134996052327057470e+01
1.650000000000000000e+02,7.300654916122998657e+03,0.000000000000000000e+00,7.300654916122998657e+03,8.574263474114461658e+00,3.319203307111111371e+03,2.648042717164195281e+01,-1.137390388947654252e+01
1.660000000000000000e+02,7.300453071079793517e+03,0.000000000000000000e+00,7.300453071079793517e+03,8.477575668164172740e+00,3.319203307111111371e+03,2.648057440785960992e+01,-1.139757725796754251e+01
1.670000000000000000e+02,7.300255752587109782e+03,0.000000000000000000e+00,7.300255752587109782e+03,8.381978163654324021e+00,3.319203307111111371e+03,2.648071998376592973e+01,-1.142098367337671228e+01
1.680000000000000000e+02,7.300062859133117854e+03,0.000000000000000000e+00,7.300062859133117854e+03,8.287458665785674583e+00,3.319203307111111371e+03,2.648086391808343976e+01,-1.144412614600433464e+01
1.690000000000000000e+02,7.299874291482477929e+03,0.000000000000000000e+00,7.299874291482477929e+03,8.194005018400329021e+00,3.319203307111111371e+03,2.648100622932354042e+01,-1.146700765220499996e+01
1.700000000000000000e+02,7.299689952625292790e+03,0.000000000000000000e+00,7.299689952625292790e+03,8.101605202419866814e+00,3.319203307111111371e+03,2.648114693578888534e+01,-1.148963113477039144e+01
1.710000000000000000e+02,7.299509747727192916e+03,0.000000000000000000e+00,7.299509747727192916e+03,8.010247334299425148e+00,3.319203307111111371e+03,2.648128605557574033e+01,-1.151199950330776112e+01
1.720000000000000000e+02,7.299333584080549372e+03,0.000000000000000000e+00,7.299333584080549372e+03,7.919919664498674905e+00,3.319203307111111371e+03,2.648142360657630690e+01,-1.153411563461413181e+01
1.730000000000000000e+02,7.299161371056791722e+03,0.000000000000000000e+00,7.299161371056791722e+03,7.830610575971569176e+00,3.319203307111111371e+03,2.648155960648102791e+01,-1.155598237304628206e+01
1.740000000000000000e+02,7.298993020059764604e+03,0.000000000000000000e+00,7.298993020059764604e+03,7.742308582671780570e+00,3.319203307111111371e+03,2.648169407278086140e+01,-1.157760253088656199e+01
1.750000000000000000e+02,7.298828444480161124e+03,0.000000000000000000e+00,7.298828444480161124e+03,7.655002328074803408e+00,3.319203307111111371e+03,2.648182702276951872e+01,-1.159897888870457905e+01
1.760000000000000000e+02,7.298667559650968542e+03,0.000000000000000000e+00,7.298667559650968542e+03,7.568680583719801902e+00,3.319203307111111371e+03,2.648195847354570986e+01,-1.162011419571480531e+01
1.770000000000000000e+02,7.298510282803897098e+03,0.000000000000000000e+00,7.298510282803897098e+03,7.483332247761946832e+00,3.319203307111111371e+03,2.648208844201532486e+01,-1.164101117013015951e+01
1.780000000000000000e+02,7.298356533026812940e+03,0.000000000000000000e+00,7.298356533026812940e+03,7.398946343547845750e+00,3.319203307111111371e+03,2.648221694489361155e+01,-1.166167249951159057e+01
1.790000000000000000e+02,7.298206231222109636e+03,0.000000000000000000e+00,7.298206231222109636e+03,7.315512018201790312e+00,3.319203307111111371e+03,2.648234399870733569e+01,-1.168210084111372993e+01
1.800000000000000000e+02,7.298059300066004653e+03,0.000000000000000000e+00,7.298059300066004653e+03,7.233018541231182041e+00,3.319203307111111371e+03,2.648246961979689473e+01,-1.170229882222663420e+01
1.810000000000000000e+02,7.297915663968776244e+03,0.000000000000000000e+00,7.297915663968776244e+03,7.151455303144931719e+00,3.319203307111111371e+03,2.648259382431842113e+01,-1.172226904051369090e+01
1.820000000000000000e+02,7.297775249035865272e+03,0.000000000000000000e+00,7.297775249035865272e+03,7.070811814091878311e+00,3.319203307111111371e+03,2.648271662824586770e+01,-1.174201406434569428e+01
1.830000000000000000e+02,7.297637983029861061e+03,0.000000000000000000e+00,7.297637983029861061e+03,6.991077702508311731e+00,3.319203307111111371e+03,2.648283804737305047e+01,-1.176153643313117314e+01
1.840000000000000000e+02,7.297503795333343987e+03,0.000000000000000000e+00,7.297503795333343987e+03,6.912242713786040049e+00,3.319203307111111371e+03,2.648295809731569150e+01,-1.178083865764297578e+01
1.850000000000000000e+02,7.297372616912544800e+03,0.000000000000000000e+00,7.297372616912544800e+03,6.834296708952778410e+00,3.319203307111111371e+03,2.648307679351341903e+01,-1.179992322034118324e+01
1.860000000000000000e+02,7.297244380281840677e+03,0.000000000000000000e+00,7.297244380281840677e+03,6.757229663369652251e+00,3.319203307111111371e+03,2.648319415123176057e+01,-1.181879257569238284e+01
1.870000000000000000e+02,7.297119019469035266e+03,0.000000000000000000e+00,7.297119019469035266e+03,6.681031665439221001e+00,3.319203307111111371e+03,2.648331018556409333e+01,-1.183744915048533208e+01
1.880000000000000000e+02,7.296996469981409973e+03,0.000000000000000000e+00,7.296996469981409973e+03,6.605692915333539972e+00,3.319203307111111371e+03,2.648342491143360178e+01,-1.185589534414306989e+01
1.890000000000000000e+02,7.296876668772553785e+03,0.000000000000000000e+00,7.296876668772553785e+03,6.531203723732010857e+00,3.319203307111111371e+03,2.648353834359518544e+01,-1.187413352903150887e+01
1.900000000000000000e+02,7.296759554209928865e+03,0.000000000000000000e+00,7.296759554209928865e+03,6.457554510575678641e+00,3.319203307111111371e+03,2.648365049663735959e+01,-1.189216605076454059e+01
1.910000000000000000e+02,7.296645066043156476e+03,0.000000000000000000e+00,7.296645066043156476e+03,6.384735803835769552e+00,3.319203307111111371e+03,2.648376138498413468e+01,-1.190999522850570713e+01
1.920000000000000000e+02,7.296533145373026855e+03,0.000000000000000000e+00,7.296533145373026855e+03,6.312738238294318016e+00,3.319203307111111371e+03,2.648387102289686368e+01,-1.192762335526647277e+01
1.930000000000000000e+02,7.296423734621197582e+03,0.000000000000000000e+00,7.296423734621197582e+03,6.241552554341097903e+00,3.319203307111111371e+03,2.648397942447608600e+01,-1.194505269820112225e+01
1.940000000000000000e+02,7.296316777500570424e+03,0.000000000000000000e+00,7.296316777500570424e+03,6.171169596781426847e+00,3.319203307111111371e+03,2.648408660366333578e+01,-1.196228549889834269e+01
1.950000000000000000e+02,7.296212218986330299e+03,0.000000000000000000e+00,7.296212218986330299e+03,6.101580313659949795e+00,3.319203307111111371e+03,2.648419257424292894e+01,-1.197932397366951385e+01
1.960000000000000000e+02,7.296110005287648164e+03,0.000000000000000000e+00,7.296110005287648164e+03,6.032775755094559322e+00,3.319203307111111371e+03,2.648429734984375017e+01,-1.199617031383374943e+01
1.970000000000000000e+02,7.296010083819993270e+03,0.000000000000000000e+00,7.296010083819993270e+03,5.964747072128317562e+00,3.319203307111111371e+03,2.648440094394099731e+01,-1.201282668599971970e+01
1.980000000000000000e+02,7.295912403178092973e+03,0.000000000000000000e+00,7.295912403178092973e+03,5.897485515588064331e+00,3.319203307111111371e+03,2.648450336985790798e+01,-1.202929523234430143e+01
1.990000000000000000e+02,7.295816913109483721e+03,0.000000000000000000e+00,7.295816913109483721e+03,5.830982434962163730e+00,3.319203307111111371e+03,2.648460464076748977e+01,-1.204557807088808374e+01
2.000000000000000000e+02,7.295723564488655938e+03,0.000000000000000000e+00,7.295723564488655938e+03,5.765229277286085363e+00,3.319203307111111371e+03,2.648470476969419352e+01,-1.206167729576776537e+01
2.010000000000000000e+02,7.295632309291782803e+03,0.000000000000000000e+00,7.295632309291782803e+03,5.700217586042161777e+00,3.319203307111111371e+03,2.648480376951560800e+01,-1.207759497750548405e+01
2.020000000000000000e+02,7.295543100572009280e+03,0.000000000000000000e+00,7.295543100572009280e+03,5.635939000073998173e+00,3.319203307111111371e+03,2.648490165296410837e+01,-1.209333316327510133e+01
2.030000000000000000e+02,7.295455892435307760e+03,0.000000000000000000e+00,7.295455892435307760e+03,5.572385252509364229e+00,3.319203307111111371e+03,2.648499843262848685e+01,-1.210889387716549592e+01
2.040000000000000000e+02,7.295370640016871221e+03,0.000000000000000000e+00,7.295370640016871221e+03,5.509548169697280784e+00,3.319203307111111371e+03,2.648509412095557991e+01,-1.212427912044087819e+01
2.050000000000000000e+02,7.295287299458009329e+03,0.000000000000000000e+00,7.295287299458009329e+03,5.447419670157307436e+00,3.319203307111111371e+03,2.648518873025187048e+01,-1.213949087179817354e+01
2.060000000000000000e+02,7.295205827883610255e+03,0.000000000000000000e+00,7.295205827883610255e+03,5.385991763540178390e+00,3.319203307111111371e+03,2.648528227268506541e+01,-1.215453108762150158e+01
2.070000000000000000e+02,7.295126183380079965e+03,0.000000000000000000e+00,7.295126183380079965e+03,5.325256549599544087e+00,3.319203307111111371e+03,2.648537476028566218e+01,-1.216940170223378992e+01
2.080000000000000000e+02,7.295048324973758099e+03,0.000000000000000000e+00,7.295048324973758099e+03,5.265206217176316983e+00,3.319203307111111371e+03,2.648546620494849435e+01,-1.218410462814554585e+01
2.090000000000000000e+02,7.294972212609870439e+03,0.000000000000000000e+00,7.294972212609870439e+03,5.205833043194394882e+00,3.319203307111111371e+03,2.648555661843426279e+01,-1.219864175630082492e+01
2.100000000000000000e+02,7.294897807131891568e+03,0.000000000000000000e+00,7.294897807131891568e+03,5.147129391666924292e+00,3.319203307111111371e+03,2.648564601237105265e+01,-1.221301495632042133e+01
2.110000000000000000e+02,7.294825070261423207e+03,0.000000000000000000e+00,7.294825070261423207e+03,5.089087712713754819e+00,3.319203307111111371e+03,2.648573439825582554e+01,-1.222722607674232798e+01
2.120000000000000000e+02,7.294753964578492742e+03,0.000000000000000000e+00,7.294753964578492742e+03,5.031700541592097231e+00,3.319203307111111371e+03,2.648582178745589033e+01,-1.224127694525946808e+01
2.130000000000000000e+02,7.294684453502299220e+03,0.000000000000000000e+00,7.294684453502299220e+03,4.974960497734914000e+00,3.319203307111111371e+03,2.648590819121037754e+01,-1.225516936895476228e+01
2.140000000000000000e+02,7.294616501272405912e+03,0.000000000000000000e+00,7.294616501272405912e+03,4.918860283801650191e+00,3.319203307111111371e+03,2.648599362063167817e+01,-1.226890513453353293e+01
2.150000000000000000e+02,7.294550072930324859e+03,0.000000000000000000e+00,7.294550072930324859e+03,4.863392684741782546e+00,3.319203307111111371e+03,2.648607808670687547e+01,-1.228248600855329364e+01
2.160000000000000000e+02,7.294485134301547987e+03,0.000000000000000000e+00,7.294485134301547987e+03,4.808550566863809550e+00,3.319203307111111371e+03,2.648616160029915534e+01,-1.229591373765094886e+01
2.170000000000000000e+02,7.294421651977961119e+03,0.000000000000000000e+00,7.294421651977961119e+03,4.754326876920562661e+00,3.319203307111111371e+03,2.648624417214920612e+01,-1.230919004876742484e+01
2.180000000000000000e+02,7.294359593300657252e+03,0.000000000000000000e+00,7.294359593300657252e+03,4.700714641200617550e+00,3.319203307111111371e+03,2.648632581287659704e+01,-1.232231664936977467e+01
2.190000000000000000e+02,7.294298926343126368e+03,0.000000000000000000e+00,7.294298926343126368e+03,4.647706964631291626e+00,3.319203307111111371e+03,2.648640653298114600e+01,-1.233529522767077324e+01
2.200000000000000000e+02,7.294239619894845418e+03,0.000000000000000000e+00,7.294239619894845418e+03,4.595297029892508434e+00,3.319203307111111371e+03,2.648648634284426961e+01,-1.234812745284604141e+01
2.210000000000000000e+02,7.294181643445209374e+03,0.000000000000000000e+00,7.294181643445209374e+03,4.543478096540146893e+00,3.319203307111111371e+03,2.648656525273031903e+01,-1.236081497524871509e+01
2.220000000000000000e+02,7.294124967167846989e+03,0.000000000000000000e+00,7.294124967167846989e+03,4.492243500138362045e+00,3.319203307111111371e+03,2.648664327278789798e+01,-1.237335942662170041e+01
2.230000000000000000e+02,7.294069561905260343e+03,0.000000000000000000e+00,7.294069561905260343e+03,4.441586651403358843e+00,3.319203307111111371e+03,2.648672041305117020e+01,-1.238576242030752894e+01
2.240000000000000000e+02,7.294015399153845465e+03,0.000000000000000000e+00,7.294015399153845465e+03,4.391501035354788307e+00,3.319203307111111371e+03,2.648679668344114901e+01,-1.239802555145585750e+01
2.250000000000000000e+02,7.293962451049201263e+03,0.000000000000000000e+00,7.293962451049201263e+03,4.341980210479253977e+00,3.319203307111111371e+03,2.648687209376697282e+01,-1.241015039722860713e+01
2.260000000000000000e+02,7.293910690351823177e+03,0.000000000000000000e+00,7.293910690351823177e+03,4.293017807901252425e+00,3.319203307111111371e+03,2.648694665372716628e+01,-1.242213851700281602e+01
2.270000000000000000e+02,7.293860090433069672e+03,0.000000000000000000e+00,7.293860090433069672e+03,4.244607530563003550e+00,3.319203307111111371e+03,2.648702037291089084e+01,-1.243399145257118299e+01
2.280000000000000000e+02,7.293810625261471614e+03,0.000000000000000000e+00,7.293810625261471614e+03,4.196743152416659406e+00,3.319203307111111371e+03,2.648709326079917759e+01,-1.244571072834035519e+01
2.290000000000000000e+02,7.293762269389337234e+03,0.000000000000000000e+00,7.293762269389337234e+03,4.149418517622192937e+00,3.319203307111111371e+03,2.648716532676613866e+01,-1.245729785152699165e+01
2.300000000000000000e+02,7.293714997939663590e+03,0.000000000000000000e+00,7.293714997939663590e+03,4.102627539755595798e+00,3.319203307111111371e+03,2.648723658008018234e+01,-1.246875431235159937e+01
2.310000000000000000e+02,7.293668786593331788e+03,0.000000000000000000e+00,7.293668786593331788e+03,4.056364201027006011e+00,3.319203307111111371e+03,2.648730702990519958e+01,-1.248008158423018976e+01
2.320000000000000000e+02,7.293623611576605981e+03,0.000000000000000000e+00,7.293623611576605981e+03,4.010622551506132893e+00,3.319203307111111371e+03,2.648737668530174716e+01,-1.249128112396378043e+01
2.330000000000000000e+02,7.293579449648892478e+03,0.000000000000000000e+00,7.293579449648892478e+03,3.965396708356859534e+00,3.319203307111111371e+03,2.648744555522820932e+01,-1.250235437192574928e+01
2.340000000000000000e+02,7.293536278090791711e+03,0.000000000000000000e+00,7.293536278090791711e+03,3.920680855081489113e+00,3.319203307111111371e+03,2.648751364854194890e+01,-1.251330275224708366e+01
2.350000000000000000e+02,7.293494074692399408e+03,0.000000000000000000e+00,7.293494074692399408e+03,3.876469240771510005e+00,3.319203307111111371e+03,2.648758097400045486e+01,-1.252412767299953877e+01
2.360000000000000000e+02,7.293452817741896979e+03,0.000000000000000000e+00,7.293452817741896979e+03,3.832756179368861815e+00,3.319203307111111371e+03,2.648764754026245427e+01,-1.253483052637672479e+01
2.370000000000000000e+02,7.293412486014368369e+03,0.000000000000000000e+00,7.293412486014368369e+03,3.789536048935183477e+00,3.319203307111111371e+03,2.648771335588903852e+01,-1.254541268887316363e+01
2.380000000000000000e+02,7.293373058760879758e+03,0.000000000000000000e+00,7.293373058760879758e+03,3.746803290926562724e+00,3.319203307111111371e+03,2.648777842934475757e+01,-1.255587552146131713e+01
2.390000000000000000e+02,7.293334515697819370e+03,0.000000000000000000e+00,7.293334515697819370e+03,3.704552409480751596e+00,3.319203307111111371e+03,2.648784276899871415e+01,-1.256622036976661860e+01
2.400000000000000000e+02,7.293296836996444654e+03,0.000000000000000000e+00,7.293296836996444654e+03,3.662777970710562325e+00,3.319203307111111371e+03,2.648790638312563317e+01,-1.257644856424053792e+01
2.410000000000000000e+02,7.293260003272697759e+03,0.000000000000000000e+00,7.293260003272697759e+03,3.621474602002465293e+00,3.319203307111111371e+03,2.648796927990693106e+01,-1.258656142033169090e+01
2.420000000000000000e+02,7.293223995577219284e+03,0.000000000000000000e+00,7.293223995577219284e+03,3.580636991328452812e+00,3.319203307111111371e+03,2.648803146743176740e+01,-1.259656023865501773e+01
2.430000000000000000e+02,7.293188795385604863e+03,0.000000000000000000e+00,7.293188795385604863e+03,3.540259886561164748e+00,3.319203307111111371e+03,2.648809295369807870e+01,-1.260644630515905362e+01
2.440000000000000000e+02,7.293154384588881840e+03,0.000000000000000000e+00,7.293154384588881840e+03,3.500338094799126054e+00,3.319203307111111371e+03,2.648815374661362299e+01,-1.261622089129132007e+01
2.450000000000000000e+02,7.293120745484181498e+03,0.000000000000000000e+00,7.293120745484181498e+03,3.460866481698719355e+00,3.319203307111111371e+03,2.648821385399697448e+01,-1.262588525416183849e+01
2.460000000000000000e+02,7.293087860765641381e+03,0.000000000000000000e+00,7.293087860765641381e+03,3.421839970814035237e+00,3.319203307111111371e+03,2.648827328357855038e+01,-1.263544063670481243e+01
2.470000000000000000e+02,7.293055713515494972e+03,0.000000000000000000e+00,7.293055713515494972e+03,3.383253542942734171e+00,3.319203307111111371e+03,2.648833204300159139e+01,-1.264488826783848019e+01
2.480000000000000000e+02,7.293024287195371471e+03,0.000000000000000000e+00,7.293024287195371471e+03,3.345102235483083941e+00,3.319203307111111371e+03,2.648839013982314938e+01,-1.265422936262316611e+01
2.490000000000000000e+02,7.292993565637791107e+03,0.000000000000000000e+00,7.292993565637791107e+03,3.307381141792954615e+00,3.319203307111111371e+03,2.648844758151505729e+01,-1.266346512241754851e+01
2.500000000000000000e+02,7.292963533037838715e+03,0.000000000000000000e+00,7.292963533037838715e+03,3.270085410561360817e+00,3.319203307111111371e+03,2.648850437546489900e+01,-1.267259673503316542e+01
2.510000000000000000e+02,7.292934173945043767e+03,0.000000000000000000e+00,7.292934173945043767e+03,3.233210245181550313e+00,3.319203307111111371e+03,2.648856052897694369e+01,-1.268162537488718655e+01
2.520000000000000000e+02,7.292905473255423203e+03,0.000000000000000000e+00,7.292905473255423203e+03,3.196750903137210109e+00,3.319203307111111371e+03,2.648861604927309799e+01,-1.269055220315344457e+01
2.530000000000000000e+02,7.292877416203708890e+03,0.000000000000000000e+00,7.292877416203708890e+03,3.160702695389821848e+00,3.319203307111111371e+03,2.648867094349382967e+01,-1.269937836791177865e+01
2.540000000000000000e+02,7.292849988355765163e+03,0.000000000000000000e+00,7.292849988355765163e+03,3.125060985778034262e+00,3.319203307111111371e+03,2.648872521869908780e+01,-1.270810500429569068e+01
2.550000000000000000e+02,7.292823175601149160e+03,0.000000000000000000e+00,7.292823175601149160e+03,3.089821190419841379e+00,3.319203307111111371e+03,2.648877888186921226e+01,-1.271673323463833327e+01
2.560000000000000000e+02,7.292796964145859420e+03,0.000000000000000000e+00,7.292796964145859420e+03,3.054978777123070977e+00,3.319203307111111371e+03,2.648883193990582186e+01,-1.272526416861685306e+01
2.570000000000000000e+02,7.292771340505234548e+03,0.000000000000000000e+00,7.292771340505234548e+03,3.020529264803217373e+00,3.319203307111111371e+03,2.648888439963271679e+01,-1.273369890339510668e+01
2.580000000000000000e+02,7.292746291497021048e+03,0.000000000000000000e+00,7.292746291497021048e+03,2.986468222906737413e+00,3.319203307111111371e+03,2.648893626779674193e+01,-1.274203852376476398e+01
2.590000000000000000e+02,7.292721804234588490e+03,0.000000000000000000e+00,7.292721804234588490e+03,2.952791270841282678e+00,3.319203307111111371e+03,2.648898755106866432e+01,-1.275028410228482834e+01
2.600000000000000000e+02,7.292697866120297476e+03,0.000000000000000000e+00,7.292697866120297476e+03,2.919494077412444266e+00,3.319203307111111371e+03,2.648903825604403295e+01,-1.275843669941957614e+01
2.610000000000000000e+02,7.292674464839023130e+03,0.000000000000000000e+00,7.292674464839023130e+03,2.886572360266525195e+00,3.319203307111111371e+03,2.648908838924401365e+01,-1.276649736367494192e+01
2.620000000000000000e+02,7.292651588351820465e+03,0.000000000000000000e+00,7.292651588351820465e+03,2.854021885339567355e+00,3.319203307111111371e+03,2.648913795711623820e+01,-1.277446713173336867e+01
2.630000000000000000e+02,7.292629224889727084e+03,0.000000000000000000e+00,7.292629224889727084e+03,2.821838466313419502e+00,3.319203307111111371e+03,2.648918696603563561e+01,-1.278234702858713412e+01
2.640000000000000000e+02,7.292607362947705042e+03,0.000000000000000000e+00,7.292607362947705042e+03,2.790017964076848322e+00,3.319203307111111371e+03,2.648923542230524575e+01,-1.279013806767017591e+01
2.650000000000000000e+02,7.292585991278738220e+03,0.000000000000000000e+00,7.292585991278738220e+03,2.758556286193702078e+00,3.319203307111111371e+03,2.648928333215703290e+01,-1.279784125098842829e+01
2.660000000000000000e+02,7.292565098888017928e+03,0.000000000000000000e+00,7.292565098888017928e+03,2.727449386375554230e+00,3.319203307111111371e+03,2.648933070175268512e+01,-1.280545756924869494e+01
2.670000000000000000e+02,7.292544675027318590e+03,0.000000000000000000e+00,7.292544675027318590e+03,2.696693263962557374e+00,3.319203307111111371e+03,2.648937753718440646e+01,-1.281298800198605470e+01
2.680000000000000000e+02,7.292524709189447094e+03,0.000000000000000000e+00,7.292524709189447094e+03,2.666283963408729196e+00,3.319203307111111371e+03,2.648942384447570575e+01,-1.282043351768984785e+01
2.690000000000000000e+02,7.292505191102844037e+03,0.000000000000000000e+00,7.292505191102844037e+03,2.636217573771706846e+00,3.319203307111111371e+03,2.648946962958216389e+01,-1.282779507392823248e+01
2.700000000000000000e+02,7.292486110726293191e+03,0.000000000000000000e+00,7.292486110726293191e+03,2.606490228211987947e+00,3.319203307111111371e+03,2.648951489839220841e+01,-1.283507361747133224e+01
2.710000000000000000e+02,7.292467458243771944e+03,0.000000000000000000e+00,7.292467458243771944e+03,2.577098103494077197e+00,3.319203307111111371e+03,2.648955965672786306e+01,-1.284227008441300555e+01
2.720000000000000000e+02,7.292449224059380867e+03,0.000000000000000000e+00,7.292449224059380867e+03,2.548037419494918243e+00,3.319203307111111371e+03,2.648960391034549744e+01,-1.284938540029123288e+01
2.730000000000000000e+02,7.292431398792424261e+03,0.000000000000000000e+00,7.292431398792424261e+03,2.519304438718673378e+00,3.319203307111111371e+03,2.648964766493657308e+01,-1.285642048020715400e+01
2.740000000000000000e+02,7.292413973272568910e+03,0.000000000000000000e+00,7.292413973272568910e+03,2.490895465815775811e+00,3.319203307111111371e+03,2.648969092612837173e+01,-1.286337622894275690e+01
2.750000000000000000e+02,7.292396938535143818e+03,0.000000000000000000e+00,7.292396938535143818e+03,2.462806847105836638e+00,3.319203307111111371e+03,2.648973369948471657e+01,-1.287025354107724517e+01
2.760000000000000000e+02,7.292380285816508149e+03,0.000000000000000000e+00,7.292380285816508149e+03,2.435034970110689923e+00,3.319203307111111371e+03,2.648977599050668985e+01,-1.287705330110208202e+01
2.770000000000000000e+02,7.292364006549562873e+03,0.000000000000000000e+00,7.292364006549562873e+03,2.407576263087725543e+00,3.319203307111111371e+03,2.648981780463334346e+01,-1.288377638353475163e+01
2.780000000000000000e+02,7.292348092359327893e+03,0.000000000000000000e+00,7.292348092359327893e+03,2.380427194571411942e+00,3.319203307111111371e+03,2.648985914724239166e+01,-1.289042365303123105e+01
2.790000000000000000e+02,7.292332535058640133e+03,0.000000000000000000e+00,7.292332535058640133e+03,2.353584272918460396e+00,3.319203307111111371e+03,2.648990002365091101e+01,-1.289699596449719188e+01
2.800000000000000000e+02,7.292317326643938941e+03,0.000000000000000000e+00,7.292317326643938941e+03,2.327044045859484989e+00,3.319203307111111371e+03,2.648994043911602247e+01,-1.290349416319794784e+01
2.810000000000000000e+02,7.292302459291157902e+03,0.000000000000000000e+00,7.292302459291157902e+03,2.300803100054100270e+00,3.319203307111111371e+03,2.648998039883555577e+01,-1.290991908486716611e+01
2.820000000000000000e+02,7.292287925351683043e+03,0.000000000000000000e+00,7.292287925351683043e+03,2.274858060653507152e+00,3.319203307111111371e+03,2.649001990794873507e+01,-1.291627155581435105e+01
2.830000000000000000e+02,7.292273717348433820e+03,0.000000000000000000e+00,7.292273717348433820e+03,2.249205590864346238e+00,3.319203307111111371e+03,2.649005897153682909e+01,-1.292255239303111658e+01
2.840000000000000000e+02,7.292259827972005041e+03,0.000000000000000000e+00,7.292259827972005041e+03,2.223842391521610562e+00,3.319203307111111371e+03,2.649009759462380487e+01,-1.292876240429625945e+01
2.850000000000000000e+02,7.292246250076916112e+03,0.000000000000000000e+00,7.292246250076916112e+03,2.198765200662552211e+00,3.319203307111111371e+03,2.649013578217698495e+01,-1.293490238827964589e+01
2.860000000000000000e+02,7.292232976677923034e+03,0.000000000000000000e+00,7.292232976677923034e+03,2.173970793108453314e+00,3.319203307111111371e+03,2.649017353910766914e+01,-1.294097313464493126e+01
2.870000000000000000e+02,7.292220000946438631e+03,0.000000000000000000e+00,7.292220000946438631e+03,2.149455980049614912e+00,3.319203307111111371e+03,2.649021087027177757e+01,-1.294697542415111435e+01
2.880000000000000000e+02,7.292207316207010990e+03,0.000000000000000000e+00,7.292207316207010990e+03,2.125217608634271560e+00,3.319203307111111371e+03,2.649024778047047590e+01,-1.295291002875295838e+01
2.890000000000000000e+02,7.292194915933888296e+03,0.000000000000000000e+00,7.292194915933888296e+03,2.101252561564474597e+00,3.319203307111111371e+03,2.649028427445078648e+01,-1.295877771170026271e+01
2.900000000000000000e+02,7.292182793747670075e+03,0.000000000000000000e+00,7.292182793747670075e+03,2.077557756694280222e+00,3.319203307111111371e+03,2.649032035690619935e+01,-1.296457922763603321e+01
2.910000000000000000e+02,7.292170943412012093e+03,0.000000000000000000e+00,7.292170943412012093e+03,2.054130146633457610e+00,3.319203307111111371e+03,2.649035603247728332e+01,-1.297031532269353171e+01
2.920000000000000000e+02,7.292159358830430392e+03,0.000000000000000000e+00,7.292159358830430392e+03,2.030966718356176148e+00,3.319203307111111371e+03,2.649039130575227219e+01,-1.297598673459223662e+01
2.930000000000000000e+02,7.292148034043158987e+03,0.000000000000000000e+00,7.292148034043158987e+03,2.008064492812303481e+00,3.319203307111111371e+03,2.649042618126766868e+01,-1.298159419273272341e+01
2.940000000000000000e+02,7.292136963224085775e+03,0.000000000000000000e+00,7.292136963224085775e+03,1.985420524545531640e+00,3.319203307111111371e+03,2.649046066350880935e+01,-1.298713841829047055e+01
2.950000000000000000e+02,7.292126140677751209e+03,0.000000000000000000e+00,7.292126140677751209e+03,1.963031901314500338e+00,3.319203307111111371e+03,2.649049475691046140e+01,-1.299262012430861013e+01
2.960000000000000000e+02,7.292115560836423356e+03,0.000000000000000000e+00,7.292115560836423356e+03,1.940895743716523070e+00,3.319203307111111371e+03,2.649052846585737697e+01,-1.299804001578963408e+01
2.970000000000000000e+02,7.292105218257233901e+03,0.000000000000000000e+00,7.292105218257233901e+03,1.919009204819753345e+00,3.319203307111111371e+03,2.649056179468486505e+01,-1.300339878978606301e+01
2.980000000000000000e+02,7.292095107619371447e+03,0.000000000000000000e+00,7.292095107619371447e+03,1.897369469794854435e+00,3.319203307111111371e+03,2.649059474767934930e+01,-1.300869713549009532e+01
2.990000000000000000e+02,7.292085223721350303e+03,0.000000000000000000e+00,7.292085223721350303e+03,1.875973755554662947e+00,3.319203307111111371e+03,2.649062732907891515e+01,-1.301393573432224393e+01
3.000000000000000000e+02,7.292075561478333839e+03,0.000000000000000000e+00,7.292075561478333839e+03,1.854819310395233067e+00,3.319203307111111371e+03,2.649065954307385695e+01,-1.301911526001897279e+01
3.010000000000000000e+02,7.292066115919512413e+03,0.000000000000000000e+00,7.292066115919512413e+03,1.833903413642267166e+00,3.319203307111111371e+03,2.649069139380722149e+01,-1.302423637871934581e+01
3.020000000000000000e+02,7.292056882185558607e+03,0.000000000000000000e+00,7.292056882185558607e+03,1.813223375301495910e+00,3.319203307111111371e+03,2.649072288537533026e+01,-1.302929974905070232e+01
3.030000000000000000e+02,7.292047855526111562e+03,0.000000000000000000e+00,7.292047855526111562e+03,1.792776535711699148e+00,3.319203307111111371e+03,2.649075402182831596e+01,-1.303430602221335910e+01
3.040000000000000000e+02,7.292039031297349538e+03,0.000000000000000000e+00,7.292039031297349538e+03,1.772560265203981134e+00,3.319203307111111371e+03,2.649078480717063755e+01,-1.303925584206436383e+01
3.050000000000000000e+02,7.292030404959587941e+03,0.000000000000000000e+00,7.292030404959587941e+03,1.752571963762645568e+00,3.319203307111111371e+03,2.649081524536160259e+01,-1.304414984520030174e+01
3.060000000000000000e+02,7.292021972074945552e+03,0.000000000000000000e+00,7.292021972074945552e+03,1.732809060691363534e+00,3.319203307111111371e+03,2.649084534031586813e+01,-1.304898866103916788e+01
3.070000000000000000e+02,7.292013728305070799e+03,0.000000000000000000e+00,7.292013728305070799e+03,1.713269014282206015e+00,3.319203307111111371e+03,2.649087509590394873e+01,-1.305377291190131217e+01
3.080000000000000000e+02,7.292005669408901667e+03,0.000000000000000000e+00,7.292005669408901667e+03,1.693949311488521792e+00,3.319203307111111371e+03,2.649090451595271034e+01,-1.305850321308948558e+01
3.090000000000000000e+02,7.291997791240484730e+03,0.000000000000000000e+00,7.291997791240484730e+03,1.674847467602614159e+00,3.319203307111111371e+03,2.649093360424586407e+01,-1.306318017296796441e+01
3.100000000000000000e+02,7.291990089746838748e+03,0.000000000000000000e+00,7.291990089746838748e+03,1.655961025935540176e+00,3.319203307111111371e+03,2.649096236452446007e+01,-1.306780439304079877e+01
3.110000000000000000e+02,7.291982560965882840e+03,0.000000000000000000e+00,7.291982560965882840e+03,1.637287557500441526e+00,3.319203307111111371e+03,2.649099080048735999e+01,-1.307237646802917119e+01
3.120000000000000000e+02,7.291975201024381931e+03,0.000000000000000000e+00,7.291975201024381931e+03,1.618824660701921214e+00,3.319203307111111371e+03,2.649101891579171308e+01,-1.307689698594787764e+01
3.130000000000000000e+02,7.291968006135965879e+03,0.000000000000000000e+00,7.291968006135965879e+03,1.600569961026274246e+00,3.319203307111111371e+03,2.649104671405343225e+01,-1.308136652818095769e+01
3.140000000000000000e+02,7.291960972599176785e+03,0.000000000000000000e+00,7.291960972599176785e+03,1.582521110735032099e+00,3.319203307111111371e+03,2.649107419884764880e+01,-1.308578566955647027e+01
3.150000000000000000e+02,7.291954096795562691e+03,0.000000000000000000e+00,7.291954096795562691e+03,1.564675788564697134e+00,3.319203307111111371e+03,2.649110137370918849e+01,-1.309015497842041142e+01
3.160000000000000000e+02,7.291947375187820398e+03,0.000000000000000000e+00,7.291947375187820398e+03,1.547031699427940721e+00,3.319203307111111371e+03,2.649112824213300854e+01,-1.309447501670981850e+01
3.170000000000000000e+02,7.291940804317973743e+03,0.000000000000000000e+00,7.291940804317973743e+03,1.529586574117030473e+00,3.319203307111111371e+03,2.649115480757465946e+01,-1.309874634002503768e+01
3.180000000000000000e+02,7.291934380805593719e+03,0.000000000000000000e+00,7.291934380805593719e+03,1.512338169014073141e+00,3.319203307111111371e+03,2.649118107345072204e+01,-1.310296949770117791e+01
3.190000000000000000e+02,7.291928101346062249e+03,0.000000000000000000e+00,7.291928101346062249e+03,1.495284265800389090e+00,3.319203307111111371e+03,2.649120704313925501e+01,-1.310714503287876553e+01
3.200000000000000000e+02,7.291921962708867795e+03,0.000000000000000000e+00,7.291921962708867795e+03,1.478422671172357372e+00,3.319203307111111371e+03,2.649123271998022133e+01,-1.311127348257359415e+01
3.210000000000000000e+02,7.291915961735949168e+03,0.000000000000000000e+00,7.291915961735949168e+03,1.461751216560065680e+00,3.319203307111111371e+03,2.649125810727591812e+01,-1.311535537774578941e+01
3.220000000000000000e+02,7.291910095340061162e+03,0.000000000000000000e+00,7.291910095340061162e+03,1.445267757846658174e+00,3.319203307111111371e+03,2.649128320829141003e+01,-1.311939124336809748e+01
3.230000000000000000e+02,7.291904360503202952e+03,0.000000000000000000e+00,7.291904360503202952e+03,1.428970175093370765e+00,3.319203307111111371e+03,2.649130802625493786e+01,-1.312338159849340435e+01
3.240000000000000000e+02,7.291898754275043757e+03,0.000000000000000000e+00,7.291898754275043757e+03,1.412856372267513816e+00,3.319203307111111371e+03,2.649133256435834127e+01,-1.312732695632148605e+01
3.250000000000000000e+02,7.291893273771423992e+03,0.000000000000000000e+00,7.291893273771423992e+03,1.396924276971987178e+00,3.319203307111111371e+03,2.649135682575746387e+01,-1.313122782426501622e+01
3.260000000000000000e+02,7.291887916172859150e+03,0.000000000000000000e+00,7.291887916172859150e+03,1.381171840179458599e+00,3.319203307111111371e+03,2.649138081357256880e+01,-1.313508470401481887e+01
3.270000000000000000e+02,7.291882678723099161e+03,0.000000000000000000e+00,7.291882678723099161e+03,1.365597035968140638e+00,3.319203307111111371e+03,2.649140453088873315e+01,-1.313889809160439626e+01
3.280000000000000000e+02,7.291877558727703217e+03,0.000000000000000000e+00,7.291877558727703217e+03,1.350197861261407839e+00,3.319203307111111371e+03,2.649142798075623872e+01,-1.314266847747372324e+01
3.290000000000000000e+02,7.291872553552653699e+03,0.000000000000000000e+00,7.291872553552653699e+03,1.334972335570495883e+00,3.319203307111111371e+03,2.649145116619097351e+01,-1.314639634653231859e+01
3.300000000000000000e+02,7.291867660623004667e+03,0.000000000000000000e+00,7.291867660623004667e+03,1.319918500740253853e+00,3.319203307111111371e+03,2.649147409017481891e+01,-1.315008217822161285e+01
3.310000000000000000e+02,7.291862877421555822e+03,0.000000000000000000e+00,7.291862877421555822e+03,1.305034420695807773e+00,3.319203307111111371e+03,2.649149675565602990e+01,-1.315372644657660928e+01
3.320000000000000000e+02,7.291858201487557380e+03,0.000000000000000000e+00,7.291858201487557380e+03,1.290318181195236447e+00,3.319203307111111371e+03,2.649151916554961161e+01,-1.315732962028684661e+01
3.330000000000000000e+02,7.291853630415440421e+03,0.000000000000000000e+00,7.291853630415440421e+03,1.275767889581821191e+00,3.319203307111111371e+03,2.649154132273770657e+01,-1.316089216275667972e+01
3.340000000000000000e+02,7.291849161853589976e+03,0.000000000000000000e+00,7.291849161853589976e+03,1.261381674542250142e+00,3.319203307111111371e+03,2.649156323006994995e+01,-1.316441453216487822e+01
3.350000000000000000e+02,7.291844793503121764e+03,0.000000000000000000e+00,7.291844793503121764e+03,1.247157685864272114e+00,3.319203307111111371e+03,2.649158489036384623e+01,-1.316789718152355348e+01
3.360000000000000000e+02,7.291840523116710756e+03,0.000000000000000000e+00,7.291840523116710756e+03,1.233094094200080537e+00,3.319203307111111371e+03,2.649160630640512437e+01,-1.317134055873641607e+01
3.370000000000000000e+02,7.291836348497426116e+03,0.000000000000000000e+00,7.291836348497426116e+03,1.219189090830552491e+00,3.319203307111111371e+03,2.649162748094810382e+01,-1.317474510665638654e+01
3.380000000000000000e+02,7.291832267497607972e+03,0.000000000000000000e+00,7.291832267497607972e+03,1.205440887432511543e+00,3.319203307111111371e+03,2.649164841671604265e+01,-1.317811126314254722e+01
3.390000000000000000e+02,7.291828278017756020e+03,0.000000000000000000e+00,7.291828278017756020e+03,1.191847715848448619e+00,3.319203307111111371e+03,2.649166911640149280e+01,-1.318143946111645626e+01
3.400000000000000000e+02,7.291824378005456310e+03,0.000000000000000000e+00,7.291824378005456310e+03,1.178407827860592283e+00,3.319203307111111371e+03,2.649168958266664120e+01,-1.318473012861782401e+01
3.410000000000000000e+02,7.291820565454324424e+03,0.000000000000000000e+00,7.291820565454324424e+03,1.165119494963515079e+00,3.319203307111111371e+03,2.649170981814365433e+01,-1.318798368885956940e+01
3.420000000000000000e+02,7.291816838402963185e+03,0.000000000000000000e+00,7.291816838402963185e+03,1.151981008144455476e+00,3.319203307111111371e+03,2.649172982543501575e+01,-1.319120056028223864e+01
3.430000000000000000e+02,7.291813194933970408e+03,0.000000000000000000e+00,7.291813194933970408e+03,1.138990677661774642e+00,3.319203307111111371e+03,2.649174960711386717e+01,-1.319438115660783239e+01
3.440000000000000000e+02,7.291809633172934809e+03,0.000000000000000000e+00,7.291809633172934809e+03,1.126146832828458733e+00,3.319203307111111371e+03,2.649176916572433171e+01,-1.319752588689300588e+01
3.450000000000000000e+02,7.291806151287485591e+03,0.000000000000000000e+00,7.291806151287485591e+03,1.113447821797069581e+00,3.319203307111111371e+03,2.649178850378184435e+01,-1.320063515558168099e+01
3.460000000000000000e+02,7.291802747486343833e+03,0.000000000000000000e+00,7.291802747486343833e+03,1.100892011346992660e+00,3.319203307111111371e+03,2.649180762377347165e+01,-1.320370936255706518e+01
3.470000000000000000e+02,7.291799420018401179e+03,0.000000000000000000e+00,7.291799420018401179e+03,1.088477786674801440e+00,3.319203307111111371e+03,2.649182652815823857e+01,-1.320674890319307337e+01
3.480000000000000000e+02,7.291796167171820343e+03,0.000000000000000000e+00,7.291796167171820343e+03,1.076203551187052687e+00,3.319203307111111371e+03,2.649184521936743764e+01,-1.320975416840518335e+01
3.490000000000000000e+02,7.291792987273149265e+03,0.000000000000000000e+00,7.291792987273149265e+03,1.064067726292369676e+00,3.319203307111111371e+03,2.649186369980494504e+01,-1.321272554470070837e+01
3.500000000000000000e+02,7.291789878686469820e+03,0.000000000000000000e+00,7.291789878686469820e+03,1.052068751202710484e+00,3.319203307111111371e+03,2.649188197184753335e+01,-1.321566341422850499e+01
3.510000000000000000e+02,7.291786839812551079e+03,0.000000000000000000e+00,7.291786839812551079e+03,1.040205082728923314e+00,3.319203307111111371e+03,2.649190003784516634e+01,-1.321856815482812308e+01
3.520000000000000000e+02,7.291783869088017127e+03,0.000000000000000000e+00,7.291783869088017127e+03,1.028475195084264326e+00,3.319203307111111371e+03,2.649191790012131875e+01,-1.322144014007840163e+01
3.530000000000000000e+02,7.291780964984566708e+03,0.000000000000000000e+00,7.291780964984566708e+03,1.016877579687121447e+00,3.319203307111111371e+03,2.649193556097325342e+01,-1.322427973934550849e+01
3.540000000000000000e+02,7.291778126008158324e+03,0.000000000000000000e+00,7.291778126008158324e+03,1.005410744967301540e+00,3.319203307111111371e+03,2.649195302267233743e+01,-1.322708731783045266e+01
3.550000000000000000e+02,7.291775350698262628e+03,0.000000000000000000e+00,7.291775350698262628e+03,9.940732161751083540e-01,3.319203307111111371e+03,2.649197028746431926e+01,-1.322986323661604580e+01
3.560000000000000000e+02,7.291772637627103904e+03,0.000000000000000000e+00,7.291772637627103904e+03,9.828635351902301753e-01,3.319203307111111371e+03,2.649198735756962719e+01,-1.323260785271334683e+01
3.570000000000000000e+02,7.291769985398925201e+03,0.000000000000000000e+00,7.291769985398925201e+03,9.717802603349646740e-01,3.319203307111111371e+03,2.649200423518364289e+01,-1.323532151910757015e+01
3.580000000000000000e+02,7.291767392649265275e+03,0.000000000000000000e+00,7.291767392649265275e+03,9.608219661886183705e-01,3.319203307111111371e+03,2.649202092247699980e+01,-1.323800458480349107e+01
3.590000000000000000e+02,7.291764858044271932e+03,0.000000000000000000e+00,7.291764858044271932e+03,9.499872434043588054e-01,3.319203307111111371e+03,2.649203742159585317e+01,-1.324065739487032722e+01
3.600000000000000000e+02,7.291762380279999888e+03,0.000000000000000000e+00,7.291762380279999888e+03,9.392746985284505801e-01,3.319203307111111371e+03,2.649205373466215718e+01,-1.324328029048611555e+01
3.610000000000000000e+02,7.291759958081744116e+03,0.000000000000000000e+00,7.291759958081744116e+03,9.286829538191843092e-01,3.319203307111111371e+03,2.649206986377393136e+01,-1.324587360898159538e+01
3.620000000000000000e+02,7.291757590203387736e+03,0.000000000000000000e+00,7.291757590203387736e+03,9.182106470725908132e-01,3.319203307111111371e+03,2.649208581100554483e+01,-1.324843768388359067e+01
3.630000000000000000e+02,7.291755275426763546e+03,0.000000000000000000e+00,7.291755275426763546e+03,9.078564314441678329e-01,3.319203307111111371e+03,2.649210157840796853e+01,-1.325097284495790717e+01
3.640000000000000000e+02,7.291753012561014657e+03,0.000000000000000000e+00,7.291753012561014657e+03,8.976189752779649700e-01,3.319203307111111371e+03,2.649211716800905236e+01,-1.325347941825173947e+01
3.650000000000000000e+02,7.291750800442000582e+03,0.000000000000000000e+00,7.291750800442000582e+03,8.874969619340908888e-01,3.319203307111111371e+03,2.649213258181377384e+01,-1.325595772613560897e+01
3.660000000000000000e+02,7.291748637931674239e+03,0.000000000000000000e+00,7.291748637931674239e+03,8.774890896199829537e-01,3.319203307111111371e+03,2.649214782180450101e+01,-1.325840808734481868e+01
3.670000000000000000e+02,7.291746523917523518e+03,0.000000000000000000e+00,7.291746523917523518e+03,8.675940712224735618e-01,3.319203307111111371e+03,2.649216288994125534e+01,-1.326083081702044808e+01
3.680000000000000000e+02,7.291744457311975566e+03,0.000000000000000000e+00,7.291744457311975566e+03,8.578106341428961557e-01,3.319203307111111371e+03,2.649217778816194624e+01,-1.326322622674988594e+01
3.690000000000000000e+02,7.291742437051855632e+03,0.000000000000000000e+00,7.291742437051855632e+03,8.481375201329423019e-01,3.319203307111111371e+03,2.649219251838263745e+01,-1.326559462460689964e+01
3.700000000000000000e+02,7.291740462097823183e+03,0.000000000000000000e+00,7.291740462097823183e+03,8.385734851330799433e-01,3.319203307111111371e+03,2.649220708249778156e+01,-1.326793631519125860e+01
3.710000000000000000e+02,7.291738531433852586e+03,0.000000000000000000e+00,7.291738531433852586e+03,8.291172991118744839e-01,3.319203307111111371e+03,2.649222148238047225e+01,-1.327025159966791001e+01
3.720000000000000000e+02,7.291736644066698318e+03,0.000000000000000000e+00,7.291736644066698318e+03,8.197677459092195251e-01,3.319203307111111371e+03,2.649223571988267523e+01,-1.327254077580570879e+01
3.730000000000000000e+02,7.291734799025392931e+03,0.000000000000000000e+00,7.291734799025392931e+03,8.105236230777994599e-01,3.319203307111111371e+03,2.649224979683548042e+01,-1.327480413801571402e+01
3.740000000000000000e+02,7.291732995360742279e+03,0.000000000000000000e+00,7.291732995360742279e+03,8.013837417313791622e-01,3.319203307111111371e+03,2.649226371504932231e+01,-1.327704197738905556e+01
3.750000000000000000e+02,7.291731232144838941e+03,0.000000000000000000e+00,7.291731232144838941e+03,7.923469263890693393e-01,3.319203307111111371e+03,2.649227747631422503e+01,-1.327925458173437079e+01
3.760000000000000000e+02,7.291729508470586552e+03,0.000000000000000000e+00,7.291729508470586552e+03,7.834120148255303562e-01,3.319203307111111371e+03,2.649229108240002617e+01,-1.328144223561481851e+01
3.770000000000000000e+02,7.291727823451225959e+03,0.000000000000000000e+00,7.291727823451225959e+03,7.745778579212790893e-01,3.319203307111111371e+03,2.649230453505660421e+01,-1.328360522038467373e+01
3.780000000000000000e+02,7.291726176219888657e+03,0.000000000000000000e+00,7.291726176219888657e+03,7.658433195148307560e-01,3.319203307111111371e+03,2.649231783601410584e+01,-1.328574381422552086e+01
3.790000000000000000e+02,7.291724565929145683e+03,0.000000000000000000e+00,7.291724565929145683e+03,7.572072762573051063e-01,3.319203307111111371e+03,2.649233098698316979e+01,-1.328785829218202252e+01
3.800000000000000000e+02,7.291722991750571055e+03,0.000000000000000000e+00,7.291722991750571055e+03,7.486686174660508453e-01,3.319203307111111371e+03,2.649234398965514004e+01,-1.328994892619729740e+01
3.810000000000000000e+02,7.291721452874321585e+03,0.000000000000000000e+00,7.291721452874321585e+03,7.402262449841551240e-01,3.319203307111111371e+03,2.649235684570229310e+01,-1.329201598514789140e+01
3.820000000000000000e+02,7.291719948508708512e+03,0.000000000000000000e+00,7.291719948508708512e+03,7.318790730373951892e-01,3.319203307111111371e+03,2.649236955677804417e+01,-1.329405973487836334e+01
3.830000000000000000e+02,7.291718477879803686e+03,0.000000000000000000e+00,7.291718477879803686e+03,7.236260280958995983e-01,3.319203307111111371e+03,2.649238212451716379e+01,-1.329608043823547092e+01
3.840000000000000000e+02,7.291717040231025749e+03,0.000000000000000000e+00,7.291717040231025749e+03,7.154660487346422570e-01,3.319203307111111371e+03,2.649239455053599457e+01,-1.329807835510197656e+01
3.850000000000000000e+02,7.291715634822775428e+03,0.000000000000000000e+00,7.291715634822775428e+03,7.073980854987707012e-01,3.319203307111111371e+03,2.649240683643264305e+01,-1.330005374243006955e+01
3.860000000000000000e+02,7.291714260932025354e+03,0.000000000000000000e+00,7.291714260932025354e+03,6.994211007670403379e-01,3.319203307111111371e+03,2.649241898378719995e+01,-1.330200685427441520e+01
3.870000000000000000e+02,7.291712917851968086e+03,0.000000000000000000e+00,7.291712917851968086e+03,6.915340686185664776e-01,3.319203307111111371e+03,2.649243099416193914e+01,-1.330393794182483092e+01
3.880000000000000000e+02,7.291711604891647767e+03,0.000000000000000000e+00,7.291711604891647767e+03,6.837359747021410916e-01,3.319203307111111371e+03,2.649244286910151303e+01,-1.330584725343858210e+01
3.890000000000000000e+02,7.291710321375606327e+03,0.000000000000000000e+00,7.291710321375606327e+03,6.760258161047474346e-01,3.319203307111111371e+03,2.649245461013315861e+01,-1.330773503467233354e+01
3.900000000000000000e+02,7.291709066643525148e+03,0.000000000000000000e+00,7.291709066643525148e+03,6.684026012218277080e-01,3.319203307111111371e+03,2.649246621876689289e+01,-1.330960152831372767e+01
3.910000000000000000e+02,7.291707840049904007e+03,0.000000000000000000e+00,7.291707840049904007e+03,6.608653496319013554e-01,3.319203307111111371e+03,2.649247769649570117e+01,-1.331144697441260760e+01
3.920000000000000000e+02,7.291706640963708196e+03,0.000000000000000000e+00,7.291706640963708196e+03,6.534130919683124317e-01,3.319203307111111371e+03,2.649248904479573241e+01,-1.331327161031189021e+01
3.930000000000000000e+02,7.291705468768065657e+03,0.000000000000000000e+00,7.291705468768065657e+03,6.460448697957634767e-01,3.319203307111111371e+03,2.649250026512649470e+01,-1.331507567067809106e+01
3.940000000000000000e+02,7.291704322859928652e+03,0.000000000000000000e+00,7.291704322859928652e+03,6.387597354872761590e-01,3.319203307111111371e+03,2.649251135893103637e+01,-1.331685938753150644e+01
3.950000000000000000e+02,7.291703202649775449e+03,0.000000000000000000e+00,7.291703202649775449e+03,6.315567521010500007e-01,3.319203307111111371e+03,2.649252232763613080e+01,-1.331862299027605268e+01
3.960000000000000000e+02,7.291702107561309276e+03,0.000000000000000000e+00,7.291702107561309276e+03,6.244349932609463139e-01,3.319203307111111371e+03,2.649253317265246110e+01,-1.332036670572876780e+01
3.970000000000000000e+02,7.291701037031153646e+03,0.000000000000000000e+00,7.291701037031153646e+03,6.173935430372480271e-01,3.319203307111111371e+03,2.649254389537480847e+01,-1.332209075814898647e+01
3.980000000000000000e+02,7.291699990508566771e+03,0.000000000000000000e+00,7.291699990508566771e+03,6.104314958286974901e-01,3.319203307111111371e+03,2.649255449718222266e+01,-1.332379536926717911e+01
3.990000000000000000e+02,7.291698967455159618e+03,0.000000000000000000e+00,7.291698967455159618e+03,6.035479562464060033e-01,3.319203307111111371e+03,2.649256497943820321e+01,-1.332548075831346779e+01
4.000000000000000000e+02,7.291697967344614881e+03,0.000000000000000000e+00,7.291697967344614881e+03,5.967420389977345918e-01,3.319203307111111371e+03,2.649257534349087351e+01,-1.332714714204582585e+01
4.010000000000000000e+02,7.291696989662415035e+03,0.000000000000000000e+00,7.291696989662415035e+03,5.900128687726530208e-01,3.319203307111111371e+03,2.649258559067315488e+01,-1.332879473477794896e+01
4.020000000000000000e+02,7.291696033905591321e+03,0.000000000000000000e+00,7.291696033905591321e+03,5.833595801333355535e-01,3.319203307111111371e+03,2.649259572230293713e+01,-1.333042374840682243e+01
4.030000000000000000e+02,7.291695099582444527e+03,0.000000000000000000e+00,7.291695099582444527e+03,5.767813173991775955e-01,3.319203307111111371e+03,2.649260573968324906e+01,-1.333203439243997401e+01
4.040000000000000000e+02,7.291694186212306704e+03,0.000000000000000000e+00,7.291694186212306704e+03,5.702772345401182497e-01,3.319203307111111371e+03,2.649261564410242542e+01,-1.333362687402241420e+01
4.050000000000000000e+02,7.291693293325286504e+03,0.000000000000000000e+00,7.291693293325286504e+03,5.638464950650328156e-01,3.319203307111111371e+03,2.649262543683427751e+01,-1.333520139796328152e+01
4.060000000000000000e+02,7.291692420462034534e+03,0.000000000000000000e+00,7.291692420462034534e+03,5.574882719166548428e-01,3.319203307111111371e+03,2.649263511913824587e+01,-1.333675816676217885e+01
4.070000000000000000e+02,7.291691567173498697e+03,0.000000000000000000e+00,7.291691567173498697e+03,5.512017473636655618e-01,3.319203307111111371e+03,2.649264469225957441e+01,-1.333829738063522363e+01
4.080000000000000000e+02,7.291690733020701373e+03,0.000000000000000000e+00,7.291690733020701373e+03,5.449861128956315914e-01,3.319203307111111371e+03,2.649265415742946317e+01,-1.333981923754078913e+01
4.090000000000000000e+02,7.291689917574503852e+03,0.000000000000000000e+00,7.291689917574503852e+03,5.388405691193005609e-01,3.319203307111111371e+03,2.649266351586522816e+01,-1.334132393320497201e+01
4.100000000000000000e+02,7.291689120415397156e+03,0.000000000000000000e+00,7.291689120415397156e+03,5.327643256560853358e-01,3.319203307111111371e+03,2.649267276877045418e+01,-1.334281166114675621e+01
4.110000000000000000e+02,7.291688341133276481e+03,0.000000000000000000e+00,7.291688341133276481e+03,5.267566010406027344e-01,3.319203307111111371e+03,2.649268191733516176e+01,-1.334428261270290861e+01
4.120000000000000000e+02,7.291687579327233834e+03,0.000000000000000000e+00,7.291687579327233834e+03,5.208166226179389291e-01,3.319203307111111371e+03,2.649269096273594570e+01,-1.334573697705258688e+01
4.130000000000000000e+02,7.291686834605355216e+03,0.000000000000000000e+00,7.291686834605355216e+03,5.149436264479694270e-01,3.319203307111111371e+03,2.649269990613613857e+01,-1.334717494124166137e+01
4.140000000000000000e+02,7.291686106584510526e+03,0.000000000000000000e+00,7.291686106584510526e+03,5.091368572041901075e-01,3.319203307111111371e+03,2.649270874868594916e+01,-1.334859669020678297e+01
4.150000000000000000e+02,7.291685394890166208e+03,0.000000000000000000e+00,7.291685394890166208e+03,5.033955680777988384e-01,3.319203307111111371e+03,2.649271749152261890e+01,-1.335000240679915606e+01
4.160000000000000000e+02,7.291684699156186980e+03,0.000000000000000000e+00,7.291684699156186980e+03,4.977190206810852002e-01,3.319203307111111371e+03,2.649272613577056745e+01,-1.335139227180806643e+01
4.170000000000000000e+02,7.291684019024647569e+03,0.000000000000000000e+00,7.291684019024647569e+03,4.921064849529692142e-01,3.319203307111111371e+03,2.649273468254152775e+01,-1.335276646398412126e+01
4.180000000000000000e+02,7.291683354145646263e+03,0.000000000000000000e+00,7.291683354145646263e+03,4.865572390653096213e-01,3.319203307111111371e+03,2.649274313293470229e+01,-1.335412516006224770e+01
4.190000000000000000e+02,7.291682704177136657e+03,0.000000000000000000e+00,7.291682704177136657e+03,4.810705693292772755e-01,3.319203307111111371e+03,2.649275148803689461e+01,-1.335546853478441776e+01
4.200000000000000000e+02,7.291682068784735748e+03,0.000000000000000000e+00,7.291682068784735748e+03,4.756457701032173468e-01,3.319203307111111371e+03,2.649275974892265850e+01,-1.335679676092212453e+01
4.210000000000000000e+02,7.291681447641560226e+03,0.000000000000000000e+00,7.291681447641560226e+03,4.702821437042638553e-01,3.319203307111111371e+03,2.649276791665442232e+01,-1.335811000929859915e+01
4.220000000000000000e+02,7.291680840428061856e+03,0.000000000000000000e+00,7.291680840428061856e+03,4.649790003160430563e-01,3.319203307111111371e+03,2.649277599228264179e+01,-1.335940844881078071e+01
4.230000000000000000e+02,7.291680246831851946e+03,0.000000000000000000e+00,7.291680246831851946e+03,4.597356579008785027e-01,3.319203307111111371e+03,2.649278397684592434e+01,-1.336069224645104292e+01
4.240000000000000000e+02,7.291679666547554007e+03,0.000000000000000000e+00,7.291679666547554007e+03,4.545514421119990489e-01,3.319203307111111371e+03,2.649279187137116054e+01,-1.336196156732866669e+01
4.250000000000000000e+02,7.291679099276636407e+03,0.000000000000000000e+00,7.291679099276636407e+03,4.494256862074732517e-01,3.319203307111111371e+03,2.649279967687366977e+01,-1.336321657469107471e+01
4.260000000000000000e+02,7.291678544727262306e+03,0.000000000000000000e+00,7.291678544727262306e+03,4.443577309635796668e-01,3.319203307111111371e+03,2.649280739435731746e+01,-1.336445742994482622e+01
4.270000000000000000e+02,7.291678002614138677e+03,0.000000000000000000e+00,7.291678002614138677e+03,4.393469245900766817e-01,3.319203307111111371e+03,2.649281502481465012e+01,-1.336568429267638081e+01
4.280000000000000000e+02,7.291677472658373517e+03,0.000000000000000000e+00,7.291677472658373517e+03,4.343926226470639640e-01,3.319203307111111371e+03,2.649282256922701961e+01,-1.336689732067261716e+01
4.290000000000000000e+02,7.291676954587327600e+03,0.000000000000000000e+00,7.291676954587327600e+03,4.294941879616357427e-01,3.319203307111111371e+03,2.649283002856471469e+01,-1.336809666994112789e+01
4.300000000000000000e+02,7.291676448134473503e+03,0.000000000000000000e+00,7.291676448134473503e+03,4.246509905454882161e-01,3.319203307111111371e+03,2.649283740378707819e+01,-1.336928249473028352e+01
4.310000000000000000e+02,7.291675953039266460e+03,0.000000000000000000e+00,7.291675953039266460e+03,4.198624075151048407e-01,3.319203307111111371e+03,2.649284469584264201e+01,-1.337045494754907082e+01
4.320000000000000000e+02,7.291675469047000661e+03,0.000000000000000000e+00,7.291675469047000661e+03,4.151278230101950184e-01,3.319203307111111371e+03,2.649285190566923731e+01,-1.337161417918670736e+01
4.330000000000000000e+02,7.291674995908679193e+03,0.000000000000000000e+00,7.291674995908679193e+03,4.104466281161851526e-01,3.319203307111111371e+03,2.649285903419411881e+01,-1.337276033873203218e+01
4.340000000000000000e+02,7.291674533380895809e+03,0.000000000000000000e+00,7.291674533380895809e+03,4.058182207840245748e-01,3.319203307111111371e+03,2.649286608233408558e+01,-1.337389357359268516e+01
4.350000000000000000e+02,7.291674081225703958e+03,0.000000000000000000e+00,7.291674081225703958e+03,4.012420057538279572e-01,3.319203307111111371e+03,2.649287305099559831e+01,-1.337501402951405716e+01
4.360000000000000000e+02,7.291673639210481269e+03,0.000000000000000000e+00,7.291673639210481269e+03,3.967173944786755446e-01,3.319203307111111371e+03,2.649287994107490007e+01,-1.337612185059804304e+01
4.370000000000000000e+02,7.291673207107835879e+03,0.000000000000000000e+00,7.291673207107835879e+03,3.922438050479153948e-01,3.319203307111111371e+03,2.649288675345812294e+01,-1.337721717932156906e+01
4.380000000000000000e+02,7.291672784695468181e+03,0.000000000000000000e+00,7.291672784695468181e+03,3.878206621129806075e-01,3.319203307111111371e+03,2.649289348902140873e+01,-1.337830015655491955e+01
4.390000000000000000e+02,7.291672371756064422e+03,0.000000000000000000e+00,7.291672371756064422e+03,3.834473968130923116e-01,3.319203307111111371e+03,2.649290014863101561e+01,-1.337937092157985042e+01
4.400000000000000000e+02,7.291671968077183010e+03,0.000000000000000000e+00,7.291671968077183010e+03,3.791234467028849475e-01,3.319203307111111371e+03,2.649290673314343891e+01,-1.338042961210750548e+01
4.410000000000000000e+02,7.291671573451155382e+03,0.000000000000000000e+00,7.291671573451155382e+03,3.748482556783860331e-01,3.319203307111111371e+03,2.649291324340551412e+01,-1.338147636429613030e+01
4.420000000000000000e+02,7.291671187674957764e+03,0.000000000000000000e+00,7.291671187674957764e+03,3.706212739071279572e-01,3.319203307111111371e+03,2.649291968025452704e+01,-1.338251131276857642e+01
4.430000000000000000e+02,7.291670810550126589e+03,0.000000000000000000e+00,7.291670810550126589e+03,3.664419577572033959e-01,3.319203307111111371e+03,2.649292604451831679e+01,-1.338353459062961903e+01
4.440000000000000000e+02,7.291670441882647538e+03,0.000000000000000000e+00,7.291670441882647538e+03,3.623097697258602090e-01,3.319203307111111371e+03,2.649293233701539307e+01,-1.338454632948307754e+01
4.450000000000000000e+02,7.291670081482860951e+03,0.000000000000000000e+00,7.291670081482860951e+03,3.582241783727524442e-01,3.319203307111111371e+03,2.649293855855503566e+01,-1.338554665944873712e+01
4.460000000000000000e+02,7.291669729165348144e+03,0.000000000000000000e+00,7.291669729165348144e+03,3.541846582494816431e-01,3.319203307111111371e+03,2.649294470993739736e+01,-1.338653570917908553e+01
4.470000000000000000e+02,7.291669384748861376e+03,0.000000000000000000e+00,7.291669384748861376e+03,3.501906898335716001e-01,3.319203307111111371e+03,2.649295079195360714e+01,-1.338751360587585815e+01
4.480000000000000000e+02,7.291669048056215615e+03,0.000000000000000000e+00,7.291669048056215615e+03,3.462417594598857784e-01,3.319203307111111371e+03,2.649295680538587305e+01,-1.338848047530640173e+01
4.490000000000000000e+02,7.291668718914193050e+03,0.000000000000000000e+00,7.291668718914193050e+03,3.423373592567678925e-01,3.319203307111111371e+03,2.649296275100758180e+01,-1.338943644181984105e+01
4.500000000000000000e+02,7.291668397153469414e+03,0.000000000000000000e+00,7.291668397153469414e+03,3.384769870787978086e-01,3.319203307111111371e+03,2.649296862958340171e+01,-1.339038162836308032e+01
4.510000000000000000e+02,7.291668082608508485e+03,0.000000000000000000e+00,7.291668082608508485e+03,3.346601464435243201e-01,3.319203307111111371e+03,2.649297444186937867e+01,-1.339131615649660745e+01
4.520000000000000000e+02,7.291667775117490237e+03,0.000000000000000000e+00,7.291667775117490237e+03,3.308863464668875820e-01,3.319203307111111371e+03,2.649298018861302850e+01,-1.339224014641013483e+01
4.530000000000000000e+02,7.291667474522226257e+03,0.000000000000000000e+00,7.291667474522226257e+03,3.271551018001229161e-01,3.319203307111111371e+03,2.649298587055344001e+01,-1.339315371693805190e+01
4.540000000000000000e+02,7.291667180668074252e+03,0.000000000000000000e+00,7.291667180668074252e+03,3.234659325678510555e-01,3.319203307111111371e+03,2.649299148842136731e+01,-1.339405698557471247e+01
4.550000000000000000e+02,7.291666893403855283e+03,0.000000000000000000e+00,7.291666893403855283e+03,3.198183643056435321e-01,3.319203307111111371e+03,2.649299704293932578e+01,-1.339495006848954084e+01
4.560000000000000000e+02,7.291666612581784648e+03,0.000000000000000000e+00,7.291666612581784648e+03,3.162119278997558292e-01,3.319203307111111371e+03,2.649300253482168443e+01,-1.339583308054197630e+01
4.570000000000000000e+02,7.291666338057393659e+03,0.000000000000000000e+00,7.291666338057393659e+03,3.126461595259386050e-01,3.319203307111111371e+03,2.649300796477475117e+01,-1.339670613529624354e+01
4.580000000000000000e+02,7.291666069689451433e+03,0.000000000000000000e+00,7.291666069689451433e+03,3.091206005907963794e-01,3.319203307111111371e+03,2.649301333349687226e+01,-1.339756934503595964e+01
4.590000000000000000e+02,7.291665807339894855e+03,0.000000000000000000e+00,7.291665807339894855e+03,3.056347976718179482e-01,3.319203307111111371e+03,2.649301864167852116e+01,-1.339842282077857405e+01
4.600000000000000000e+02,7.291665550873753091e+03,0.000000000000000000e+00,7.291665550873753091e+03,3.021883024600131584e-01,3.319203307111111371e+03,2.649302389000238378e+01,-1.339926667228964519e+01
4.610000000000000000e+02,7.291665300159088474e+03,0.000000000000000000e+00,7.291665300159088474e+03,2.987806717012716495e-01,3.319203307111111371e+03,2.649302907914344729e+01,-1.340010100809696070e+01
4.620000000000000000e+02,7.291665055066917375e+03,0.000000000000000000e+00,7.291665055066917375e+03,2.954114671398742065e-01,3.319203307111111371e+03,2.649303420976908541e+01,-1.340092593550448896e+01
4.630000000000000000e+02,7.291664815471151996e+03,0.000000000000000000e+00,7.291664815471151996e+03,2.920802554624515324e-01,3.319203307111111371e+03,2.649303928253915075e+01,-1.340174156060618849e+01
4.640000000000000000e+02,7.291664581248532158e+03,0.000000000000000000e+00,7.291664581248532158e+03,2.887866082417015479e-01,3.319203307111111371e+03,2.649304429810604944e+01,-1.340254798829964322e+01
4.650000000000000000e+02,7.291664352278552542e+03,0.000000000000000000e+00,7.291664352278552542e+03,2.855301018812262392e-01,3.319203307111111371e+03,2.649304925711483705e+01,-1.340334532229956110e+01
4.660000000000000000e+02,7.291664128443427217e+03,0.000000000000000000e+00,7.291664128443427217e+03,2.823103175620677030e-01,3.319203307111111371e+03,2.649305416020328963e+01,-1.340413366515110916e+01
4.670000000000000000e+02,7.291663909628000511e+03,0.000000000000000000e+00,7.291663909628000511e+03,2.791268411872233624e-01,3.319203307111111371e+03,2.649305900800199254e+01,-1.340491311824310117e+01
4.680000000000000000e+02,7.291663695719696079e+03,0.000000000000000000e+00,7.291663695719696079e+03,2.759792633294012032e-01,3.319203307111111371e+03,2.649306380113442572e+01,-1.340568378182103970e+01
4.690000000000000000e+02,7.291663486608472340e+03,0.000000000000000000e+00,7.291663486608472340e+03,2.728671791790148182e-01,3.319203307111111371e+03,2.649306854021703117e+01,-1.340644575500000713e+01
4.700000000000000000e+02,7.291663282186752440e+03,0.000000000000000000e+00,7.291663282186752440e+03,2.697901884905281045e-01,3.319203307111111371e+03,2.649307322585930180e+01,-1.340719913577741274e+01
4.710000000000000000e+02,7.291663082349365141e+03,0.000000000000000000e+00,7.291663082349365141e+03,2.667478955320863321e-01,3.319203307111111371e+03,2.649307785866385956e+01,-1.340794402104559602e+01
4.720000000000000000e+02,7.291662886993505708e+03,0.000000000000000000e+00,7.291662886993505708e+03,2.637399090340152852e-01,3.319203307111111371e+03,2.649308243922653006e+01,-1.340868050660429134e+01
4.730000000000000000e+02,7.291662696018667702e+03,0.000000000000000000e+00,7.291662696018667702e+03,2.607658421390941506e-01,3.319203307111111371e+03,2.649308696813642072e+01,-1.340940868717294165e+01
4.740000000000000000e+02,7.291662509326611143e+03,0.000000000000000000e+00,7.291662509326611143e+03,2.578253123524926749e-01,3.319203307111111371e+03,2.649309144597599186e+01,-1.341012865640288965e+01
4.750000000000000000e+02,7.291662326821284296e+03,0.000000000000000000e+00,7.291662326821284296e+03,2.549179414926324161e-01,3.319203307111111371e+03,2.649309587332114191e+01,-1.341084050688941254e+01
4.760000000000000000e+02,7.291662148408796384e+03,0.000000000000000000e+00,7.291662148408796384e+03,2.520433556423337107e-01,3.319203307111111371e+03,2.649310025074127140e+01,-1.341154433018363967e+01
4.770000000000000000e+02,7.291661973997366658e+03,0.000000000000000000e+00,7.291661973997366658e+03,2.492011851007110701e-01,3.319203307111111371e+03,2.649310457879935754e+01,-1.341224021680432088e+01
4.780000000000000000e+02,7.291661803497264373e+03,0.000000000000000000e+00,7.291661803497264373e+03,2.463910643363920461e-01,3.319203307111111371e+03,2.649310885805203597e+01,-1.341292825624946872e+01
4.790000000000000000e+02,7.291661636820773310e+03,0.000000000000000000e+00,7.291661636820773310e+03,2.436126319393093764e-01,3.319203307111111371e+03,2.649311308904966111e+01,-1.341360853700787281e+01
4.800000000000000000e+02,7.291661473882149039e+03,0.000000000000000000e+00,7.291661473882149039e+03,2.408655305755558473e-01,3.319203307111111371e+03,2.649311727233637725e+01,-1.341428114657047566e+01
4.810000000000000000e+02,7.291661314597564342e+03,0.000000000000000000e+00,7.291661314597564342e+03,2.381494069399070768e-01,3.319203307111111371e+03,2.649312140845020025e+01,-1.341494617144162760e+01
4.820000000000000000e+02,7.291661158885072837e+03,0.000000000000000000e+00,7.291661158885072837e+03,2.354639117116907876e-01,3.319203307111111371e+03,2.649312549792307792e+01,-1.341560369715021217e+01
4.830000000000000000e+02,7.291661006664572596e+03,0.000000000000000000e+00,7.291661006664572596e+03,2.328086995090289935e-01,3.319203307111111371e+03,2.649312954128095399e+01,-1.341625380826064351e+01
4.840000000000000000e+02,7.291660857857747033e+03,0.000000000000000000e+00,7.291660857857747033e+03,2.301834288456714450e-01,3.319203307111111371e+03,2.649313353904384627e+01,-1.341689658838374477e+01
4.850000000000000000e+02,7.291660712388045795e+03,0.000000000000000000e+00,7.291660712388045795e+03,2.275877620841643134e-01,3.319203307111111371e+03,2.649313749172590704e+01,-1.341753212018750041e+01
4.860000000000000000e+02,7.291660570180628383e+03,0.000000000000000000e+00,7.291660570180628383e+03,2.250213653967845506e-01,3.319203307111111371e+03,2.649314139983549410e+01,-1.341816048540768769e+01
4.870000000000000000e+02,7.291660431162335954e+03,0.000000000000000000e+00,7.291660431162335954e+03,2.224839087185598863e-01,3.319203307111111371e+03,2.649314526387522761e+01,-1.341878176485839091e+01
4.880000000000000000e+02,7.291660295261648571e+03,0.000000000000000000e+00,7.291660295261648571e+03,2.199750657075269233e-01,3.319203307111111371e+03,2.649314908434206117e+01,-1.341939603844239137e+01
4.890000000000000000e+02,7.291660162408653377e+03,0.000000000000000000e+00,7.291660162408653377e+03,2.174945137006736584e-01,3.319203307111111371e+03,2.649315286172734218e+01,-1.342000338516144708e+01
4.900000000000000000e+02,7.291660032535000937e+03,0.000000000000000000e+00,7.291660032535000937e+03,2.150419336746410282e-01,3.319203307111111371e+03,2.649315659651688648e+01,-1.342060388312645003e+01
4.910000000000000000e+02,7.291659905573878859e+03,0.000000000000000000e+00,7.291659905573878859e+03,2.126170102024789454e-01,3.319203307111111371e+03,2.649316028919102095e+01,-1.342119760956747498e+01
4.920000000000000000e+02,7.291659781459969054e+03,0.000000000000000000e+00,7.291659781459969054e+03,2.102194314151865917e-01,3.319203307111111371e+03,2.649316394022466170e+01,-1.342178464084370937e+01
4.930000000000000000e+02,7.291659660129423173e+03,0.000000000000000000e+00,7.291659660129423173e+03,2.078488889592969291e-01,3.319203307111111371e+03,2.649316755008736735e+01,-1.342236505245327649e+01
4.940000000000000000e+02,7.291659541519819868e+03,0.000000000000000000e+00,7.291659541519819868e+03,2.055050779597305255e-01,3.319203307111111371e+03,2.649317111924340651e+01,-1.342293891904294156e+01
4.950000000000000000e+02,7.291659425570140229e+03,0.000000000000000000e+00,7.291659425570140229e+03,2.031876969789951637e-01,3.319203307111111371e+03,2.649317464815180401e+01,-1.342350631441771647e+01
4.960000000000000000e+02,7.291659312220733227e+03,0.000000000000000000e+00,7.291659312220733227e+03,2.008964479782350820e-01,3.319203307111111371e+03,2.649317813726641546e+01,-1.342406731155034905e+01
4.970000000000000000e+02,7.291659201413282972e+03,0.000000000000000000e+00,7.291659201413282972e+03,1.986310362799068585e-01,3.319203307111111371e+03,2.649318158703597703e+01,-1.342462198259071116e+01
4.980000000000000000e+02,7.291659093090788701e+03,0.000000000000000000e+00,7.291659093090788701e+03,1.963911705295380561e-01,3.319203307111111371e+03,2.649318499790416226e+01,-1.342517039887507124e+01
4.990000000000000000e+02,7.291658987197520219e+03,0.000000000000000000e+00,7.291658987197520219e+03,1.941765626572818926e-01,3.319203307111111371e+03,2.649318837030964247e+01,-1.342571263093527811e+01
5.000000000000000000e+02,7.291658883678998791e+03,0.000000000000000000e+00,7.291658883678998791e+03,1.919869278430955950e-01,3.319203307111111371e+03,2.649319170468614359e+01,-1.342624874850782213e+01
5.010000000000000000e+02,7.291658782481971684e+03,0.000000000000000000e+00,7.291658782481971684e+03,1.898219844773440801e-01,3.319203307111111371e+03,2.649319500146249950e+01,-1.342677882054281469e+01
5.020000000000000000e+02,7.291658683554373056e+03,0.000000000000000000e+00,7.291658683554373056e+03,1.876814541266692282e-01,3.319203307111111371e+03,2.649319826106270881e+01,-1.342730291521284514e+01
5.030000000000000000e+02,7.291658586845314858e+03,0.000000000000000000e+00,7.291658586845314858e+03,1.855650614975543344e-01,3.319203307111111371e+03,2.649320148390599172e+01,-1.342782109992175776e+01
5.040000000000000000e+02,7.291658492305038635e+03,0.000000000000000000e+00,7.291658492305038635e+03,1.834725344007111791e-01,3.319203307111111371e+03,2.649320467040683624e+01,-1.342833344131331330e+01
5.050000000000000000e+02,7.291658399884912797e+03,0.000000000000000000e+00,7.291658399884912797e+03,1.814036037155316583e-01,3.319203307111111371e+03,2.649320782097505500e+01,-1.342884000527976518e+01
5.060000000000000000e+02,7.291658309537388959e+03,0.000000000000000000e+00,7.291658309537388959e+03,1.793580033571530175e-01,3.319203307111111371e+03,2.649321093601584565e+01,-1.342934085697032920e+01
5.070000000000000000e+02,7.291658221215984668e+03,0.000000000000000000e+00,7.291658221215984668e+03,1.773354702410939177e-01,3.319203307111111371e+03,2.649321401592983349e+01,-1.342983606079956793e+01
5.080000000000000000e+02,7.291658134875266114e+03,0.000000000000000000e+00,7.291658134875266114e+03,1.753357442485865836e-01,3.319203307111111371e+03,2.649321706111312835e+01,-1.343032568045567210e+01
5.090000000000000000e+02,7.291658050470811759e+03,0.000000000000000000e+00,7.291658050470811759e+03,1.733585681951844426e-01,3.319203307111111371e+03,2.649322007195737072e+01,-1.343080977890864958e+01
5.100000000000000000e+02,7.291657967959201414e+03,0.000000000000000000e+00,7.291657967959201414e+03,1.714036877962073768e-01,3.319203307111111371e+03,2.649322304884978507e+01,-1.343128841841842736e+01
5.110000000000000000e+02,7.291657887297987145e+03,0.000000000000000000e+00,7.291657887297987145e+03,1.694708516341842108e-01,3.319203307111111371e+03,2.649322599217322605e+01,-1.343176166054285758e+01
5.120000000000000000e+02,7.291657808445666888e+03,0.000000000000000000e+00,7.291657808445666888e+03,1.675598111270809598e-01,3.319203307111111371e+03,2.649322890230623884e+01,-1.343222956614563479e+01
5.130000000000000000e+02,7.291657731361682636e+03,0.000000000000000000e+00,7.291657731361682636e+03,1.656703204958120679e-01,3.319203307111111371e+03,2.649323177962309472e+01,-1.343269219540412074e+01
5.140000000000000000e+02,7.291657656006370416e+03,0.000000000000000000e+00,7.291657656006370416e+03,1.638021367332688216e-01,3.319203307111111371e+03,2.649323462449384436e+01,-1.343314960781708933e+01
5.150000000000000000e+02,7.291657582340971203e+03,0.000000000000000000e+00,7.291657582340971203e+03,1.619550195717122110e-01,3.319203307111111371e+03,2.649323743728436753e+01,-1.343360186221237385e+01
5.160000000000000000e+02,7.291657510327579075e+03,0.000000000000000000e+00,7.291657510327579075e+03,1.601287314534586836e-01,3.319203307111111371e+03,2.649324021835641929e+01,-1.343404901675443597e+01
5.170000000000000000e+02,7.291657439929149405e+03,0.000000000000000000e+00,7.291657439929149405e+03,1.583230374997373346e-01,3.319203307111111371e+03,2.649324296806767265e+01,-1.343449112895184427e+01
5.180000000000000000e+02,7.291657371109466112e+03,0.000000000000000000e+00,7.291657371109466112e+03,1.565377054796461553e-01,3.319203307111111371e+03,2.649324568677176828e+01,-1.343492825566467097e+01
5.190000000000000000e+02,7.291657303833124388e+03,0.000000000000000000e+00,7.291657303833124388e+03,1.547725057822294248e-01,3.319203307111111371e+03,2.649324837481835715e+01,-1.343536045311180338e+01
5.200000000000000000e+02,7.291657238065513411e+03,0.000000000000000000e+00,7.291657238065513411e+03,1.530272113844122484e-01,3.319203307111111371e+03,2.649325103255315028e+01,-1.343578777687817905e+01
5.210000000000000000e+02,7.291657173772799979e+03,0.000000000000000000e+00,7.291657173772799979e+03,1.513015978244252879e-01,3.319203307111111371e+03,2.649325366031795781e+01,-1.343621028192192846e+01
5.220000000000000000e+02,7.291657110921903950e+03,0.000000000000000000e+00,7.291657110921903950e+03,1.495954431704023535e-01,3.319203307111111371e+03,2.649325625845073517e+01,-1.343662802258144850e+01
5.230000000000000000e+02,7.291657049480494607e+03,0.000000000000000000e+00,7.291657049480494607e+03,1.479085279939843234e-01,3.319203307111111371e+03,2.649325882728563286e+01,-1.343704105258238535e+01
5.240000000000000000e+02,7.291656989416961551e+03,0.000000000000000000e+00,7.291656989416961551e+03,1.462406353411736526e-01,3.319203307111111371e+03,2.649326136715302482e+01,-1.343744942504454976e+01
5.250000000000000000e+02,7.291656930700405610e+03,0.000000000000000000e+00,7.291656930700405610e+03,1.445915507037554004e-01,3.319203307111111371e+03,2.649326387837956887e+01,-1.343785319248874366e+01
5.260000000000000000e+02,7.291656873300620646e+03,0.000000000000000000e+00,7.291656873300620646e+03,1.429610619930762605e-01,3.319203307111111371e+03,2.649326636128822798e+01,-1.343825240684351918e+01
5.270000000000000000e+02,7.291656817188074456e+03,0.000000000000000000e+00,7.291656817188074456e+03,1.413489595120376585e-01,3.319203307111111371e+03,2.649326881619833074e+01,-1.343864711945185419e+01
5.280000000000000000e+02,7.291656762333902407e+03,0.000000000000000000e+00,7.291656762333902407e+03,1.397550359277679177e-01,3.319203307111111371e+03,2.649327124342560680e+01,-1.343903738107775858e+01
5.290000000000000000e+02,7.291656708709881059e+03,0.000000000000000000e+00,7.291656708709881059e+03,1.381790862460884617e-01,3.319203307111111371e+03,2.649327364328221890e+01,-1.343942324191280058e+01
5.300000000000000000e+02,7.291656656288426348e+03,0.000000000000000000e+00,7.291656656288426348e+03,1.366209077833485108e-01,3.319203307111111371e+03,2.649327601607681260e+01,-1.343980475158256205e+01
5.310000000000000000e+02,7.291656605042568117e+03,0.000000000000000000e+00,7.291656605042568117e+03,1.350803001429070616e-01,3.319203307111111371e+03,2.649327836211455534e+01,-1.344018195915301916e+01
5.320000000000000000e+02,7.291656554945942844e+03,0.000000000000000000e+00,7.291656554945942844e+03,1.335570651865404801e-01,3.319203307111111371e+03,2.649328068169716843e+01,-1.344055491313685913e+01
5.330000000000000000e+02,7.291656505972777268e+03,0.000000000000000000e+00,7.291656505972777268e+03,1.320510070112905221e-01,3.319203307111111371e+03,2.649328297512297326e+01,-1.344092366149970985e+01
5.340000000000000000e+02,7.291656458097879295e+03,0.000000000000000000e+00,7.291656458097879295e+03,1.305619319228209230e-01,3.319203307111111371e+03,2.649328524268693030e+01,-1.344128825166631991e+01
5.350000000000000000e+02,7.291656411296615261e+03,0.000000000000000000e+00,7.291656411296615261e+03,1.290896484112712128e-01,3.319203307111111371e+03,2.649328748468066763e+01,-1.344164873052664788e+01
5.360000000000000000e+02,7.291656365544910841e+03,0.000000000000000000e+00,7.291656365544910841e+03,1.276339671256839503e-01,3.319203307111111371e+03,2.649328970139253059e+01,-1.344200514444190020e+01
5.370000000000000000e+02,7.291656320819227403e+03,0.000000000000000000e+00,7.291656320819227403e+03,1.261947008512457058e-01,3.319203307111111371e+03,2.649329189310761379e+01,-1.344235753925048726e+01
5.380000000000000000e+02,7.291656277096557460e+03,0.000000000000000000e+00,7.291656277096557460e+03,1.247716644837633254e-01,3.319203307111111371e+03,2.649329406010778598e+01,-1.344270596027392273e+01
5.390000000000000000e+02,7.291656234354406479e+03,0.000000000000000000e+00,7.291656234354406479e+03,1.233646750064251452e-01,3.319203307111111371e+03,2.649329620267175045e+01,-1.344305045232265350e+01
5.400000000000000000e+02,7.291656192570784697e+03,0.000000000000000000e+00,7.291656192570784697e+03,1.219735514662514536e-01,3.319203307111111371e+03,2.649329832107506277e+01,-1.344339105970182047e+01
5.410000000000000000e+02,7.291656151724197116e+03,0.000000000000000000e+00,7.291656151724197116e+03,1.205981149508278394e-01,3.319203307111111371e+03,2.649330041559016991e+01,-1.344372782621695350e+01
5.420000000000000000e+02,7.291656111793631680e+03,0.000000000000000000e+00,7.291656111793631680e+03,1.192381885653868018e-01,3.319203307111111371e+03,2.649330248648644570e+01,-1.344406079517961317e+01
5.430000000000000000e+02,7.291656072758541995e+03,0.000000000000000000e+00,7.291656072758541995e+03,1.178935974089397321e-01,3.319203307111111371e+03,2.649330453403023000e+01,-1.344439000941295603e+01
5.440000000000000000e+02,7.291656034598848237e+03,0.000000000000000000e+00,7.291656034598848237e+03,1.165641685544904493e-01,3.319203307111111371e+03,2.649330655848485705e+01,-1.344471551125723963e+01
5.450000000000000000e+02,7.291655997294918961e+03,0.000000000000000000e+00,7.291655997294918961e+03,1.152497310235355565e-01,3.319203307111111371e+03,2.649330856011069457e+01,-1.344503734257527228e+01
5.460000000000000000e+02,7.291655960827561103e+03,0.000000000000000000e+00,7.291655960827561103e+03,1.139501157665067516e-01,3.319203307111111371e+03,2.649331053916516865e+01,-1.344535554475779726e+01
5.470000000000000000e+02,7.291655925178016332e+03,0.000000000000000000e+00,7.291655925178016332e+03,1.126651556396986581e-01,3.319203307111111371e+03,2.649331249590280635e+01,-1.344567015872881299e+01
5.480000000000000000e+02,7.291655890327944689e+03,0.000000000000000000e+00,7.291655890327944689e+03,1.113946853843455348e-01,3.319203307111111371e+03,2.649331443057526414e+01,-1.344598122495083992e+01
5.490000000000000000e+02,7.291655856259416396e+03,0.000000000000000000e+00,7.291655856259416396e+03,1.101385416051852556e-01,3.319203307111111371e+03,2.649331634343135988e+01,-1.344628878343011991e+01
5.500000000000000000e+02,7.291655822954904579e+03,0.000000000000000000e+00,7.291655822954904579e+03,1.088965627492631816e-01,3.319203307111111371e+03,2.649331823471710479e+01,-1.344659287372176415e+01
5.510000000000000000e+02,7.291655790397274359e+03,0.000000000000000000e+00,7.291655790397274359e+03,1.076685890862236483e-01,3.319203307111111371e+03,2.649332010467573895e+01,-1.344689353493484063e+01
5.520000000000000000e+02,7.291655758569776481e+03,0.000000000000000000e+00,7.291655758569776481e+03,1.064544626855359888e-01,3.319203307111111371e+03,2.649332195354775621e+01,-1.344719080573740477e+01
5.530000000000000000e+02,7.291655727456039131e+03,0.000000000000000000e+00,7.291655727456039131e+03,1.052540273990201919e-01,3.319203307111111371e+03,2.649332378157094325e+01,-1.344748472436146791e+01
5.540000000000000000e+02,7.291655697040054292e+03,0.000000000000000000e+00,7.291655697040054292e+03,1.040671288384506510e-01,3.319203307111111371e+03,2.649332558898040091e+01,-1.344777532860791958e+01
5.550000000000000000e+02,7.291655667306173200e+03,0.000000000000000000e+00,7.291655667306173200e+03,1.028936143565950534e-01,3.319203307111111371e+03,2.649332737600857968e+01,-1.344806265585138760e+01
5.560000000000000000e+02,7.291655638239103610e+03,0.000000000000000000e+00,7.291655638239103610e+03,1.017333330275456138e-01,3.319203307111111371e+03,2.649332914288530816e+01,-1.344834674304504496e+01
5.570000000000000000e+02,7.291655609823886152e+03,0.000000000000000000e+00,7.291655609823886152e+03,1.005861356277794466e-01,3.319203307111111371e+03,2.649333088983782503e+01,-1.344862762672535794e+01
5.580000000000000000e+02,7.291655582045903429e+03,0.000000000000000000e+00,7.291655582045903429e+03,9.945187461593005263e-02,3.319203307111111371e+03,2.649333261709080745e+01,-1.344890534301679175e+01
5.590000000000000000e+02,7.291655554890866370e+03,0.000000000000000000e+00,7.291655554890866370e+03,9.833040411502483313e-02,3.319203307111111371e+03,2.649333432486639595e+01,-1.344917992763645209e+01
5.600000000000000000e+02,7.291655528344806044e+03,0.000000000000000000e+00,7.291655528344806044e+03,9.722157989216687057e-02,3.319203307111111371e+03,2.649333601338422994e+01,-1.344945141589868065e+01
5.610000000000000000e+02,7.291655502394065479e+03,0.000000000000000000e+00,7.291655502394065479e+03,9.612525934180451981e-02,3.319203307111111371e+03,2.649333768286146551e+01,-1.344971984271959720e+01
5.620000000000000000e+02,7.291655477025289656e+03,0.000000000000000000e+00,7.291655477025289656e+03,9.504130146579478633e-02,3.319203307111111371e+03,2.649333933351281800e+01,-1.344998524262159023e+01
5.630000000000000000e+02,7.291655452225430963e+03,0.000000000000000000e+00,7.291655452225430963e+03,9.396956685677360088e-02,3.319203307111111371e+03,2.649334096555057627e+01,-1.345024764973775255e+01
5.640000000000000000e+02,7.291655427981732828e+03,0.000000000000000000e+00,7.291655427981732828e+03,9.290991767860279360e-02,3.319203307111111371e+03,2.649334257918463820e+01,-1.345050709781627951e+01
5.650000000000000000e+02,7.291655404281719711e+03,0.000000000000000000e+00,7.291655404281719711e+03,9.186221764929314304e-02,3.319203307111111371e+03,2.649334417462253199e+01,-1.345076362022479977e+01
5.660000000000000000e+02,7.291655381113198928e+03,0.000000000000000000e+00,7.291655381113198928e+03,9.082633202480666634e-02,3.319203307111111371e+03,2.649334575206944820e+01,-1.345101724995467407e+01
5.670000000000000000e+02,7.291655358464254277e+03,0.000000000000000000e+00,7.291655358464254277e+03,8.980212757936530121e-02,3.319203307111111371e+03,2.649334731172826096e+01,-1.345126801962523544e+01
5.680000000000000000e+02,7.291655336323229676e+03,0.000000000000000000e+00,7.291655336323229676e+03,8.878947259028001360e-02,3.319203307111111371e+03,2.649334885379956006e+01,-1.345151596148798312e+01
5.690000000000000000e+02,7.291655314678738250e+03,0.000000000000000000e+00,7.291655314678738250e+03,8.778823681963388026e-02,3.319203307111111371e+03,2.649335037848166863e+01,-1.345176110743073394e+01
5.700000000000000000e+02,7.291655293519641418e+03,0.000000000000000000e+00,7.291655293519641418e+03,8.679829149896432783e-02,3.319203307111111371e+03,2.649335188597067869e+01,-1.345200348898171860e+01
5.710000000000000000e+02,7.291655272835057076e+03,0.000000000000000000e+00,7.291655272835057076e+03,8.581950931065654431e-02,3.319203307111111371e+03,2.649335337646046540e+01,-1.345224313731364241e+01
5.720000000000000000e+02,7.291655252614344136e+03,0.000000000000000000e+00,7.291655252614344136e+03,8.485176437392996651e-02,3.319203307111111371e+03,2.649335485014272251e+01,-1.345248008324768740e+01
5.730000000000000000e+02,7.291655232847097977e+03,0.000000000000000000e+00,7.291655232847097977e+03,8.389493222700872277e-02,3.319203307111111371e+03,2.649335630720698020e+01,-1.345271435725748432e+01
5.740000000000000000e+02,7.291655213523147722e+03,0.000000000000000000e+00,7.291655213523147722e+03,8.294888981157889918e-02,3.319203307111111371e+03,2.649335774784063346e+01,-1.345294598947302411e+01
5.750000000000000000e+02,7.291655194632553503e+03,0.000000000000000000e+00,7.291655194632553503e+03,8.201351545710028335e-02,3.319203307111111371e+03,2.649335917222895986e+01,-1.345317500968453928e+01
5.760000000000000000e+02,7.291655176165601006e+03,0.000000000000000000e+00,7.291655176165601006e+03,8.108868886520377572e-02,3.319203307111111371e+03,2.649336058055514798e+01,-1.345340144734633014e+01
5.770000000000000000e+02,7.291655158112781464e+03,0.000000000000000000e+00,7.291655158112781464e+03,8.017429109382723240e-02,3.319203307111111371e+03,2.649336197300032936e+01,-1.345362533158055740e+01
5.780000000000000000e+02,7.291655140464814394e+03,0.000000000000000000e+00,7.291655140464814394e+03,7.927020454158012486e-02,3.319203307111111371e+03,2.649336334974357854e+01,-1.345384669118098309e+01
5.790000000000000000e+02,7.291655123212619401e+03,0.000000000000000000e+00,7.291655123212619401e+03,7.837631293476469974e-02,3.319203307111111371e+03,2.649336471096196632e+01,-1.345406555461667431e+01
5.800000000000000000e+02,7.291655106347317087e+03,0.000000000000000000e+00,7.291655106347317087e+03,7.749250130952696491e-02,3.319203307111111371e+03,2.649336605683055268e+01,-1.345428195003567140e+01
5.810000000000000000e+02,7.291655089860234511e+03,0.000000000000000000e+00,7.291655089860234511e+03,7.661865599898369517e-02,3.319203307111111371e+03,2.649336738752243292e+01,-1.345449590526859929e+01
5.820000000000000000e+02,7.291655073742891545e+03,0.000000000000000000e+00,7.291655073742891545e+03,7.575466461752708436e-02,3.319203307111111371e+03,2.649336870320874837e+01,-1.345470744783225214e+01
5.830000000000000000e+02,7.291655057986990869e+03,0.000000000000000000e+00,7.291655057986990869e+03,7.490041604751335180e-02,3.319203307111111371e+03,2.649337000405870768e+01,-1.345491660493313013e+01
5.840000000000000000e+02,7.291655042584430703e+03,0.000000000000000000e+00,7.291655042584430703e+03,7.405580042355192072e-02,3.319203307111111371e+03,2.649337129023961168e+01,-1.345512340347093705e+01
5.850000000000000000e+02,7.291655027527287530e+03,0.000000000000000000e+00,7.291655027527287530e+03,7.322070912028606771e-02,3.319203307111111371e+03,2.649337256191688184e+01,-1.345532787004204422e+01
5.860000000000000000e+02,7.291655012807811545e+03,0.000000000000000000e+00,7.291655012807811545e+03,7.239503473590616633e-02,3.319203307111111371e+03,2.649337381925406376e+01,-1.345553003094290823e+01
5.870000000000000000e+02,7.291654998418433934e+03,0.000000000000000000e+00,7.291654998418433934e+03,7.157867108049945082e-02,3.319203307111111371e+03,2.649337506241286277e+01,-1.345572991217345304e+01
5.880000000000000000e+02,7.291654984351751409e+03,0.000000000000000000e+00,7.291654984351751409e+03,7.077151316199838116e-02,3.319203307111111371e+03,2.649337629155316520e+01,-1.345592753944041320e+01
5.890000000000000000e+02,7.291654970600526212e+03,0.000000000000000000e+00,7.291654970600526212e+03,6.997345717165671941e-02,3.319203307111111371e+03,2.649337750683304904e+01,-1.345612293816064309e+01
5.900000000000000000e+02,7.291654957157684294e+03,0.000000000000000000e+00,7.291654957157684294e+03,6.918440047048672603e-02,3.319203307111111371e+03,2.649337870840881237e+01,-1.345631613346438193e+01
5.910000000000000000e+02,7.291654944016310765e+03,0.000000000000000000e+00,7.291654944016310765e+03,6.840424157897814772e-02,3.319203307111111371e+03,2.649337989643498759e+01,-1.345650715019848498e+01
5.920000000000000000e+02,7.291654931169640804e+03,0.000000000000000000e+00,7.291654931169640804e+03,6.763288016047296070e-02,3.319203307111111371e+03,2.649338107106436979e+01,-1.345669601292962625e+01
5.930000000000000000e+02,7.291654918611070570e+03,0.000000000000000000e+00,7.291654918611070570e+03,6.687021701041216681e-02,3.319203307111111371e+03,2.649338223244802748e+01,-1.345688274594745160e+01
5.940000000000000000e+02,7.291654906334138104e+03,0.000000000000000000e+00,7.291654906334138104e+03,6.611615404187211331e-02,3.319203307111111371e+03,2.649338338073532384e+01,-1.345706737326770330e+01
5.950000000000000000e+02,7.291654894332526055e+03,0.000000000000000000e+00,7.291654894332526055e+03,6.537059427559673008e-02,3.319203307111111371e+03,2.649338451607394163e+01,-1.345724991863531095e+01
5.960000000000000000e+02,7.291654882600058954e+03,0.000000000000000000e+00,7.291654882600058954e+03,6.463344182473564070e-02,3.319203307111111371e+03,2.649338563860989737e+01,-1.345743040552744318e+01
5.970000000000000000e+02,7.291654871130702304e+03,0.000000000000000000e+00,7.291654871130702304e+03,6.390460188415601761e-02,3.319203307111111371e+03,2.649338674848755915e+01,-1.345760885715652755e+01
5.980000000000000000e+02,7.291654859918557122e+03,0.000000000000000000e+00,7.291654859918557122e+03,6.318398071776522296e-02,3.319203307111111371e+03,2.649338784584967144e+01,-1.345778529647323829e+01
5.990000000000000000e+02,7.291654848957856302e+03,0.000000000000000000e+00,7.291654848957856302e+03,6.247148564640263302e-02,3.319203307111111371e+03,2.649338893083736224e+01,-1.345795974616944513e+01
6.000000000000000000e+02,7.291654838242955520e+03,0.000000000000000000e+00,7.291654838242955520e+03,6.176702503571226965e-02,3.319203307111111371e+03,2.649339000359017504e+01,-1.345813222868113357e+01
6.010000000000000000e+02,7.291654827768346877e+03,0.000000000000000000e+00,7.291654827768346877e+03,6.107050828559933142e-02,3.319203307111111371e+03,2.649339106424607593e+01,-1.345830276619128618e+01
6.020000000000000000e+02,7.291654817528640706e+03,0.000000000000000000e+00,7.291654817528640706e+03,6.038184581659208905e-02,3.319203307111111371e+03,2.649339211294147489e+01,-1.345847138063274073e+01
6.030000000000000000e+02,7.291654807518567395e+03,0.000000000000000000e+00,7.291654807518567395e+03,5.970094905977040012e-02,3.319203307111111371e+03,2.649339314981124360e+01,-1.345863809369101105e+01
6.040000000000000000e+02,7.291654797732980114e+03,0.000000000000000000e+00,7.291654797732980114e+03,5.902773044481124387e-02,3.319203307111111371e+03,2.649339417498873672e+01,-1.345880292680707058e+01
6.050000000000000000e+02,7.291654788166842991e+03,0.000000000000000000e+00,7.291654788166842991e+03,5.836210338988508106e-02,3.319203307111111371e+03,2.649339518860579901e+01,-1.345896590118011460e+01
6.060000000000000000e+02,7.291654778815234749e+03,0.000000000000000000e+00,7.291654778815234749e+03,5.770398228767432275e-02,3.319203307111111371e+03,2.649339619079279373e+01,-1.345912703777028696e+01
6.070000000000000000e+02,7.291654769673345072e+03,0.000000000000000000e+00,7.291654769673345072e+03,5.705328249792033374e-02,3.319203307111111371e+03,2.649339718167861335e+01,-1.345928635730137124e+01
6.080000000000000000e+02,7.291654760736469143e+03,0.000000000000000000e+00,7.291654760736469143e+03,5.640992033316991061e-02,3.319203307111111371e+03,2.649339816139069725e+01,-1.345944388026346239e+01
6.090000000000000000e+02,7.291654752000011285e+03,0.000000000000000000e+00,7.291654752000011285e+03,5.577381305155180991e-02,3.319203307111111371e+03,2.649339913005504243e+01,-1.345959962691559575e+01
6.100000000000000000e+02,7.291654743459475867e+03,0.000000000000000000e+00,7.291654743459475867e+03,5.514487884278247015e-02,3.319203307111111371e+03,2.649340008779622835e+01,-1.345975361728835473e+01
6.110000000000000000e+02,7.291654735110468209e+03,0.000000000000000000e+00,7.291654735110468209e+03,5.452303681966491622e-02,3.319203307111111371e+03,2.649340103473743468e+01,-1.345990587118645010e+01
6.120000000000000000e+02,7.291654726948695497e+03,0.000000000000000000e+00,7.291654726948695497e+03,5.390820700734909321e-02,3.319203307111111371e+03,2.649340197100044492e+01,-1.346005640819126370e+01
6.130000000000000000e+02,7.291654718969956775e+03,0.000000000000000000e+00,7.291654718969956775e+03,5.330031033221038078e-02,3.319203307111111371e+03,2.649340289670567117e+01,-1.346020524766336912e+01
6.140000000000000000e+02,7.291654711170150222e+03,0.000000000000000000e+00,7.291654711170150222e+03,5.269926861264410262e-02,3.319203307111111371e+03,2.649340381197216843e+01,-1.346035240874501682e+01
6.150000000000000000e+02,7.291654703545258599e+03,0.000000000000000000e+00,7.291654703545258599e+03,5.210500454858845581e-02,3.319203307111111371e+03,2.649340471691764876e+01,-1.346049791036260146e+01
6.160000000000000000e+02,7.291654696091361984e+03,0.000000000000000000e+00,7.291654696091361984e+03,5.151744171192863125e-02,3.319203307111111371e+03,2.649340561165849905e+01,-1.346064177122909200e+01
6.170000000000000000e+02,7.291654688804626858e+03,0.000000000000000000e+00,7.291654688804626858e+03,5.093650453628558589e-02,3.319203307111111371e+03,2.649340649630979172e+01,-1.346078400984644219e+01
6.180000000000000000e+02,7.291654681681303373e+03,0.000000000000000000e+00,7.291654681681303373e+03,5.036211830665870970e-02,3.319203307111111371e+03,2.649340737098529885e+01,-1.346092464450796911e+01
6.190000000000000000e+02,7.291654674717723537e+03,0.000000000000000000e+00,7.291654674717723537e+03,4.979420915223720795e-02,3.319203307111111371e+03,2.649340823579751714e+01,-1.346106369330070329e+01
6.200000000000000000e+02,7.291654667910313037e+03,0.000000000000000000e+00,7.291654667910313037e+03,4.923270403313773080e-02,3.319203307111111371e+03,2.649340909085766782e+01,-1.346120117410771755e+01
6.210000000000000000e+02,7.291654661255561223e+03,0.000000000000000000e+00,7.291654661255561223e+03,4.867753073479345882e-02,3.319203307111111371e+03,2.649340993627572161e+01,-1.346133710461042554e+01
6.220000000000000000e+02,7.291654654750047484e+03,0.000000000000000000e+00,7.291654654750047484e+03,4.812861785617630894e-02,3.319203307111111371e+03,2.649341077216040574e+01,-1.346147150229085554e+01
6.230000000000000000e+02,7.291654648390426701e+03,0.000000000000000000e+00,7.291654648390426701e+03,4.758589480158983975e-02,3.319203307111111371e+03,2.649341159861922179e+01,-1.346160438443390106e+01
6.240000000000000000e+02,7.291654642173427419e+03,0.000000000000000000e+00,7.291654642173427419e+03,4.704929177132378959e-02,3.319203307111111371e+03,2.649341241575846340e+01,-1.346173576812953954e+01
6.250000000000000000e+02,7.291654636095848218e+03,0.000000000000000000e+00,7.291654636095848218e+03,4.651873975266400396e-02,3.319203307111111371e+03,2.649341322368322338e+01,-1.346186567027503678e+01
6.260000000000000000e+02,7.291654630154562255e+03,0.000000000000000000e+00,7.291654630154562255e+03,4.599417051198258916e-02,3.319203307111111371e+03,2.649341402249740796e+01,-1.346199410757711235e+01
6.270000000000000000e+02,7.291654624346517267e+03,0.000000000000000000e+00,7.291654624346517267e+03,4.547551658353976567e-02,3.319203307111111371e+03,2.649341481230375450e+01,-1.346212109655409606e+01
6.280000000000000000e+02,7.291654618668722833e+03,0.000000000000000000e+00,7.291654618668722833e+03,4.496271126369044691e-02,3.319203307111111371e+03,2.649341559320383865e+01,-1.346224665353804539e+01
6.290000000000000000e+02,7.291654613118256748e+03,0.000000000000000000e+00,7.291654613118256748e+03,4.445568860058156380e-02,3.319203307111111371e+03,2.649341636529808852e+01,-1.346237079467685227e+01
6.300000000000000000e+02,7.291654607692265017e+03,0.000000000000000000e+00,7.291654607692265017e+03,4.395438338587079330e-02,3.319203307111111371e+03,2.649341712868580956e+01,-1.346249353593631248e+01
6.310000000000000000e+02,7.291654602387955492e+03,0.000000000000000000e+00,7.291654602387955492e+03,4.345873114646293944e-02,3.319203307111111371e+03,2.649341788346517745e+01,-1.346261489310218806e+01
6.320000000000000000e+02,7.291654597202600598e+03,0.000000000000000000e+00,7.291654597202600598e+03,4.296866813661627538e-02,3.319203307111111371e+03,2.649341862973326300e+01,-1.346273488178222877e+01
6.330000000000000000e+02,7.291654592133531878e+03,0.000000000000000000e+00,7.291654592133531878e+03,4.248413132957308547e-02,3.319203307111111371e+03,2.649341936758604632e+01,-1.346285351740818470e+01
6.340000000000000000e+02,7.291654587178140901e+03,0.000000000000000000e+00,7.291654587178140901e+03,4.200505840883219516e-02,3.319203307111111371e+03,2.649342009711842394e+01,-1.346297081523779049e+01
6.350000000000000000e+02,7.291654582333877443e+03,0.000000000000000000e+00,7.291654582333877443e+03,4.153138776087637873e-02,3.319203307111111371e+03,2.649342081842421592e+01,-1.346308679035672640e+01
6.360000000000000000e+02,7.291654577598253127e+03,0.000000000000000000e+00,7.291654577598253127e+03,4.106305846660701642e-02,3.319203307111111371e+03,2.649342153159619428e+01,-1.346320145768055809e+01
6.370000000000000000e+02,7.291654572968828688e+03,0.000000000000000000e+00,7.291654572968828688e+03,4.060001029470773626e-02,3.319203307111111371e+03,2.649342223672607943e+01,-1.346331483195665513e+01
6.380000000000000000e+02,7.291654568443223980e+03,0.000000000000000000e+00,7.291654568443223980e+03,4.014218369205688197e-02,3.319203307111111371e+03,2.649342293390455794e+01,-1.346342692776609162e+01
6.390000000000000000e+02,7.291654564019107966e+03,0.000000000000000000e+00,7.291654564019107966e+03,3.968951977743447046e-02,3.319203307111111371e+03,2.649342362322129318e+01,-1.346353775952551324e+01
6.400000000000000000e+02,7.291654559694206000e+03,0.000000000000000000e+00,7.291654559694206000e+03,3.924196033438433207e-02,3.319203307111111371e+03,2.649342430476493604e+01,-1.346364734148899700e+01
6.410000000000000000e+02,7.291654555466296188e+03,0.000000000000000000e+00,7.291654555466296188e+03,3.879944780161363738e-02,3.319203307111111371e+03,2.649342497862314261e+01,-1.346375568774988629e+01
6.420000000000000000e+02,7.291654551333199379e+03,0.000000000000000000e+00,7.291654551333199379e+03,3.836192526796108199e-02,3.319203307111111371e+03,2.649342564488257779e+01,-1.346386281224259918e+01
6.430000000000000000e+02,7.291654547292790994e+03,0.000000000000000000e+00,7.291654547292790994e+03,3.792933646328315589e-02,3.319203307111111371e+03,2.649342630362892947e+01,-1.346396872874442252e+01
6.440000000000000000e+02,7.291654543342991929e+03,0.000000000000000000e+00,7.291654543342991929e+03,3.750162575276748400e-02,3.319203307111111371e+03,2.649342695494691924e+01,-1.346407345087728302e+01
6.450000000000000000e+02,7.291654539481772190e+03,0.000000000000000000e+00,7.291654539481772190e+03,3.707873812794944962e-02,3.319203307111111371e+03,2.649342759892030941e+01,-1.346417699210949870e+01
6.460000000000000000e+02,7.291654535707144532e+03,0.000000000000000000e+00,7.291654535707144532e+03,3.666061920191029944e-02,3.319203307111111371e+03,2.649342823563192439e+01,-1.346427936575751261e+01
6.470000000000000000e+02,7.291654532017162637e+03,0.000000000000000000e+00,7.291654532017162637e+03,3.624721519962444127e-02,3.319203307111111371e+03,2.649342886516365425e+01,-1.346438058498760704e+01
6.480000000000000000e+02,7.291654528409933846e+03,0.000000000000000000e+00,7.291654528409933846e+03,3.583847295357764362e-02,3.319203307111111371e+03,2.649342948759645822e+01,-1.346448066281759104e+01
6.490000000000000000e+02,7.291654524883599152e+03,0.000000000000000000e+00,7.291654524883599152e+03,3.543433989577730869e-02,3.319203307111111371e+03,2.649343010301038959e+01,-1.346457961211847731e+01
6.500000000000000000e+02,7.291654521436347750e+03,0.000000000000000000e+00,7.291654521436347750e+03,3.503476404982052567e-02,3.319203307111111371e+03,2.649343071148459927e+01,-1.346467744561614310e+01
6.510000000000000000e+02,7.291654518066402488e+03,0.000000000000000000e+00,7.291654518066402488e+03,3.463969402680561194e-02,3.319203307111111371e+03,2.649343131309733934e+01,-1.346477417589295911e+01
6.520000000000000000e+02,7.291654514772030780e+03,0.000000000000000000e+00,7.291654514772030780e+03,3.424907901666807142e-02,3.319203307111111371e+03,2.649343190792598435e+01,-1.346486981538941130e+01
6.530000000000000000e+02,7.291654511551537325e+03,0.000000000000000000e+00,7.291654511551537325e+03,3.386286878220750446e-02,3.319203307111111371e+03,2.649343249604703487e+01,-1.346496437640569965e+01
6.540000000000000000e+02,7.291654508403269574e+03,0.000000000000000000e+00,7.291654508403269574e+03,3.348101365322975198e-02,3.319203307111111371e+03,2.649343307753613175e+01,-1.346505787110332086e+01
6.550000000000000000e+02,7.291654505325603168e+03,0.000000000000000000e+00,7.291654505325603168e+03,3.310346451908041665e-02,3.319203307111111371e+03,2.649343365246805959e+01,-1.346515031150663511e+01
6.560000000000000000e+02,7.291654502316953767e+03,0.000000000000000000e+00,7.291654502316953767e+03,3.273017282339038547e-02,3.319203307111111371e+03,2.649343422091675748e+01,-1.346524170950440613e+01
6.570000000000000000e+02,7.291654499375777050e+03,0.000000000000000000e+00,7.291654499375777050e+03,3.236109055625648739e-02,3.319203307111111371e+03,2.649343478295533671e+01,-1.346533207685133426e+01
6.580000000000000000e+02,7.291654496500561436e+03,0.000000000000000000e+00,7.291654496500561436e+03,3.199617025116241464e-02,3.319203307111111371e+03,2.649343533865607725e+01,-1.346542142516956808e+01
6.590000000000000000e+02,7.291654493689820811e+03,0.000000000000000000e+00,7.291654493689820811e+03,3.163536497509912560e-02,3.319203307111111371e+03,2.649343588809045258e+01,-1.346550976595020188e+01
6.600000000000000000e+02,7.291654490942117263e+03,0.000000000000000000e+00,7.291654490942117263e+03,3.127862832460297920e-02,3.319203307111111371e+03,2.649343643132912263e+01,-1.346559711055474651e+01
6.610000000000000000e+02,7.291654488256031073e+03,0.000000000000000000e+00,7.291654488256031073e+03,3.092591442044705444e-02,3.319203307111111371e+03,2.649343696844195506e+01,-1.346568347021659484e+01
6.620000000000000000e+02,7.291654485630182535e+03,0.000000000000000000e+00,7.291654485630182535e+03,3.057717789965642627e-02,3.319203307111111371e+03,2.649343749949802529e+01,-1.346576885604246776e+01
6.630000000000000000e+02,7.291654483063222870e+03,0.000000000000000000e+00,7.291654483063222870e+03,3.023237391127894108e-02,3.319203307111111371e+03,2.649343802456563424e+01,-1.346585327901384233e+01
6.640000000000000000e+02,7.291654480553826943e+03,0.000000000000000000e+00,7.291654480553826943e+03,2.989145811022796140e-02,3.319203307111111371e+03,2.649343854371231188e+01,-1.346593674998836043e+01
6.650000000000000000e+02,7.291654478100708729e+03,0.000000000000000000e+00,7.291654478100708729e+03,2.955438665085125677e-02,3.319203307111111371e+03,2.649343905700482438e+01,-1.346601927970122858e+01
6.660000000000000000e+02,7.291654475702602213e+03,0.000000000000000000e+00,7.291654475702602213e+03,2.922111618276769865e-02,3.319203307111111371e+03,2.649343956450918469e+01,-1.346610087876659634e+01
6.670000000000000000e+02,7.291654473358276846e+03,0.000000000000000000e+00,7.291654473358276846e+03,2.889160384399645093e-02,3.319203307111111371e+03,2.649344006629066328e+01,-1.346618155767892588e+01
6.680000000000000000e+02,7.291654471066524820e+03,0.000000000000000000e+00,7.291654471066524820e+03,2.856580725569926940e-02,3.319203307111111371e+03,2.649344056241379874e+01,-1.346626132681433496e+01
6.690000000000000000e+02,7.291654468826167431e+03,0.000000000000000000e+00,7.291654468826167431e+03,2.824368451755320669e-02,3.319203307111111371e+03,2.649344105294239426e+01,-1.346634019643193447e+01
6.700000000000000000e+02,7.291654466636048710e+03,0.000000000000000000e+00,7.291654466636048710e+03,2.792519420105558578e-02,3.319203307111111371e+03,2.649344153793953538e+01,-1.346641817667515184e+01
6.710000000000000000e+02,7.291654464495047250e+03,0.000000000000000000e+00,7.291654464495047250e+03,2.761029534498574134e-02,3.319203307111111371e+03,2.649344201746760064e+01,-1.346649527757303133e+01
6.720000000000000000e+02,7.291654462402061654e+03,0.000000000000000000e+00,7.291654462402061654e+03,2.729894745066928710e-02,3.319203307111111371e+03,2.649344249158826159e+01,-1.346657150904152012e+01
6.730000000000000000e+02,7.291654460356009622e+03,0.000000000000000000e+00,7.291654460356009622e+03,2.699111047529255750e-02,3.319203307111111371e+03,2.649344296036249347e+01,-1.346664688088475437e+01
6.740000000000000000e+02,7.291654458355845236e+03,0.000000000000000000e+00,7.291654458355845236e+03,2.668674482820721297e-02,3.319203307111111371e+03,2.649344342385058582e+01,-1.346672140279630803e+01
6.750000000000000000e+02,7.291654456400536219e+03,0.000000000000000000e+00,7.291654456400536219e+03,2.638581136445547135e-02,3.319203307111111371e+03,2.649344388211214607e+01,-1.346679508436045047e+01
6.760000000000000000e+02,7.291654454489074851e+03,0.000000000000000000e+00,7.291654454489074851e+03,2.608827138162572029e-02,3.319203307111111371e+03,2.649344433520611375e+01,-1.346686793505337043e+01
6.770000000000000000e+02,7.291654452620481607e+03,0.000000000000000000e+00,7.291654452620481607e+03,2.579408661234045344e-02,3.319203307111111371e+03,2.649344478319076046e+01,-1.346693996424439987e+01
6.780000000000000000e+02,7.291654450793792421e+03,0.000000000000000000e+00,7.291654450793792421e+03,2.550321922183810749e-02,3.319203307111111371e+03,2.649344522612370412e+01,-1.346701118119721485e+01
6.790000000000000000e+02,7.291654449008066877e+03,0.000000000000000000e+00,7.291654449008066877e+03,2.521563180187532185e-02,3.319203307111111371e+03,2.649344566406190538e+01,-1.346708159507103275e+01
6.800000000000000000e+02,7.291654447262388203e+03,0.000000000000000000e+00,7.291654447262388203e+03,2.493128736553842234e-02,3.319203307111111371e+03,2.649344609706169251e+01,-1.346715121492178469e+01
6.810000000000000000e+02,7.291654445555859638e+03,0.000000000000000000e+00,7.291654445555859638e+03,2.465014934330358662e-02,3.319203307111111371e+03,2.649344652517875076e+01,-1.346722004970328435e+01
6.820000000000000000e+02,7.291654443887600792e+03,0.000000000000000000e+00,7.291654443887600792e+03,2.437218157778336947e-02,3.319203307111111371e+03,2.649344694846814008e+01,-1.346728810826837552e+01
6.830000000000000000e+02,7.291654442256753100e+03,0.000000000000000000e+00,7.291654442256753100e+03,2.409734832025820644e-02,3.319203307111111371e+03,2.649344736698430225e+01,-1.346735539937007253e+01
6.840000000000000000e+02,7.291654440662478919e+03,0.000000000000000000e+00,7.291654440662478919e+03,2.382561422402425591e-02,3.319203307111111371e+03,2.649344778078106089e+01,-1.346742193166268997e+01
6.850000000000000000e+02,7.291654439103957884e+03,0.000000000000000000e+00,7.291654439103957884e+03,2.355694434077855101e-02,3.319203307111111371e+03,2.649344818991163208e+01,-1.346748771370294939e+01
6.860000000000000000e+02,7.291654437580387821e+03,0.000000000000000000e+00,7.291654437580387821e+03,2.329130411760559072e-02,3.319203307111111371e+03,2.649344859442863864e+01,-1.346755275395108065e+01
6.870000000000000000e+02,7.291654436090985655e+03,0.000000000000000000e+00,7.291654436090985655e+03,2.302865939015526220e-02,3.319203307111111371e+03,2.649344899438410295e+01,-1.346761706077191434e+01
6.880000000000000000e+02,7.291654434634983772e+03,0.000000000000000000e+00,7.291654434634983772e+03,2.276897637995508109e-02,3.319203307111111371e+03,2.649344938982946118e+01,-1.346768064243595298e+01
6.890000000000000000e+02,7.291654433211634569e+03,0.000000000000000000e+00,7.291654433211634569e+03,2.251222168877928947e-02,3.319203307111111371e+03,2.649344978081557400e+01,-1.346774350712044033e+01
6.900000000000000000e+02,7.291654431820206810e+03,0.000000000000000000e+00,7.291654431820206810e+03,2.225836229541130334e-02,3.319203307111111371e+03,2.649345016739272651e+01,-1.346780566291040415e+01
6.910000000000000000e+02,7.291654430459981995e+03,0.000000000000000000e+00,7.291654430459981995e+03,2.200736555150866955e-02,3.319203307111111371e+03,2.649345054961063894e+01,-1.346786711779970425e+01
6.920000000000000000e+02,7.291654429130260723e+03,0.000000000000000000e+00,7.291654429130260723e+03,2.175919917591954966e-02,3.319203307111111371e+03,2.649345092751846309e+01,-1.346792787969205740e+01
6.930000000000000000e+02,7.291654427830359964e+03,0.000000000000000000e+00,7.291654427830359964e+03,2.151383125215987693e-02,3.319203307111111371e+03,2.649345130116480718e+01,-1.346798795640205348e+01
6.940000000000000000e+02,7.291654426559609419e+03,0.000000000000000000e+00,7.291654426559609419e+03,2.127123022315389328e-02,3.319203307111111371e+03,2.649345167059772166e+01,-1.346804735565616085e+01
6.950000000000000000e+02,7.291654425317358800e+03,0.000000000000000000e+00,7.291654425317358800e+03,2.103136488828782555e-02,3.319203307111111371e+03,2.649345203586472053e+01,-1.346810608509372109e+01
6.960000000000000000e+02,7.291654424102964185e+03,0.000000000000000000e+00,7.291654424102964185e+03,2.079420439808706694e-02,3.319203307111111371e+03,2.649345239701278132e+01,-1.346816415226793140e+01
6.970000000000000000e+02,7.291654422915804389e+03,0.000000000000000000e+00,7.291654422915804389e+03,2.055971825170041165e-02,3.319203307111111371e+03,2.649345275408834866e+01,-1.346822156464681086e+01
6.980000000000000000e+02,7.291654421755268231e+03,0.000000000000000000e+00,7.291654421755268231e+03,2.032787629188198553e-02,3.319203307111111371e+03,2.649345310713734847e+01,-1.346827832961417037e+01
6.990000000000000000e+02,7.291654420620759083e+03,0.000000000000000000e+00,7.291654420620759083e+03,2.009864870119542832e-02,3.319203307111111371e+03,2.649345345620518799e+01,-1.346833445447055588e+01
7.000000000000000000e+02,7.291654419511690321e+03,0.000000000000000000e+00,7.291654419511690321e+03,1.987200599873624809e-02,3.319203307111111371e+03,2.649345380133675931e+01,-1.346838994643418808e+01
7.010000000000000000e+02,7.291654418427492601e+03,0.000000000000000000e+00,7.291654418427492601e+03,1.964791903588750110e-02,3.319203307111111371e+03,2.649345414257644649e+01,-1.346844481264188964e+01
7.020000000000000000e+02,7.291654417367610222e+03,0.000000000000000000e+00,7.291654417367610222e+03,1.942635899327115057e-02,3.319203307111111371e+03,2.649345447996813974e+01,-1.346849906015000720e+01
7.030000000000000000e+02,7.291654416331497487e+03,0.000000000000000000e+00,7.291654416331497487e+03,1.920729737502483575e-02,3.319203307111111371e+03,2.649345481355523191e+01,-1.346855269593531723e+01
7.040000000000000000e+02,7.291654415318620522e+03,0.000000000000000000e+00,7.291654415318620522e+03,1.899070600876023515e-02,3.319203307111111371e+03,2.649345514338062557e+01,-1.346860572689591784e+01
7.050000000000000000e+02,7.291654414328458188e+03,0.000000000000000000e+00,7.291654414328458188e+03,1.877655703817752986e-02,3.319203307111111371e+03,2.649345546948673658e+01,-1.346865815985212578e+01
7.060000000000000000e+02,7.291654413360500257e+03,0.000000000000000000e+00,7.291654413360500257e+03,1.856482292124357961e-02,3.319203307111111371e+03,2.649345579191550826e+01,-1.346871000154734510e+01
7.070000000000000000e+02,7.291654412414250146e+03,0.000000000000000000e+00,7.291654412414250146e+03,1.835547642756466674e-02,3.319203307111111371e+03,2.649345611070840789e+01,-1.346876125864893936e+01
7.080000000000000000e+02,7.291654411489219456e+03,0.000000000000000000e+00,7.291654411489219456e+03,1.814849063228071713e-02,3.319203307111111371e+03,2.649345642590643379e+01,-1.346881193774908780e+01
7.090000000000000000e+02,7.291654410584934340e+03,0.000000000000000000e+00,7.291654410584934340e+03,1.794383891546191129e-02,3.319203307111111371e+03,2.649345673755012598e+01,-1.346886204536563092e+01
7.100000000000000000e+02,7.291654409700930046e+03,0.000000000000000000e+00,7.291654409700930046e+03,1.774149495683767855e-02,3.319203307111111371e+03,2.649345704567956261e+01,-1.346891158794291066e+01
7.110000000000000000e+02,7.291654408836747280e+03,0.000000000000000000e+00,7.291654408836747280e+03,1.754143273237906975e-02,3.319203307111111371e+03,2.649345735033437421e+01,-1.346896057185260354e+01
7.120000000000000000e+02,7.291654407991946755e+03,0.000000000000000000e+00,7.291654407991946755e+03,1.734362651274390377e-02,3.319203307111111371e+03,2.649345765155374011e+01,-1.346900900339453067e+01
7.130000000000000000e+02,7.291654407166091914e+03,0.000000000000000000e+00,7.291654407166091914e+03,1.714805085790923472e-02,3.319203307111111371e+03,2.649345794937640264e+01,-1.346905688879747487e+01
7.140000000000000000e+02,7.291654406358755296e+03,0.000000000000000000e+00,7.291654406358755296e+03,1.695468061458484457e-02,3.319203307111111371e+03,2.649345824384066006e+01,-1.346910423421998182e+01
7.150000000000000000e+02,7.291654405569524897e+03,0.000000000000000000e+00,7.291654405569524897e+03,1.676349091363476748e-02,3.319203307111111371e+03,2.649345853498438785e+01,-1.346915104575114697e+01
7.160000000000000000e+02,7.291654404797994175e+03,0.000000000000000000e+00,7.291654404797994175e+03,1.657445716612414646e-02,3.319203307111111371e+03,2.649345882284503162e+01,-1.346919732941140424e+01
7.170000000000000000e+02,7.291654404043763861e+03,0.000000000000000000e+00,7.291654404043763861e+03,1.638755506046120705e-02,3.319203307111111371e+03,2.649345910745961064e+01,-1.346924309115329876e+01
7.180000000000000000e+02,7.291654403306451059e+03,0.000000000000000000e+00,7.291654403306451059e+03,1.620276055917600072e-02,3.319203307111111371e+03,2.649345938886472851e+01,-1.346928833686224891e+01
7.190000000000000000e+02,7.291654402585671050e+03,0.000000000000000000e+00,7.291654402585671050e+03,1.602004989543426294e-02,3.319203307111111371e+03,2.649345966709657674e+01,-1.346933307235730837e+01
7.200000000000000000e+02,7.291654401881056401e+03,0.000000000000000000e+00,7.291654401881056401e+03,1.583939957129561898e-02,3.319203307111111371e+03,2.649345994219094180e+01,-1.346937730339191219e+01
7.210000000000000000e+02,7.291654401192241494e+03,0.000000000000000000e+00,7.291654401192241494e+03,1.566078635331362087e-02,3.319203307111111371e+03,2.649346021418319808e+01,-1.346942103565461402e+01
7.220000000000000000e+02,7.291654400518876173e+03,0.000000000000000000e+00,7.291654400518876173e+03,1.548418726972866123e-02,3.319203307111111371e+03,2.649346048310833268e+01,-1.346946427476982500e+01
7.230000000000000000e+02,7.291654399860611193e+03,0.000000000000000000e+00,7.291654399860611193e+03,1.530957960830398382e-02,3.319203307111111371e+03,2.649346074900092773e+01,-1.346950702629852792e+01
7.240000000000000000e+02,7.291654399217106402e+03,0.000000000000000000e+00,7.291654399217106402e+03,1.513694091247922736e-02,3.319203307111111371e+03,2.649346101189518166e+01,-1.346954929573900017e+01
7.250000000000000000e+02,7.291654398588033473e+03,0.000000000000000000e+00,7.291654398588033473e+03,1.496624897965154535e-02,3.319203307111111371e+03,2.649346127182490207e+01,-1.346959108852751541e+01
7.260000000000000000e+02,7.291654397973069536e+03,0.000000000000000000e+00,7.291654397973069536e+03,1.479748185682897010e-02,3.319203307111111371e+03,2.649346152882352357e+01,-1.346963241003904699e+01
7.270000000000000000e+02,7.291654397371895357e+03,0.000000000000000000e+00,7.291654397371895357e+03,1.463061783879576749e-02,3.319203307111111371e+03,2.649346178292409704e+01,-1.346967326558795719e+01
7.280000000000000000e+02,7.291654396784201708e+03,0.000000000000000000e+00,7.291654396784201708e+03,1.446563546541837150e-02,3.319203307111111371e+03,2.649346203415930034e+01,-1.346971366042867935e+01
7.290000000000000000e+02,7.291654396209691186e+03,0.000000000000000000e+00,7.291654396209691186e+03,1.430251351801959704e-02,3.319203307111111371e+03,2.649346228256144542e+01,-1.346975359975639641e+01
7.300000000000000000e+02,7.291654395648061836e+03,0.000000000000000000e+00,7.291654395648061836e+03,1.414123101780666650e-02,3.319203307111111371e+03,2.649346252816248182e+01,-1.346979308870770708e+01
7.310000000000000000e+02,7.291654395099028079e+03,0.000000000000000000e+00,7.291654395099028079e+03,1.398176722196694741e-02,3.319203307111111371e+03,2.649346277099399316e+01,-1.346983213236128840e+01
7.320000000000000000e+02,7.291654394562306152e+03,0.000000000000000000e+00,7.291654394562306152e+03,1.382410162177437687e-02,3.319203307111111371e+03,2.649346301108721491e+01,-1.346987073573854587e+01
7.330000000000000000e+02,7.291654394037622296e+03,0.000000000000000000e+00,7.291654394037622296e+03,1.366821394012403268e-02,3.319203307111111371e+03,2.649346324847302014e+01,-1.346990890380426187e+01
7.340000000000000000e+02,7.291654393524704574e+03,0.000000000000000000e+00,7.291654393524704574e+03,1.351408412810801291e-02,3.319203307111111371e+03,2.649346348318194089e+01,-1.346994664146723331e+01
7.350000000000000000e+02,7.291654393023288321e+03,0.000000000000000000e+00,7.291654393023288321e+03,1.336169236320024038e-02,3.319203307111111371e+03,2.649346371524416099e+01,-1.346998395358090406e+01
7.360000000000000000e+02,7.291654392533118880e+03,0.000000000000000000e+00,7.291654392533118880e+03,1.321101904626693219e-02,3.319203307111111371e+03,2.649346394468953036e+01,-1.347002084494398488e+01
7.370000000000000000e+02,7.291654392053940683e+03,0.000000000000000000e+00,7.291654392053940683e+03,1.306204479909044668e-02,3.319203307111111371e+03,2.649346417154755429e+01,-1.347005732030107694e+01
7.380000000000000000e+02,7.291654391585508165e+03,0.000000000000000000e+00,7.291654391585508165e+03,1.291475046216362423e-02,3.319203307111111371e+03,2.649346439584741120e+01,-1.347009338434327752e+01
7.390000000000000000e+02,7.291654391127580311e+03,0.000000000000000000e+00,7.291654391127580311e+03,1.276911709196187732e-02,3.319203307111111371e+03,2.649346461761794913e+01,-1.347012904170878578e+01
7.400000000000000000e+02,7.291654390679921562e+03,0.000000000000000000e+00,7.291654390679921562e+03,1.262512595852696359e-02,3.319203307111111371e+03,2.649346483688768572e+01,-1.347016429698349604e+01
7.410000000000000000e+02,7.291654390242303634e+03,0.000000000000000000e+00,7.291654390242303634e+03,1.248275854339365477e-02,3.319203307111111371e+03,2.649346505368482596e+01,-1.347019915470159290e+01
7.420000000000000000e+02,7.291654389814499154e+03,0.000000000000000000e+00,7.291654389814499154e+03,1.234199653607889746e-02,3.319203307111111371e+03,2.649346526803724799e+01,-1.347023361934612673e+01
7.430000000000000000e+02,7.291654389396288934e+03,0.000000000000000000e+00,7.291654389396288934e+03,1.220282183405117793e-02,3.319203307111111371e+03,2.649346547997252443e+01,-1.347026769534959811e+01
7.440000000000000000e+02,7.291654388987456514e+03,0.000000000000000000e+00,7.291654388987456514e+03,1.206521653729137472e-02,3.319203307111111371e+03,2.649346568951790815e+01,-1.347030138709452451e+01
7.450000000000000000e+02,7.291654388587793619e+03,0.000000000000000000e+00,7.291654388587793619e+03,1.192916294851506347e-02,3.319203307111111371e+03,2.649346589670035002e+01,-1.347033469891400337e+01
7.460000000000000000e+02,7.291654388197093795e+03,0.000000000000000000e+00,7.291654388197093795e+03,1.179464357049571192e-02,3.319203307111111371e+03,2.649346610154649539e+01,-1.347036763509226809e+01
7.470000000000000000e+02,7.291654387815152404e+03,0.000000000000000000e+00,7.291654387815152404e+03,1.166164110193632433e-02,3.319203307111111371e+03,2.649346630408269121e+01,-1.347040019986524406e+01
7.480000000000000000e+02,7.291654387441780273e+03,0.000000000000000000e+00,7.291654387441780273e+03,1.153013843738594744e-02,3.319203307111111371e+03,2.649346650433498596e+01,-1.347043239742108689e+01
7.490000000000000000e+02,7.291654387076778221e+03,0.000000000000000000e+00,7.291654387076778221e+03,1.140011866458886906e-02,3.319203307111111371e+03,2.649346670232913326e+01,-1.347046423190072595e+01
7.500000000000000000e+02,7.291654386719963441e+03,0.000000000000000000e+00,7.291654386719963441e+03,1.127156506190469046e-02,3.319203307111111371e+03,2.649346689809059541e+01,-1.347049570739839375e+01
7.510000000000000000e+02,7.291654386371151304e+03,0.000000000000000000e+00,7.291654386371151304e+03,1.114446109569731426e-02,3.319203307111111371e+03,2.649346709164455049e+01,-1.347052682796215883e+01
7.520000000000000000e+02,7.291654386030159003e+03,0.000000000000000000e+00,7.291654386030159003e+03,1.101879041863090478e-02,3.319203307111111371e+03,2.649346728301589238e+01,-1.347055759759443738e+01
7.530000000000000000e+02,7.291654385696815552e+03,0.000000000000000000e+00,7.291654385696815552e+03,1.089453686945754916e-02,3.319203307111111371e+03,2.649346747222923071e+01,-1.347058802025251012e+01
7.540000000000000000e+02,7.291654385370948148e+03,0.000000000000000000e+00,7.291654385370948148e+03,1.077168446725396307e-02,3.319203307111111371e+03,2.649346765930890157e+01,-1.347061809984904102e+01
7.550000000000000000e+02,7.291654385052387624e+03,0.000000000000000000e+00,7.291654385052387624e+03,1.065021741163270190e-02,3.319203307111111371e+03,2.649346784427896750e+01,-1.347064784025256756e+01
7.560000000000000000e+02,7.291654384740971182e+03,0.000000000000000000e+00,7.291654384740971182e+03,1.053012008103217448e-02,3.319203307111111371e+03,2.649346802716321747e+01,-1.347067724528800348e+01
7.570000000000000000e+02,7.291654384436537839e+03,0.000000000000000000e+00,7.291654384436537839e+03,1.041137702971354877e-02,3.319203307111111371e+03,2.649346820798517044e+01,-1.347070631873713253e+01
7.580000000000000000e+02,7.291654384138932073e+03,0.000000000000000000e+00,7.291654384138932073e+03,1.029397298642392190e-02,3.319203307111111371e+03,2.649346838676807891e+01,-1.347073506433909174e+01
7.590000000000000000e+02,7.291654383848001089e+03,0.000000000000000000e+00,7.291654383848001089e+03,1.017789285127630901e-02,3.319203307111111371e+03,2.649346856353493962e+01,-1.347076348579085625e+01
7.600000000000000000e+02,7.291654383563594820e+03,0.000000000000000000e+00,7.291654383563594820e+03,1.006312169545784188e-02,3.319203307111111371e+03,2.649346873830848637e+01,-1.347079158674770838e+01
7.610000000000000000e+02,7.291654383285565928e+03,0.000000000000000000e+00,7.291654383285565928e+03,9.949644758241333112e-03,3.319203307111111371e+03,2.649346891111119717e+01,-1.347081937082371539e+01
7.620000000000000000e+02,7.291654383013771621e+03,0.000000000000000000e+00,7.291654383013771621e+03,9.837447445257857526e-03,3.319203307111111371e+03,2.649346908196529782e+01,-1.347084684159218781e+01
7.630000000000000000e+02,7.291654382748073658e+03,0.000000000000000000e+00,7.291654382748073658e+03,9.726515327120321963e-03,3.319203307111111371e+03,2.649346925089275828e+01,-1.347087400258614132e+01
7.640000000000000000e+02,7.291654382488332885e+03,0.000000000000000000e+00,7.291654382488332885e+03,9.616834136547633763e-03,3.319203307111111371e+03,2.649346941791530696e+01,-1.347090085729875497e+01
7.650000000000000000e+02,7.291654382234418335e+03,0.000000000000000000e+00,7.291654382234418335e+03,9.508389767539900464e-03,3.319203307111111371e+03,2.649346958305442357e+01,-1.347092740918381359e+01
7.660000000000000000e+02,7.291654381986196313e+03,0.000000000000000000e+00,7.291654381986196313e+03,9.401168272922227898e-03,3.319203307111111371e+03,2.649346974633134622e+01,-1.347095366165615715e+01
7.670000000000000000e+02,7.291654381743543127e+03,0.000000000000000000e+00,7.291654381743543127e+03,9.295155862896283330e-03,3.319203307111111371e+03,2.649346990776707145e+01,-1.347097961809211775e+01
7.680000000000000000e+02,7.291654381506331447e+03,0.000000000000000000e+00,7.291654381506331447e+03,9.190338903367142528e-03,3.319203307111111371e+03,2.649347006738236487e+01,-1.347100528182995305e+01
7.690000000000000000e+02,7.291654381274436673e+03,0.000000000000000000e+00,7.291654381274436673e+03,9.086703914146850025e-03,3.319203307111111371e+03,2.649347022519775408e+01,-1.347103065617027617e+01
7.700000000000000000e+02,7.291654381047744209e+03,0.000000000000000000e+00,7.291654381047744209e+03,8.984237566252394752e-03,3.319203307111111371e+03,2.649347038123353570e+01,-1.347105574437648556e+01
7.710000000000000000e+02,7.291654380826134911e+03,0.000000000000000000e+00,7.291654380826134911e+03,8.882926681313026152e-03,3.319203307111111371e+03,2.649347053550977904e+01,-1.347108054967517532e+01
7.720000000000000000e+02,7.291654380609498730e+03,0.000000000000000000e+00,7.291654380609498730e+03,8.782758230277572936e-03,3.319203307111111371e+03,2.649347068804632599e+01,-1.347110507525655443e+01
7.730000000000000000e+02,7.291654380397718342e+03,0.000000000000000000e+00,7.291654380397718342e+03,8.683719330132930875e-03,3.319203307111111371e+03,2.649347083886279108e+01,-1.347112932427486065e+01
7.740000000000000000e+02,7.291654380190684606e+03,0.000000000000000000e+00,7.291654380190684606e+03,8.585797243777178178e-03,3.319203307111111371e+03,2.649347098797857214e+01,-1.347115329984876197e+01
7.750000000000000000e+02,7.291654379988297478e+03,0.000000000000000000e+00,7.291654379988297478e+03,8.488979377010789570e-03,3.319203307111111371e+03,2.649347113541284671e+01,-1.347117700506175808e+01
7.760000000000000000e+02,7.291654379790446910e+03,0.000000000000000000e+00,7.291654379790446910e+03,8.393253278534872075e-03,3.319203307111111371e+03,2.649347128118457562e+01,-1.347120044296257646e+01
7.770000000000000000e+02,7.291654379597035586e+03,0.000000000000000000e+00,7.291654379597035586e+03,8.298606636687522187e-03,3.319203307111111371e+03,2.649347142531250654e+01,-1.347122361656556855e+01
7.780000000000000000e+02,7.291654379407958004e+03,0.000000000000000000e+00,7.291654379407958004e+03,8.205027279154692571e-03,3.319203307111111371e+03,2.649347156781517754e+01,-1.347124652885109164e+01
7.790000000000000000e+02,7.291654379223125034e+03,0.000000000000000000e+00,7.291654379223125034e+03,8.112503170392844007e-03,3.319203307111111371e+03,2.649347170871091706e+01,-1.347126918276589613e+01
7.800000000000000000e+02,7.291654379042434812e+03,0.000000000000000000e+00,7.291654379042434812e+03,8.021022411239565886e-03,3.319203307111111371e+03,2.649347184801784394e+01,-1.347129158122350390e+01
7.810000000000000000e+02,7.291654378865797298e+03,0.000000000000000000e+00,7.291654378865797298e+03,7.930573236107660989e-03,3.319203307111111371e+03,2.649347198575387097e+01,-1.347131372710457953e+01
7.820000000000000000e+02,7.291654378693117906e+03,0.000000000000000000e+00,7.291654378693117906e+03,7.841144012613704764e-03,3.319203307111111371e+03,2.649347212193671908e+01,-1.347133562325730871e+01
7.830000000000000000e+02,7.291654378524314779e+03,0.000000000000000000e+00,7.291654378524314779e+03,7.752723238859036275e-03,3.319203307111111371e+03,2.649347225658389604e+01,-1.347135727249775528e+01
7.840000000000000000e+02,7.291654378359296970e+03,0.000000000000000000e+00,7.291654378359296970e+03,7.665299543074865878e-03,3.319203307111111371e+03,2.649347238971272489e+01,-1.347137867761022889e+01
7.850000000000000000e+02,7.291654378197977167e+03,0.000000000000000000e+00,7.291654378197977167e+03,7.578861681929601433e-03,3.319203307111111371e+03,2.649347252134032260e+01,-1.347139984134764212e+01
7.860000000000000000e+02,7.291654378040278061e+03,0.000000000000000000e+00,7.291654378040278061e+03,7.493398538685041091e-03,3.319203307111111371e+03,2.649347265148362141e+01,-1.347142076643186392e+01
7.870000000000000000e+02,7.291654377886112343e+03,0.000000000000000000e+00,7.291654377886112343e+03,7.408899121842359159e-03,3.319203307111111371e+03,2.649347278015935814e+01,-1.347144145555407135e+01
7.880000000000000000e+02,7.291654377735408161e+03,0.000000000000000000e+00,7.291654377735408161e+03,7.325352563910882651e-03,3.319203307111111371e+03,2.649347290738408134e+01,-1.347146191137509419e+01
7.890000000000000000e+02,7.291654377588082752e+03,0.000000000000000000e+00,7.291654377588082752e+03,7.242748119744154070e-03,3.319203307111111371e+03,2.649347303317415125e+01,-1.347148213652575599e+01
7.900000000000000000e+02,7.291654377444056990e+03,0.000000000000000000e+00,7.291654377444056990e+03,7.161075165969540447e-03,3.319203307111111371e+03,2.649347315754574694e+01,-1.347150213360721338e+01
7.910000000000000000e+02,7.291654377303266301e+03,0.000000000000000000e+00,7.291654377303266301e+03,7.080323198426804847e-03,3.319203307111111371e+03,2.649347328051486627e+01,-1.347152190519129178e+01
7.920000000000000000e+02,7.291654377165631558e+03,0.000000000000000000e+00,7.291654377165631558e+03,7.000481831525399122e-03,3.319203307111111371e+03,2.649347340209732238e+01,-1.347154145382081758e+01
7.930000000000000000e+02,7.291654377031080912e+03,0.000000000000000000e+00,7.291654377031080912e+03,6.921540797282609188e-03,3.319203307111111371e+03,2.649347352230875074e+01,-1.347156078200993967e+01
7.940000000000000000e+02,7.291654376899550698e+03,0.000000000000000000e+00,7.291654376899550698e+03,6.843489942166974989e-03,3.319203307111111371e+03,2.649347364116461279e+01,-1.347157989224445807e+01
7.950000000000000000e+02,7.291654376770966337e+03,0.000000000000000000e+00,7.291654376770966337e+03,6.766319228912796510e-03,3.319203307111111371e+03,2.649347375868019583e+01,-1.347159878698214008e+01
7.960000000000000000e+02,7.291654376645270531e+03,0.000000000000000000e+00,7.291654376645270531e+03,6.690018732456779957e-03,3.319203307111111371e+03,2.649347387487061312e+01,-1.347161746865304011e+01
7.970000000000000000e+02,7.291654376522389612e+03,0.000000000000000000e+00,7.291654376522389612e+03,6.614578639662214120e-03,3.319203307111111371e+03,2.649347398975080736e+01,-1.347163593965980866e+01
7.980000000000000000e+02,7.291654376402265370e+03,0.000000000000000000e+00,7.291654376402265370e+03,6.539989248078465281e-03,3.319203307111111371e+03,2.649347410333555430e+01,-1.347165420237800326e+01
7.990000000000000000e+02,7.291654376284835962e+03,0.000000000000000000e+00,7.291654376284835962e+03,6.466240964732542819e-03,3.319203307111111371e+03,2.649347421563945915e+01,-1.347167225915639222e+01
8.000000000000000000e+02,7.291654376170039541e+03,0.000000000000000000e+00,7.291654376170039541e+03,6.393324304927242886e-03,3.319203307111111371e+03,2.649347432667696722e+01,-1.347169011231725833e+01
8.010000000000000000e+02,7.291654376057816989e+03,0.000000000000000000e+00,7.291654376057816989e+03,6.321229891187525075e-03,3.319203307111111371e+03,2.649347443646236044e+01,-1.347170776415669735e+01
8.020000000000000000e+02,7.291654375948111010e+03,0.000000000000000000e+00,7.291654375948111010e+03,6.249948451078984890e-03,3.319203307111111371e+03,2.649347454500975729e+01,-1.347172521694491465e+01
8.030000000000000000e+02,7.291654375840867942e+03,0.000000000000000000e+00,7.291654375840867942e+03,6.179470816960146509e-03,3.319203307111111371e+03,2.649347465233311993e+01,-1.347174247292651295e+01
8.040000000000000000e+02,7.291654375736025941e+03,0.000000000000000000e+00,7.291654375736025941e+03,6.109787924934456486e-03,3.319203307111111371e+03,2.649347475844624711e+01,-1.347175953432078543e+01
8.050000000000000000e+02,7.291654375633539530e+03,0.000000000000000000e+00,7.291654375633539530e+03,6.040890813109551193e-03,3.319203307111111371e+03,2.649347486336278834e+01,-1.347177640332199822e+01
8.060000000000000000e+02,7.291654375533347775e+03,0.000000000000000000e+00,7.291654375533347775e+03,5.972770620572684028e-03,3.319203307111111371e+03,2.649347496709623684e+01,-1.347179308209967630e+01
8.070000000000000000e+02,7.291654375435404290e+03,0.000000000000000000e+00,7.291654375435404290e+03,5.905418586564286677e-03,3.319203307111111371e+03,2.649347506965993304e+01,-1.347180957279887714e+01
8.080000000000000000e+02,7.291654375339657236e+03,0.000000000000000000e+00,7.291654375339657236e+03,5.838826048481817604e-03,3.319203307111111371e+03,2.649347517106706817e+01,-1.347182587754046956e+01
8.090000000000000000e+02,7.291654375246057498e+03,0.000000000000000000e+00,7.291654375246057498e+03,5.772984442106310864e-03,3.319203307111111371e+03,2.649347527133068425e+01,-1.347184199842140728e+01
8.100000000000000000e+02,7.291654375154555964e+03,0.000000000000000000e+00,7.291654375154555964e+03,5.707885299543136171e-03,3.319203307111111371e+03,2.649347537046367762e+01,-1.347185793751499894e+01
8.110000000000000000e+02,7.291654375065108070e+03,0.000000000000000000e+00,7.291654375065108070e+03,5.643520248611745734e-03,3.319203307111111371e+03,2.649347546847879542e+01,-1.347187369687117098e+01
8.120000000000000000e+02,7.291654374977664702e+03,0.000000000000000000e+00,7.291654374977664702e+03,5.579881010881990698e-03,3.319203307111111371e+03,2.649347556538864268e+01,-1.347188927851673590e+01
8.130000000000000000e+02,7.291654374892182204e+03,0.000000000000000000e+00,7.291654374892182204e+03,5.516959402384094893e-03,3.319203307111111371e+03,2.649347566120568587e+01,-1.347190468445564981e+01
8.140000000000000000e+02,7.291654374808616922e+03,0.000000000000000000e+00,7.291654374808616922e+03,5.454747329507022603e-03,3.319203307111111371e+03,2.649347575594224580e+01,-1.347191991666927180e+01
8.150000000000000000e+02,7.291654374726927017e+03,0.000000000000000000e+00,7.291654374726927017e+03,5.393236792686164141e-03,3.319203307111111371e+03,2.649347584961050828e+01,-1.347193497711661436e+01
8.160000000000000000e+02,7.291654374647068835e+03,0.000000000000000000e+00,7.291654374647068835e+03,5.332419879800719825e-03,3.319203307111111371e+03,2.649347594222252056e+01,-1.347194986773460634e+01
8.170000000000000000e+02,7.291654374569000538e+03,0.000000000000000000e+00,7.291654374569000538e+03,5.272288770536874732e-03,3.319203307111111371e+03,2.649347603379019134e+01,-1.347196459043832917e+01
8.180000000000000000e+02,7.291654374492683928e+03,0.000000000000000000e+00,7.291654374492683928e+03,5.212835729622737960e-03,3.319203307111111371e+03,2.649347612432529786e+01,-1.347197914712127087e+01
8.190000000000000000e+02,7.291654374418075349e+03,0.000000000000000000e+00,7.291654374418075349e+03,5.154053112449395735e-03,3.319203307111111371e+03,2.649347621383948592e+01,-1.347199353965556590e+01
8.200000000000000000e+02,7.291654374345145698e+03,0.000000000000000000e+00,7.291654374345145698e+03,5.095933357870370897e-03,3.319203307111111371e+03,2.649347630234426276e+01,-1.347200776989224202e+01
8.210000000000000000e+02,7.291654374273847679e+03,0.000000000000000000e+00,7.291654374273847679e+03,5.038468991913431540e-03,3.319203307111111371e+03,2.649347638985101483e+01,-1.347202183966144773e+01
8.220000000000000000e+02,7.291654374204149462e+03,0.000000000000000000e+00,7.291654374204149462e+03,4.981652623365877622e-03,3.319203307111111371e+03,2.649347647637099712e+01,-1.347203575077269733e+01
8.230000000000000000e+02,7.291654374136012848e+03,0.000000000000000000e+00,7.291654374136012848e+03,4.925476945629030621e-03,3.319203307111111371e+03,2.649347656191533318e+01,-1.347204950501510012e+01
8.240000000000000000e+02,7.291654374069407822e+03,0.000000000000000000e+00,7.291654374069407822e+03,4.869934733579776159e-03,3.319203307111111371e+03,2.649347664649502931e+01,-1.347206310415758956e+01
8.250000000000000000e+02,7.291654374004293459e+03,0.000000000000000000e+00,7.291654374004293459e+03,4.815018844142602943e-03,3.319203307111111371e+03,2.649347673012096038e+01,-1.347207654994915238e+01
8.260000000000000000e+02,7.291654373940640653e+03,0.000000000000000000e+00,7.291654373940640653e+03,4.760722214574950040e-03,3.319203307111111371e+03,2.649347681280388400e+01,-1.347208984411905242e+01
8.270000000000000000e+02,7.291654373878414845e+03,0.000000000000000000e+00,7.291654373878414845e+03,4.707037861890752198e-03,3.319203307111111371e+03,2.649347689455442989e+01,-1.347210298837705267e+01
8.280000000000000000e+02,7.291654373817584201e+03,0.000000000000000000e+00,7.291654373817584201e+03,4.653958881461209285e-03,3.319203307111111371e+03,2.649347697538311763e+01,-1.347211598441363911e+01
8.290000000000000000e+02,7.291654373758118709e+03,0.000000000000000000e+00,7.291654373758118709e+03,4.601478446750586170e-03,3.319203307111111371e+03,2.649347705530033892e+01,-1.347212883390023030e+01
8.300000000000000000e+02,7.291654373699986536e+03,0.000000000000000000e+00,7.291654373699986536e+03,4.549589808639464134e-03,3.319203307111111371e+03,2.649347713431637175e+01,-1.347214153848939944e+01
8.310000000000000000e+02,7.291654373643156759e+03,0.000000000000000000e+00,7.291654373643156759e+03,4.498286293633226886e-03,3.319203307111111371e+03,2.649347721244137688e+01,-1.347215409981508571e+01
8.320000000000000000e+02,7.291654373587602095e+03,0.000000000000000000e+00,7.291654373587602095e+03,4.447561303181449613e-03,3.319203307111111371e+03,2.649347728968540494e+01,-1.347216651949280219e+01
8.330000000000000000e+02,7.291654373533293438e+03,0.000000000000000000e+00,7.291654373533293438e+03,4.397408314034629249e-03,3.319203307111111371e+03,2.649347736605839287e+01,-1.347217879911984362e+01
8.340000000000000000e+02,7.291654373480203503e+03,0.000000000000000000e+00,7.291654373480203503e+03,4.347820875486768655e-03,3.319203307111111371e+03,2.649347744157015683e+01,-1.347219094027549424e+01
8.350000000000000000e+02,7.291654373428304098e+03,0.000000000000000000e+00,7.291654373428304098e+03,4.298792610365404117e-03,3.319203307111111371e+03,2.649347751623041347e+01,-1.347220294452122680e+01
8.360000000000000000e+02,7.291654373377567936e+03,0.000000000000000000e+00,7.291654373377567936e+03,4.250317213381941440e-03,3.319203307111111371e+03,2.649347759004876224e+01,-1.347221481340090854e+01
8.370000000000000000e+02,7.291654373327967733e+03,0.000000000000000000e+00,7.291654373327967733e+03,4.202388450053844496e-03,3.319203307111111371e+03,2.649347766303469598e+01,-1.347222654844099665e+01
8.380000000000000000e+02,7.291654373279482570e+03,0.000000000000000000e+00,7.291654373279482570e+03,4.155000155977417453e-03,3.319203307111111371e+03,2.649347773519760452e+01,-1.347223815115073542e+01
8.390000000000000000e+02,7.291654373232085163e+03,0.000000000000000000e+00,7.291654373232085163e+03,4.108146236676348678e-03,3.319203307111111371e+03,2.649347780654676399e+01,-1.347224962302235163e+01
8.400000000000000000e+02,7.291654373185748227e+03,0.000000000000000000e+00,7.291654373185748227e+03,4.061820666216249542e-03,3.319203307111111371e+03,2.649347787709135460e+01,-1.347226096553124108e+01
8.410000000000000000e+02,7.291654373140451753e+03,0.000000000000000000e+00,7.291654373140451753e+03,4.016017486806175429e-03,3.319203307111111371e+03,2.649347794684044999e+01,-1.347227218013616579e+01
8.420000000000000000e+02,7.291654373096169365e+03,0.000000000000000000e+00,7.291654373096169365e+03,3.970730807625765316e-03,3.319203307111111371e+03,2.649347801580301720e+01,-1.347228326827943512e+01
8.430000000000000000e+02,7.291654373052883784e+03,0.000000000000000000e+00,7.291654373052883784e+03,3.925954804374403619e-03,3.319203307111111371e+03,2.649347808398792736e+01,-1.347229423138709770e+01
8.440000000000000000e+02,7.291654373010566815e+03,0.000000000000000000e+00,7.291654373010566815e+03,3.881683718137196766e-03,3.319203307111111371e+03,2.649347815140394857e+01,-1.347230507086911722e+01
8.450000000000000000e+02,7.291654372969197539e+03,0.000000000000000000e+00,7.291654372969197539e+03,3.837911855596239964e-03,3.319203307111111371e+03,2.649347821805975300e+01,-1.347231578811956076e+01
8.460000000000000000e+02,7.291654372928759585e+03,0.000000000000000000e+00,7.291654372928759585e+03,3.794633587198556219e-03,3.319203307111111371e+03,2.649347828396391336e+01,-1.347232638451677467e+01
8.470000000000000000e+02,7.291654372889225669e+03,0.000000000000000000e+00,7.291654372889225669e+03,3.751843346641786821e-03,3.319203307111111371e+03,2.649347834912490285e+01,-1.347233686142356390e+01
8.480000000000000000e+02,7.291654372850577602e+03,0.000000000000000000e+00,7.291654372850577602e+03,3.709535631035818133e-03,3.319203307111111371e+03,2.649347841355110589e+01,-1.347234722018736086e+01
8.490000000000000000e+02,7.291654372812798101e+03,0.000000000000000000e+00,7.291654372812798101e+03,3.667704998777531530e-03,3.319203307111111371e+03,2.649347847725080385e+01,-1.347235746214040830e+01
8.500000000000000000e+02,7.291654372775865340e+03,0.000000000000000000e+00,7.291654372775865340e+03,3.626346070403517127e-03,3.319203307111111371e+03,2.649347854023219284e+01,-1.347236758859992456e+01
8.510000000000000000e+02,7.291654372739760220e+03,0.000000000000000000e+00,7.291654372739760220e+03,3.585453526611293799e-03,3.319203307111111371e+03,2.649347860250336950e+01,-1.347237760086827407e+01
8.520000000000000000e+02,7.291654372704464549e+03,0.000000000000000000e+00,7.291654372704464549e+03,3.545022107998710773e-03,3.319203307111111371e+03,2.649347866407234520e+01,-1.347238750023313436e+01
8.530000000000000000e+02,7.291654372669961049e+03,0.000000000000000000e+00,7.291654372669961049e+03,3.505046614949631090e-03,3.319203307111111371e+03,2.649347872494703537e+01,-1.347239728796766478e+01
8.540000000000000000e+02,7.291654372636233347e+03,0.000000000000000000e+00,7.291654372636233347e+03,3.465521906378386027e-03,3.319203307111111371e+03,2.649347878513527377e+01,-1.347240696533066462e+01
8.550000000000000000e+02,7.291654372603257798e+03,0.000000000000000000e+00,7.291654372603257798e+03,3.426442898465009018e-03,3.319203307111111371e+03,2.649347884464479819e+01,-1.347241653356674185e+01
8.560000000000000000e+02,7.291654372571024396e+03,0.000000000000000000e+00,7.291654372571024396e+03,3.387804565510413573e-03,3.319203307111111371e+03,2.649347890348326118e+01,-1.347242599390646589e+01
8.570000000000000000e+02,7.291654372539514043e+03,0.000000000000000000e+00,7.291654372539514043e+03,3.349601938344461821e-03,3.319203307111111371e+03,2.649347896165823357e+01,-1.347243534756653283e+01
8.580000000000000000e+02,7.291654372508707638e+03,0.000000000000000000e+00,7.291654372508707638e+03,3.311830104035619945e-03,3.319203307111111371e+03,2.649347901917719383e+01,-1.347244459574991637e+01
8.590000000000000000e+02,7.291654372478596088e+03,0.000000000000000000e+00,7.291654372478596088e+03,3.274484203643371078e-03,3.319203307111111371e+03,2.649347907604753871e+01,-1.347245373964602777e+01
8.600000000000000000e+02,7.291654372449159382e+03,0.000000000000000000e+00,7.291654372449159382e+03,3.237559435350918606e-03,3.319203307111111371e+03,2.649347913227658680e+01,-1.347246278043086143e+01
8.610000000000000000e+02,7.291654372420379332e+03,0.000000000000000000e+00,7.291654372420379332e+03,3.201051049379215023e-03,3.319203307111111371e+03,2.649347918787156786e+01,-1.347247171926715481e+01
8.620000000000000000e+02,7.291654372392246842e+03,0.000000000000000000e+00,7.291654372392246842e+03,3.164954351058465922e-03,3.319203307111111371e+03,2.649347924283962996e+01,-1.347248055730453054e+01
8.630000000000000000e+02,7.291654372364746450e+03,0.000000000000000000e+00,7.291654372364746450e+03,3.129264697578706695e-03,3.319203307111111371e+03,2.649347929718784300e+01,-1.347248929567964915e+01
8.640000000000000000e+02,7.291654372337859968e+03,0.000000000000000000e+00,7.291654372337859968e+03,3.093977499214841265e-03,3.319203307111111371e+03,2.649347935092319872e+01,-1.347249793551635477e+01
8.650000000000000000e+02,7.291654372311579209e+03,0.000000000000000000e+00,7.291654372311579209e+03,3.059088217229688836e-03,3.319203307111111371e+03,2.649347940405260715e+01,-1.347250647792581724e+01
8.660000000000000000e+02,7.291654372285885984e+03,0.000000000000000000e+00,7.291654372285885984e+03,3.024592364405533518e-03,3.319203307111111371e+03,2.649347945658290016e+01,-1.347251492400667594e+01
8.670000000000000000e+02,7.291654372260770288e+03,0.000000000000000000e+00,7.291654372260770288e+03,2.990485505232211728e-03,3.319203307111111371e+03,2.649347950852083500e+01,-1.347252327484518197e+01
8.680000000000000000e+02,7.291654372236216659e+03,0.000000000000000000e+00,7.291654372236216659e+03,2.956763252046622995e-03,3.319203307111111371e+03,2.649347955987309078e+01,-1.347253153151533667e+01
8.690000000000000000e+02,7.291654372212212365e+03,0.000000000000000000e+00,7.291654372212212365e+03,2.923421268758248561e-03,3.319203307111111371e+03,2.649347961064627199e+01,-1.347253969507903193e+01
8.700000000000000000e+02,7.291654372188751040e+03,0.000000000000000000e+00,7.291654372188751040e+03,2.890455266443344492e-03,3.319203307111111371e+03,2.649347966084690853e+01,-1.347254776658618347e+01
8.710000000000000000e+02,7.291654372165811765e+03,0.000000000000000000e+00,7.291654372165811765e+03,2.857861005974642390e-03,3.319203307111111371e+03,2.649347971048145922e+01,-1.347255574707486758e+01
8.720000000000000000e+02,7.291654372143388173e+03,0.000000000000000000e+00,7.291654372143388173e+03,2.825634294727403118e-03,3.319203307111111371e+03,2.649347975955630474e+01,-1.347256363757145614e+01
8.730000000000000000e+02,7.291654372121465713e+03,0.000000000000000000e+00,7.291654372121465713e+03,2.793770989111786941e-03,3.319203307111111371e+03,2.649347980807775471e+01,-1.347257143909074451e+01
8.740000000000000000e+02,7.291654372100039836e+03,0.000000000000000000e+00,7.291654372100039836e+03,2.762266990068837878e-03,3.319203307111111371e+03,2.649347985605205480e+01,-1.347257915263608830e+01
8.750000000000000000e+02,7.291654372079089626e+03,0.000000000000000000e+00,7.291654372079089626e+03,2.731118246398283114e-03,3.319203307111111371e+03,2.649347990348536896e+01,-1.347258677919952774e+01
8.760000000000000000e+02,7.291654372058610534e+03,0.000000000000000000e+00,7.291654372058610534e+03,2.700320752107674728e-03,3.319203307111111371e+03,2.649347995038380077e+01,-1.347259431976191379e+01
8.770000000000000000e+02,7.291654372038590736e+03,0.000000000000000000e+00,7.291654372038590736e+03,2.669870546092422553e-03,3.319203307111111371e+03,2.649347999675338272e+01,-1.347260177529303959e+01
8.780000000000000000e+02,7.291654372019018410e+03,0.000000000000000000e+00,7.291654372019018410e+03,2.639763712383695702e-03,3.319203307111111371e+03,2.649348004260007627e+01,-1.347260914675176124e+01
8.790000000000000000e+02,7.291654371999888099e+03,0.000000000000000000e+00,7.291654371999888099e+03,2.609996378635691654e-03,3.319203307111111371e+03,2.649348008792977893e+01,-1.347261643508612217e+01
8.800000000000000000e+02,7.291654371981185250e+03,0.000000000000000000e+00,7.291654371981185250e+03,2.580564716926245401e-03,3.319203307111111371e+03,2.649348013274832425e+01,-1.347262364123347389e+01
8.810000000000000000e+02,7.291654371962903497e+03,0.000000000000000000e+00,7.291654371962903497e+03,2.551464941385575211e-03,3.319203307111111371e+03,2.649348017706147118e+01,-1.347263076612060217e+01
8.820000000000000000e+02,7.291654371945030107e+03,0.000000000000000000e+00,7.291654371945030107e+03,2.522693310152640447e-03,3.319203307111111371e+03,2.649348022087491827e+01,-1.347263781066383714e+01
8.830000000000000000e+02,7.291654371927557804e+03,0.000000000000000000e+00,7.291654371927557804e+03,2.494246122674452504e-03,3.319203307111111371e+03,2.649348026419430369e+01,-1.347264477576917763e+01
8.840000000000000000e+02,7.291654371910474765e+03,0.000000000000000000e+00,7.291654371910474765e+03,2.466119720344927060e-03,3.319203307111111371e+03,2.649348030702519807e+01,-1.347265166233240841e+01
8.850000000000000000e+02,7.291654371893778261e+03,0.000000000000000000e+00,7.291654371893778261e+03,2.438310485551242832e-03,3.319203307111111371e+03,2.649348034937310814e+01,-1.347265847123920857e+01
8.860000000000000000e+02,7.291654371877455560e+03,0.000000000000000000e+00,7.291654371877455560e+03,2.410814842187644549e-03,3.319203307111111371e+03,2.649348039124348020e+01,-1.347266520336527407e+01
8.870000000000000000e+02,7.291654371861496656e+03,0.000000000000000000e+00,7.291654371861496656e+03,2.383629253846872298e-03,3.319203307111111371e+03,2.649348043264170371e+01,-1.347267185957642255e+01
8.880000000000000000e+02,7.291654371845898822e+03,0.000000000000000000e+00,7.291654371845898822e+03,2.356750223994923642e-03,3.319203307111111371e+03,2.649348047357309710e+01,-1.347267844072870879e+01
8.890000000000000000e+02,7.291654371830649325e+03,0.000000000000000000e+00,7.291654371830649325e+03,2.330174296048741905e-03,3.319203307111111371e+03,2.649348051404292903e+01,-1.347268494766853664e+01
8.900000000000000000e+02,7.291654371815741797e+03,0.000000000000000000e+00,7.291654371815741797e+03,2.303898052045193646e-03,3.319203307111111371e+03,2.649348055405640068e+01,-1.347269138123276377e+01
8.910000000000000000e+02,7.291654371801169873e+03,0.000000000000000000e+00,7.291654371801169873e+03,2.277918112045414049e-03,3.319203307111111371e+03,2.649348059361865992e+01,-1.347269774224881012e+01
8.920000000000000000e+02,7.291654371786923548e+03,0.000000000000000000e+00,7.291654371786923548e+03,2.252231136032933987e-03,3.319203307111111371e+03,2.649348063273479426e+01,-1.347270403153476792e+01
8.930000000000000000e+02,7.291654371772996456e+03,0.000000000000000000e+00,7.291654371772996456e+03,2.226833818803773592e-03,3.319203307111111371e+03,2.649348067140983431e+01,-1.347271024989950305e+01
8.940000000000000000e+02,7.291654371759382229e+03,0.000000000000000000e+00,7.291654371759382229e+03,2.201722895069590635e-03,3.319203307111111371e+03,2.649348070964875745e+01,-1.347271639814275623e+01
8.950000000000000000e+02,7.291654371746070865e+03,0.000000000000000000e+00,7.291654371746070865e+03,2.176895135060022066e-03,3.319203307111111371e+03,2.649348074745647708e+01,-1.347272247705525672e+01
8.960000000000000000e+02,7.291654371733062362e+03,0.000000000000000000e+00,7.291654371733062362e+03,2.152347345735152948e-03,3.319203307111111371e+03,2.649348078483785685e+01,-1.347272848741881290e+01
8.970000000000000000e+02,7.291654371720343079e+03,0.000000000000000000e+00,7.291654371720343079e+03,2.128076369702967038e-03,3.319203307111111371e+03,2.649348082179770714e+01,-1.347273443000641713e+01
8.980000000000000000e+02,7.291654371707909377e+03,0.000000000000000000e+00,7.291654371707909377e+03,2.104079085709966053e-03,3.319203307111111371e+03,2.649348085834077793e+01,-1.347274030558234692e+01
8.990000000000000000e+02,7.291654371695753980e+03,0.000000000000000000e+00,7.291654371695753980e+03,2.080352407708940116e-03,3.319203307111111371e+03,2.649348089447176946e+01,-1.347274611490225915e+01
9.000000000000000000e+02,7.291654371683871432e+03,0.000000000000000000e+00,7.291654371683871432e+03,2.056893283471544591e-03,3.319203307111111371e+03,2.649348093019532868e+01,-1.347275185871329128e+01
9.010000000000000000e+02,7.291654371672256275e+03,0.000000000000000000e+00,7.291654371672256275e+03,2.033698696717275902e-03,3.319203307111111371e+03,2.649348096551605281e+01,-1.347275753775415552e+01
9.020000000000000000e+02,7.291654371660901234e+03,0.000000000000000000e+00,7.291654371660901234e+03,2.010765664030158412e-03,3.319203307111111371e+03,2.649348100043848220e+01,-1.347276315275523295e+01
9.030000000000000000e+02,7.291654371649800851e+03,0.000000000000000000e+00,7.291654371649800851e+03,1.988091235782449978e-03,3.319203307111111371e+03,2.649348103496710749e+01,-1.347276870443866947e+01
9.040000000000000000e+02,7.291654371638949669e+03,0.000000000000000000e+00,7.291654371638949669e+03,1.965672496660886368e-03,3.319203307111111371e+03,2.649348106910636957e+01,-1.347277419351846817e+01
9.050000000000000000e+02,7.291654371628341323e+03,0.000000000000000000e+00,7.291654371628341323e+03,1.943506562021563413e-03,3.319203307111111371e+03,2.649348110286065960e+01,-1.347277962070057988e+01
9.060000000000000000e+02,7.291654371617971265e+03,0.000000000000000000e+00,7.291654371617971265e+03,1.921590582258356043e-03,3.319203307111111371e+03,2.649348113623431900e+01,-1.347278498668299385e+01
9.070000000000000000e+02,7.291654371607832218e+03,0.000000000000000000e+00,7.291654371607832218e+03,1.899921738437595087e-03,3.319203307111111371e+03,2.649348116923163943e+01,-1.347279029215582824e+01
9.080000000000000000e+02,7.291654371597922363e+03,0.000000000000000000e+00,7.291654371597922363e+03,1.878497243389776672e-03,3.319203307111111371e+03,2.649348120185686639e+01,-1.347279553780142258e+01
9.090000000000000000e+02,7.291654371588233516e+03,0.000000000000000000e+00,7.291654371588233516e+03,1.857314342115804102e-03,3.319203307111111371e+03,2.649348123411419564e+01,-1.347280072429441766e+01
9.100000000000000000e+02,7.291654371578762948e+03,0.000000000000000000e+00,7.291654371578762948e+03,1.836370309930417631e-03,3.319203307111111371e+03,2.649348126600777320e+01,-1.347280585230184968e+01
9.110000000000000000e+02,7.291654371569504292e+03,0.000000000000000000e+00,7.291654371569504292e+03,1.815662453677381041e-03,3.319203307111111371e+03,2.649348129754170245e+01,-1.347281092248323198e+01
9.120000000000000000e+02,7.291654371560453910e+03,0.000000000000000000e+00,7.291654371560453910e+03,1.795188109775077995e-03,3.319203307111111371e+03,2.649348132872004058e+01,-1.347281593549064027e+01
9.130000000000000000e+02,7.291654371551605436e+03,0.000000000000000000e+00,7.291654371551605436e+03,1.774944645222389060e-03,3.319203307111111371e+03,2.649348135954679506e+01,-1.347282089196879795e+01
9.140000000000000000e+02,7.291654371542955232e+03,0.000000000000000000e+00,7.291654371542955232e+03,1.754929456244617081e-03,3.319203307111111371e+03,2.649348139002593072e+01,-1.347282579255515955e+01
9.150000000000000000e+02,7.291654371534501479e+03,0.000000000000000000e+00,7.291654371534501479e+03,1.735139968693791539e-03,3.319203307111111371e+03,2.649348142016136620e+01,-1.347283063787998714e+01
9.160000000000000000e+02,7.291654371526235082e+03,0.000000000000000000e+00,7.291654371526235082e+03,1.715573637894117921e-03,3.319203307111111371e+03,2.649348144995698107e+01,-1.347283542856643912e+01
9.170000000000000000e+02,7.291654371518153312e+03,0.000000000000000000e+00,7.291654371518153312e+03,1.696227946873199877e-03,3.319203307111111371e+03,2.649348147941660514e+01,-1.347284016523064665e+01
9.180000000000000000e+02,7.291654371510253441e+03,0.000000000000000000e+00,7.291654371510253441e+03,1.677100408108016293e-03,3.319203307111111371e+03,2.649348150854402562e+01,-1.347284484848179176e+01
9.190000000000000000e+02,7.291654371502530921e+03,0.000000000000000000e+00,7.291654371502530921e+03,1.658188561117602362e-03,3.319203307111111371e+03,2.649348153734299061e+01,-1.347284947892218732e+01
9.200000000000000000e+02,7.291654371494983934e+03,0.000000000000000000e+00,7.291654371494983934e+03,1.639489973719921367e-03,3.319203307111111371e+03,2.649348156581720559e+01,-1.347285405714735518e+01
9.210000000000000000e+02,7.291654371487603385e+03,0.000000000000000000e+00,7.291654371487603385e+03,1.621002241500251514e-03,3.319203307111111371e+03,2.649348159397032987e+01,-1.347285858374610079e+01
9.220000000000000000e+02,7.291654371480389273e+03,0.000000000000000000e+00,7.291654371480389273e+03,1.602722986133926471e-03,3.319203307111111371e+03,2.649348162180598365e+01,-1.347286305930059136e+01
9.230000000000000000e+02,7.291654371473337051e+03,0.000000000000000000e+00,7.291654371473337051e+03,1.584649857298169777e-03,3.319203307111111371e+03,2.649348164932774807e+01,-1.347286748438642512e+01
9.240000000000000000e+02,7.291654371466442171e+03,0.000000000000000000e+00,7.291654371466442171e+03,1.566780530324586368e-03,3.319203307111111371e+03,2.649348167653916519e+01,-1.347287185957271483e+01
9.250000000000000000e+02,7.291654371459703725e+03,0.000000000000000000e+00,7.291654371459703725e+03,1.549112706744356022e-03,3.319203307111111371e+03,2.649348170344373088e+01,-1.347287618542215348e+01
9.260000000000000000e+02,7.291654371453113527e+03,0.000000000000000000e+00,7.291654371453113527e+03,1.531644114947173065e-03,3.319203307111111371e+03,2.649348173004490903e+01,-1.347288046249108717e+01
9.270000000000000000e+02,7.291654371446673395e+03,0.000000000000000000e+00,7.291654371446673395e+03,1.514372508161096042e-03,3.319203307111111371e+03,2.649348175634611735e+01,-1.347288469132959143e+01
9.280000000000000000e+02,7.291654371440377872e+03,0.000000000000000000e+00,7.291654371440377872e+03,1.497295664681625327e-03,3.319203307111111371e+03,2.649348178235073803e+01,-1.347288887248153877e+01
9.290000000000000000e+02,7.291654371434221503e+03,0.000000000000000000e+00,7.291654371434221503e+03,1.480411388545361520e-03,3.319203307111111371e+03,2.649348180806211772e+01,-1.347289300648466615e+01
9.300000000000000000e+02,7.291654371428204286e+03,0.000000000000000000e+00,7.291654371428204286e+03,1.463717508095909543e-03,3.319203307111111371e+03,2.649348183348356400e+01,-1.347289709387064605e+01
9.310000000000000000e+02,7.291654371422322583e+03,0.000000000000000000e+00,7.291654371422322583e+03,1.447211876521047698e-03,3.319203307111111371e+03,2.649348185861834537e+01,-1.347290113516515930e+01
9.320000000000000000e+02,7.291654371416572758e+03,0.000000000000000000e+00,7.291654371416572758e+03,1.430892370918602054e-03,3.319203307111111371e+03,2.649348188346969479e+01,-1.347290513088795727e+01
9.330000000000000000e+02,7.291654371410952081e+03,0.000000000000000000e+00,7.291654371410952081e+03,1.414756892329857444e-03,3.319203307111111371e+03,2.649348190804080616e+01,-1.347290908155292932e+01
9.340000000000000000e+02,7.291654371405456004e+03,0.000000000000000000e+00,7.291654371405456004e+03,1.398803365825642677e-03,3.319203307111111371e+03,2.649348193233484139e+01,-1.347291298766817036e+01
9.350000000000000000e+02,7.291654371400084528e+03,0.000000000000000000e+00,7.291654371400084528e+03,1.383029739374832222e-03,3.319203307111111371e+03,2.649348195635492331e+01,-1.347291684973604653e+01
9.360000000000000000e+02,7.291654371394830378e+03,0.000000000000000000e+00,7.291654371394830378e+03,1.367433984826725958e-03,3.319203307111111371e+03,2.649348198010414279e+01,-1.347292066825325918e+01
9.370000000000000000e+02,7.291654371389697189e+03,0.000000000000000000e+00,7.291654371389697189e+03,1.352014095380885388e-03,3.319203307111111371e+03,2.649348200358555516e+01,-1.347292444371090703e+01
9.380000000000000000e+02,7.291654371384679507e+03,0.000000000000000000e+00,7.291654371384679507e+03,1.336768088920431896e-03,3.319203307111111371e+03,2.649348202680217668e+01,-1.347292817659455189e+01
9.390000000000000000e+02,7.291654371379772783e+03,0.000000000000000000e+00,7.291654371379772783e+03,1.321694004365099422e-03,3.319203307111111371e+03,2.649348204975699517e+01,-1.347293186738428084e+01
9.400000000000000000e+02,7.291654371374977927e+03,0.000000000000000000e+00,7.291654371374977927e+03,1.306789902681720862e-03,3.319203307111111371e+03,2.649348207245296649e+01,-1.347293551655476485e+01
9.410000000000000000e+02,7.291654371370288573e+03,0.000000000000000000e+00,7.291654371370288573e+03,1.292053867708836462e-03,3.319203307111111371e+03,2.649348209489300388e+01,-1.347293912457532628e+01
9.420000000000000000e+02,7.291654371365706538e+03,0.000000000000000000e+00,7.291654371365706538e+03,1.277484003485874955e-03,3.319203307111111371e+03,2.649348211707999567e+01,-1.347294269190999216e+01
9.430000000000000000e+02,7.291654371361224548e+03,0.000000000000000000e+00,7.291654371361224548e+03,1.263078436668491891e-03,3.319203307111111371e+03,2.649348213901679827e+01,-1.347294621901755640e+01
9.440000000000000000e+02,7.291654371356844422e+03,0.000000000000000000e+00,7.291654371356844422e+03,1.248835314499577428e-03,3.319203307111111371e+03,2.649348216070622897e+01,-1.347294970635164191e+01
9.450000000000000000e+02,7.291654371352563430e+03,0.000000000000000000e+00,7.291654371352563430e+03,1.234752804941826503e-03,3.319203307111111371e+03,2.649348218215107664e+01,-1.347295315436075391e+01
9.460000000000000000e+02,7.291654371348375207e+03,0.000000000000000000e+00,7.291654371348375207e+03,1.220829097174487305e-03,3.319203307111111371e+03,2.649348220335410176e+01,-1.347295656348834036e+01
9.470000000000000000e+02,7.291654371344286119e+03,0.000000000000000000e+00,7.291654371344286119e+03,1.207062400049999703e-03,3.319203307111111371e+03,2.649348222431803279e+01,-1.347295993417285054e+01
9.480000000000000000e+02,7.291654371340284342e+03,0.000000000000000000e+00,7.291654371340284342e+03,1.193450943474848140e-03,3.319203307111111371e+03,2.649348224504556271e+01,-1.347296326684778833e+01
9.490000000000000000e+02,7.291654371336373515e+03,0.000000000000000000e+00,7.291654371336373515e+03,1.179992976907505561e-03,3.319203307111111371e+03,2.649348226553935959e+01,-1.347296656194176911e+01
9.500000000000000000e+02,7.291654371332550909e+03,0.000000000000000000e+00,7.291654371332550909e+03,1.166686768930528953e-03,3.319203307111111371e+03,2.649348228580205600e+01,-1.347296981987857478e+01
9.510000000000000000e+02,7.291654371328815614e+03,0.000000000000000000e+00,7.291654371328815614e+03,1.153530608589790158e-03,3.319203307111111371e+03,2.649348230583625963e+01,-1.347297304107720883e+01
9.520000000000000000e+02,7.291654371325162174e+03,0.000000000000000000e+00,7.291654371325162174e+03,1.140522804248954910e-03,3.319203307111111371e+03,2.649348232564454975e+01,-1.347297622595194966e+01
9.530000000000000000e+02,7.291654371321590588e+03,0.000000000000000000e+00,7.291654371321590588e+03,1.127661682332548824e-03,3.319203307111111371e+03,2.649348234522947010e+01,-1.347297937491240560e+01
9.540000000000000000e+02,7.291654371318099038e+03,0.000000000000000000e+00,7.291654371318099038e+03,1.114945589014079480e-03,3.319203307111111371e+03,2.649348236459353956e+01,-1.347298248836356294e+01
9.550000000000000000e+02,7.291654371314684795e+03,0.000000000000000000e+00,7.291654371314684795e+03,1.102372889015946914e-03,3.319203307111111371e+03,2.649348238373925213e+01,-1.347298556670584269e+01
9.560000000000000000e+02,7.291654371311348768e+03,0.000000000000000000e+00,7.291654371311348768e+03,1.089941965017197315e-03,3.319203307111111371e+03,2.649348240266906629e+01,-1.347298861033515216e+01
9.570000000000000000e+02,7.291654371308087320e+03,0.000000000000000000e+00,7.291654371308087320e+03,1.077651218856077358e-03,3.319203307111111371e+03,2.649348242138541920e+01,-1.347299161964293113e+01
9.580000000000000000e+02,7.291654371304898632e+03,0.000000000000000000e+00,7.291654371304898632e+03,1.065499069155938054e-03,3.319203307111111371e+03,2.649348243989071605e+01,-1.347299459501620866e+01
9.590000000000000000e+02,7.291654371301783613e+03,0.000000000000000000e+00,7.291654371301783613e+03,1.053483953563474950e-03,3.319203307111111371e+03,2.649348245818733716e+01,-1.347299753683764578e+01
9.600000000000000000e+02,7.291654371298734986e+03,0.000000000000000000e+00,7.291654371298734986e+03,1.041604326722954691e-03,3.319203307111111371e+03,2.649348247627763442e+01,-1.347300044548559050e+01
9.610000000000000000e+02,7.291654371295756391e+03,0.000000000000000000e+00,7.291654371295756391e+03,1.029858660115097382e-03,3.319203307111111371e+03,2.649348249416393841e+01,-1.347300332133412581e+01
9.620000000000000000e+02,7.291654371292843280e+03,0.000000000000000000e+00,7.291654371292843280e+03,1.018245444324116433e-03,3.319203307111111371e+03,2.649348251184854774e+01,-1.347300616475311230e+01
9.630000000000000000e+02,7.291654371290000199e+03,0.000000000000000000e+00,7.291654371290000199e+03,1.006763184805916159e-03,3.319203307111111371e+03,2.649348252933373615e+01,-1.347300897610824322e+01
9.640000000000000000e+02,7.291654371287214417e+03,0.000000000000000000e+00,7.291654371287214417e+03,9.954104052503807368e-04,3.319203307111111371e+03,2.649348254662175250e+01,-1.347301175576108712e+01
9.650000000000000000e+02,7.291654371284495028e+03,0.000000000000000000e+00,7.291654371284495028e+03,9.841856454232810608e-04,3.319203307111111371e+03,2.649348256371482080e+01,-1.347301450406913581e+01
9.660000000000000000e+02,7.291654371281835665e+03,0.000000000000000000e+00,7.291654371281835665e+03,9.730874617247941161e-04,3.319203307111111371e+03,2.649348258061513661e+01,-1.347301722138585056e+01
9.670000000000000000e+02,7.291654371279234510e+03,0.000000000000000000e+00,7.291654371279234510e+03,9.621144268624625025e-04,3.319203307111111371e+03,2.649348259732487776e+01,-1.347301990806070293e+01
9.680000000000000000e+02,7.291654371276694292e+03,0.000000000000000000e+00,7.291654371276694292e+03,9.512651297707937952e-04,3.319203307111111371e+03,2.649348261384619008e+01,-1.347302256443922808e+01
9.690000000000000000e+02,7.291654371274208643e+03,0.000000000000000000e+00,7.291654371274208643e+03,9.405381747550084102e-04,3.319203307111111371e+03,2.649348263018119809e+01,-1.347302519086306205e+01
9.700000000000000000e+02,7.291654371271781201e+03,0.000000000000000000e+00,7.291654371271781201e+03,9.299321825419484214e-04,3.319203307111111371e+03,2.649348264633200500e+01,-1.347302778766998976e+01
9.710000000000000000e+02,7.291654371269407420e+03,0.000000000000000000e+00,7.291654371269407420e+03,9.194457888034119827e-04,3.319203307111111371e+03,2.649348266230068916e+01,-1.347303035519398762e+01
9.720000000000000000e+02,7.291654371267085480e+03,0.000000000000000000e+00,7.291654371267085480e+03,9.090776449992037838e-04,3.319203307111111371e+03,2.649348267808930046e+01,-1.347303289376526259e+01
9.730000000000000000e+02,7.291654371264816291e+03,0.000000000000000000e+00,7.291654371264816291e+03,8.988264178210177233e-04,3.319203307111111371e+03,2.649348269369987108e+01,-1.347303540371030195e+01
9.740000000000000000e+02,7.291654371262599852e+03,0.000000000000000000e+00,7.291654371262599852e+03,8.886907887188675919e-04,3.319203307111111371e+03,2.649348270913441183e+01,-1.347303788535191060e+01
9.750000000000000000e+02,7.291654371260430707e+03,0.000000000000000000e+00,7.291654371260430707e+03,8.786694543039807190e-04,3.319203307111111371e+03,2.649348272439490160e+01,-1.347304033900925191e+01
9.760000000000000000e+02,7.291654371258309766e+03,0.000000000000000000e+00,7.291654371258309766e+03,8.687611253758278961e-04,3.319203307111111371e+03,2.649348273948330856e+01,-1.347304276499789033e+01
9.770000000000000000e+02,7.291654371256238846e+03,0.000000000000000000e+00,7.291654371256238846e+03,8.589645280805926391e-04,3.319203307111111371e+03,2.649348275440156897e+01,-1.347304516362983229e+01
9.780000000000000000e+02,7.291654371254212492e+03,0.000000000000000000e+00,7.291654371254212492e+03,8.492784020369172895e-04,3.319203307111111371e+03,2.649348276915160483e+01,-1.347304753521356702e+01
9.790000000000000000e+02,7.291654371252231613e+03,0.000000000000000000e+00,7.291654371252231613e+03,8.397015017201662698e-04,3.319203307111111371e+03,2.649348278373530974e+01,-1.347304988005410387e+01
9.800000000000000000e+02,7.291654371250295299e+03,0.000000000000000000e+00,7.291654371250295299e+03,8.302325958286853021e-04,3.319203307111111371e+03,2.649348279815456308e+01,-1.347305219845301139e+01
9.810000000000000000e+02,7.291654371248405369e+03,0.000000000000000000e+00,7.291654371248405369e+03,8.208704660357726010e-04,3.319203307111111371e+03,2.649348281241121583e+01,-1.347305449070846173e+01
9.820000000000000000e+02,7.291654371246553637e+03,0.000000000000000000e+00,7.291654371246553637e+03,8.116139082461712884e-04,3.319203307111111371e+03,2.649348282650710473e+01,-1.347305675711525907e+01
9.830000000000000000e+02,7.291654371244744652e+03,0.000000000000000000e+00,7.291654371244744652e+03,8.024617321731536759e-04,3.319203307111111371e+03,2.649348284044404167e+01,-1.347305899796488760e+01
9.840000000000000000e+02,7.291654371242977504e+03,0.000000000000000000e+00,7.291654371242977504e+03,7.934127609142807612e-04,3.319203307111111371e+03,2.649348285422381721e+01,-1.347306121354554342e+01
9.850000000000000000e+02,7.291654371241249464e+03,0.000000000000000000e+00,7.291654371241249464e+03,7.844658306436890632e-04,3.319203307111111371e+03,2.649348286784820417e+01,-1.347306340414217196e+01
9.860000000000000000e+02,7.291654371239559623e+03,0.000000000000000000e+00,7.291654371239559623e+03,7.756197901666913707e-04,3.319203307111111371e+03,2.649348288131895757e+01,-1.347306557003650518e+01
9.870000000000000000e+02,7.291654371237907981e+03,0.000000000000000000e+00,7.291654371237907981e+03,7.668735022842711972e-04,3.319203307111111371e+03,2.649348289463780759e+01,-1.347306771150710070e+01
9.880000000000000000e+02,7.291654371236293628e+03,0.000000000000000000e+00,7.291654371236293628e+03,7.582258423754714184e-04,3.319203307111111371e+03,2.649348290780646664e+01,-1.347306982882937021e+01
9.890000000000000000e+02,7.291654371234714745e+03,0.000000000000000000e+00,7.291654371234714745e+03,7.496756977400310029e-04,3.319203307111111371e+03,2.649348292082662937e+01,-1.347307192227562567e+01
9.900000000000000000e+02,7.291654371233173151e+03,0.000000000000000000e+00,7.291654371233173151e+03,7.412219691686535578e-04,3.319203307111111371e+03,2.649348293369996910e+01,-1.347307399211510415e+01
9.910000000000000000e+02,7.291654371231663390e+03,0.000000000000000000e+00,7.291654371231663390e+03,7.328635685931001679e-04,3.319203307111111371e+03,2.649348294642814494e+01,-1.347307603861400871e+01
9.920000000000000000e+02,7.291654371230188190e+03,0.000000000000000000e+00,7.291654371230188190e+03,7.245994220433734810e-04,3.319203307111111371e+03,2.649348295901279116e+01,-1.347307806203553859e+01
9.930000000000000000e+02,7.291654371228746641e+03,0.000000000000000000e+00,7.291654371228746641e+03,7.164284661317626025e-04,3.319203307111111371e+03,2.649348297145552422e+01,-1.347308006263992652e+01
9.940000000000000000e+02,7.291654371227338743e+03,0.000000000000000000e+00,7.291654371227338743e+03,7.083496504866894057e-04,3.319203307111111371e+03,2.649348298375794641e+01,-1.347308204068446891e+01
9.950000000000000000e+02,7.291654371225959949e+03,0.000000000000000000e+00,7.291654371225959949e+03,7.003619349709172418e-04,3.319203307111111371e+03,2.649348299592164224e+01,-1.347308399642356491e+01
9.960000000000000000e+02,7.291654371224613897e+03,0.000000000000000000e+00,7.291654371224613897e+03,6.924642937788878837e-04,3.319203307111111371e+03,2.649348300794817135e+01,-1.347308593010873956e+01
9.970000000000000000e+02,7.291654371223296948e+03,0.000000000000000000e+00,7.291654371223296948e+03,6.846557101179465924e-04,3.319203307111111371e+03,2.649348301983908627e+01,-1.347308784198868636e+01
9.980000000000000000e+02,7.291654371222010923e+03,0.000000000000000000e+00,7.291654371222010923e+03,6.769351800550617174e-04,3.319203307111111371e+03,2.649348303159591111e+01,-1.347308973230929041e+01
9.990000000000000000e+02,7.291654371220752182e+03,0.000000000000000000e+00,7.291654371220752182e+03,6.693017104744411819e-04,3.319203307111111371e+03,2.649348304322015935e+01,-1.347309160131366745e+01
1.000000000000000000e+03,7.291654371219522545e+03,0.000000000000000000e+00,7.291654371219522545e+03,6.617543203119187738e-04,3.319203307111111371e+03,2.649348305471332665e+01,-1.347309344924218877e+01
1.001000000000000000e+03,7.291654371218319284e+03,0.000000000000000000e+00,7.291654371218319284e+03,6.542920381667095961e-04,3.319203307111111371e+03,2.649348306607689096e+01,-1.347309527633251847e+01
1.002000000000000000e+03,7.291654371217146036e+03,0.000000000000000000e+00,7.291654371217146036e+03,6.469139045641566967e-04,3.319203307111111371e+03,2.649348307731231600e+01,-1.347309708281963658e+01
1.003000000000000000e+03,7.291654371215996434e+03,0.000000000000000000e+00,7.291654371215996434e+03,6.396189704546865551e-04,3.319203307111111371e+03,2.649348308842104416e+01,-1.347309886893587816e+01
1.004000000000000000e+03,7.291654371214872299e+03,0.000000000000000000e+00,7.291654371214872299e+03,6.324062978476756303e-04,3.319203307111111371e+03,2.649348309940450363e+01,-1.347310063491095278e+01
1.005000000000000000e+03,7.291654371213774539e+03,0.000000000000000000e+00,7.291654371213774539e+03,6.252749593452082985e-04,3.319203307111111371e+03,2.649348311026410840e+01,-1.347310238097198365e+01
1.006000000000000000e+03,7.291654371212701335e+03,0.000000000000000000e+00,7.291654371212701335e+03,6.182240370993794584e-04,3.319203307111111371e+03,2.649348312100125469e+01,-1.347310410734353248e+01
1.007000000000000000e+03,7.291654371211652688e+03,0.000000000000000000e+00,7.291654371211652688e+03,6.112526247621493042e-04,3.319203307111111371e+03,2.649348313161732449e+01,-1.347310581424762788e+01
1.008000000000000000e+03,7.291654371210624959e+03,0.000000000000000000e+00,7.291654371210624959e+03,6.043598257778942575e-04,3.319203307111111371e+03,2.649348314211368205e+01,-1.347310750190379380e+01
1.009000000000000000e+03,7.291654371209623605e+03,0.000000000000000000e+00,7.291654371209623605e+03,5.975447535041667054e-04,3.319203307111111371e+03,2.649348315249167385e+01,-1.347310917052908152e+01
1.010000000000000000e+03,7.291654371208644079e+03,0.000000000000000000e+00,7.291654371208644079e+03,5.908065314891549138e-04,3.319203307111111371e+03,2.649348316275263926e+01,-1.347311082033809271e+01
1.011000000000000000e+03,7.291654371207685472e+03,0.000000000000000000e+00,7.291654371207685472e+03,5.841442930562203324e-04,3.319203307111111371e+03,2.649348317289789634e+01,-1.347311245154300785e+01
1.012000000000000000e+03,7.291654371206746873e+03,0.000000000000000000e+00,7.291654371206746873e+03,5.775571814233949972e-04,3.319203307111111371e+03,2.649348318292875248e+01,-1.347311406435361825e+01
1.013000000000000000e+03,7.291654371205831922e+03,0.000000000000000000e+00,7.291654371205831922e+03,5.710443495565363211e-04,3.319203307111111371e+03,2.649348319284649378e+01,-1.347311565897734553e+01
1.014000000000000000e+03,7.291654371204936979e+03,0.000000000000000000e+00,7.291654371204936979e+03,5.646049596788947460e-04,3.319203307111111371e+03,2.649348320265239920e+01,-1.347311723561927543e+01
1.015000000000000000e+03,7.291654371204060226e+03,0.000000000000000000e+00,7.291654371204060226e+03,5.582381837887042710e-04,3.319203307111111371e+03,2.649348321234772641e+01,-1.347311879448217908e+01
1.016000000000000000e+03,7.291654371203207120e+03,0.000000000000000000e+00,7.291654371203207120e+03,5.519432027560039868e-04,3.319203307111111371e+03,2.649348322193372596e+01,-1.347312033576654322e+01
1.017000000000000000e+03,7.291654371202368566e+03,0.000000000000000000e+00,7.291654371202368566e+03,5.457192072119849404e-04,3.319203307111111371e+03,2.649348323141162709e+01,-1.347312185967059150e+01
1.018000000000000000e+03,7.291654371201551839e+03,0.000000000000000000e+00,7.291654371201551839e+03,5.395653968057937235e-04,3.319203307111111371e+03,2.649348324078265193e+01,-1.347312336639031471e+01
1.019000000000000000e+03,7.291654371200752394e+03,0.000000000000000000e+00,7.291654371200752394e+03,5.334809796776578128e-04,3.319203307111111371e+03,2.649348325004800486e+01,-1.347312485611949029e+01
1.020000000000000000e+03,7.291654371199971138e+03,0.000000000000000000e+00,7.291654371199971138e+03,5.274651737703884517e-04,3.319203307111111371e+03,2.649348325920887604e+01,-1.347312632904971430e+01
1.021000000000000000e+03,7.291654371199208072e+03,0.000000000000000000e+00,7.291654371199208072e+03,5.215172051003946633e-04,3.319203307111111371e+03,2.649348326826644495e+01,-1.347312778537041922e+01
1.022000000000000000e+03,7.291654371198461376e+03,0.000000000000000000e+00,7.291654371198461376e+03,5.156363088175592874e-04,3.319203307111111371e+03,2.649348327722187690e+01,-1.347312922526890233e+01
1.023000000000000000e+03,7.291654371197731052e+03,0.000000000000000000e+00,7.291654371197731052e+03,5.098217284635590428e-04,3.319203307111111371e+03,2.649348328607632297e+01,-1.347313064893034884e+01
1.024000000000000000e+03,7.291654371197017099e+03,0.000000000000000000e+00,7.291654371197017099e+03,5.040727164845925160e-04,3.319203307111111371e+03,2.649348329483092002e+01,-1.347313205653785673e+01
1.025000000000000000e+03,7.291654371196319516e+03,0.000000000000000000e+00,7.291654371196319516e+03,4.983885332107875887e-04,3.319203307111111371e+03,2.649348330348679426e+01,-1.347313344827245807e+01
1.026000000000000000e+03,7.291654371195637395e+03,0.000000000000000000e+00,7.291654371195637395e+03,4.927684476037560166e-04,3.319203307111111371e+03,2.649348331204506124e+01,-1.347313482431314391e+01
1.027000000000000000e+03,7.291654371194971645e+03,0.000000000000000000e+00,7.291654371194971645e+03,4.872117372633510989e-04,3.319203307111111371e+03,2.649348332050682231e+01,-1.347313618483688735e+01
1.028000000000000000e+03,7.291654371194320447e+03,0.000000000000000000e+00,7.291654371194320447e+03,4.817176869421599438e-04,3.319203307111111371e+03,2.649348332887316460e+01,-1.347313753001866665e+01
1.029000000000000000e+03,7.291654371193681982e+03,0.000000000000000000e+00,7.291654371193681982e+03,4.762855906067089496e-04,3.319203307111111371e+03,2.649348333714516102e+01,-1.347313886003148298e+01
1.030000000000000000e+03,7.291654371193057159e+03,0.000000000000000000e+00,7.291654371193057159e+03,4.709147491200837933e-04,3.319203307111111371e+03,2.649348334532388094e+01,-1.347314017504639061e+01
1.031000000000000000e+03,7.291654371192448707e+03,0.000000000000000000e+00,7.291654371192448707e+03,4.656044721951957551e-04,3.319203307111111371e+03,2.649348335341037242e+01,-1.347314147523251293e+01
1.032000000000000000e+03,7.291654371191854807e+03,0.000000000000000000e+00,7.291654371191854807e+03,4.603540767868076564e-04,3.319203307111111371e+03,2.649348336140567639e+01,-1.347314276075706907e+01
1.033000000000000000e+03,7.291654371191273640e+03,0.000000000000000000e+00,7.291654371191273640e+03,4.551628873276235450e-04,3.319203307111111371e+03,2.649348336931081960e+01,-1.347314403178538811e+01
1.034000000000000000e+03,7.291654371190704296e+03,0.000000000000000000e+00,7.291654371190704296e+03,4.500302364243680109e-04,3.319203307111111371e+03,2.649348337712682167e+01,-1.347314528848093929e+01
1.035000000000000000e+03,7.291654371190148595e+03,0.000000000000000000e+00,7.291654371190148595e+03,4.449554639571336417e-04,3.319203307111111371e+03,2.649348338485468801e+01,-1.347314653100534443e+01
1.036000000000000000e+03,7.291654371189604717e+03,0.000000000000000000e+00,7.291654371189604717e+03,4.399379171736780966e-04,3.319203307111111371e+03,2.649348339249540984e+01,-1.347314775951840460e+01
1.037000000000000000e+03,7.291654371189073572e+03,0.000000000000000000e+00,7.291654371189073572e+03,4.349769510252422854e-04,3.319203307111111371e+03,2.649348340004997127e+01,-1.347314897417811963e+01
1.038000000000000000e+03,7.291654371188554251e+03,0.000000000000000000e+00,7.291654371188554251e+03,4.300719273308257042e-04,3.319203307111111371e+03,2.649348340751934217e+01,-1.347315017514070767e+01
1.039000000000000000e+03,7.291654371188045843e+03,0.000000000000000000e+00,7.291654371188045843e+03,4.252222150175712957e-04,3.319203307111111371e+03,2.649348341490448533e+01,-1.347315136256062296e+01
1.040000000000000000e+03,7.291654371187549259e+03,0.000000000000000000e+00,7.291654371187549259e+03,4.204271905019317935e-04,3.319203307111111371e+03,2.649348342220634933e+01,-1.347315253659058065e+01
1.041000000000000000e+03,7.291654371187063589e+03,0.000000000000000000e+00,7.291654371187063589e+03,4.156862370001590447e-04,3.319203307111111371e+03,2.649348342942587564e+01,-1.347315369738157287e+01
1.042000000000000000e+03,7.291654371186590652e+03,0.000000000000000000e+00,7.291654371186590652e+03,4.109987452690372768e-04,3.319203307111111371e+03,2.649348343656398796e+01,-1.347315484508288819e+01
1.043000000000000000e+03,7.291654371186126809e+03,0.000000000000000000e+00,7.291654371186126809e+03,4.063641118005989310e-04,3.319203307111111371e+03,2.649348344362161001e+01,-1.347315597984213298e+01
1.044000000000000000e+03,7.291654371185672971e+03,0.000000000000000000e+00,7.291654371185672971e+03,4.017817410971878840e-04,3.319203307111111371e+03,2.649348345059964416e+01,-1.347315710180524917e+01
1.045000000000000000e+03,7.291654371185228229e+03,0.000000000000000000e+00,7.291654371185228229e+03,3.972510436081695879e-04,3.319203307111111371e+03,2.649348345749899281e+01,-1.347315821111653200e+01
1.046000000000000000e+03,7.291654371184797128e+03,0.000000000000000000e+00,7.291654371184797128e+03,3.927714363482613809e-04,3.319203307111111371e+03,2.649348346432054058e+01,-1.347315930791864957e+01
1.047000000000000000e+03,7.291654371184371485e+03,0.000000000000000000e+00,7.291654371184371485e+03,3.883423435752320291e-04,3.319203307111111371e+03,2.649348347106516499e+01,-1.347316039235266238e+01
1.048000000000000000e+03,7.291654371183959483e+03,0.000000000000000000e+00,7.291654371183959483e+03,3.839631954470708775e-04,3.319203307111111371e+03,2.649348347773373291e+01,-1.347316146455803931e+01
1.049000000000000000e+03,7.291654371183553849e+03,0.000000000000000000e+00,7.291654371183553849e+03,3.796334288423647654e-04,3.319203307111111371e+03,2.649348348432710054e+01,-1.347316252467267716e+01
1.050000000000000000e+03,7.291654371183157309e+03,0.000000000000000000e+00,7.291654371183157309e+03,3.753524871223134812e-04,3.319203307111111371e+03,2.649348349084612053e+01,-1.347316357283291666e+01
1.051000000000000000e+03,7.291654371182771683e+03,0.000000000000000000e+00,7.291654371182771683e+03,3.711198194170922259e-04,3.319203307111111371e+03,2.649348349729162777e+01,-1.347316460917356196e+01
1.052000000000000000e+03,7.291654371182394243e+03,0.000000000000000000e+00,7.291654371182394243e+03,3.669348813739108876e-04,3.319203307111111371e+03,2.649348350366445359e+01,-1.347316563382789667e+01
1.053000000000000000e+03,7.291654371182023169e+03,0.000000000000000000e+00,7.291654371182023169e+03,3.627971348284594216e-04,3.319203307111111371e+03,2.649348350996541512e+01,-1.347316664692770161e+01
1.054000000000000000e+03,7.291654371181662100e+03,0.000000000000000000e+00,7.291654371181662100e+03,3.587060478001704829e-04,3.319203307111111371e+03,2.649348351619532238e+01,-1.347316764860327254e+01
1.055000000000000000e+03,7.291654371181309216e+03,0.000000000000000000e+00,7.291654371181309216e+03,3.546610938004353939e-04,3.319203307111111371e+03,2.649348352235497828e+01,-1.347316863898343442e+01
1.056000000000000000e+03,7.291654371180964517e+03,0.000000000000000000e+00,7.291654371180964517e+03,3.506617529975149770e-04,3.319203307111111371e+03,2.649348352844517507e+01,-1.347316961819556091e+01
1.057000000000000000e+03,7.291654371180625276e+03,0.000000000000000000e+00,7.291654371180625276e+03,3.467075104451724848e-04,3.319203307111111371e+03,2.649348353446669790e+01,-1.347317058636558684e+01
1.058000000000000000e+03,7.291654371180296039e+03,0.000000000000000000e+00,7.291654371180296039e+03,3.427978583076512348e-04,3.319203307111111371e+03,2.649348354042031772e+01,-1.347317154361802949e+01
1.059000000000000000e+03,7.291654371179973168e+03,0.000000000000000000e+00,7.291654371179973168e+03,3.389322932431721629e-04,3.319203307111111371e+03,2.649348354630680191e+01,-1.347317249007600104e+01
1.060000000000000000e+03,7.291654371179656664e+03,0.000000000000000000e+00,7.291654371179656664e+03,3.351103185142771364e-04,3.319203307111111371e+03,2.649348355212690720e+01,-1.347317342586122635e+01
1.061000000000000000e+03,7.291654371179350164e+03,0.000000000000000000e+00,7.291654371179350164e+03,3.313314421471128977e-04,3.319203307111111371e+03,2.649348355788137965e+01,-1.347317435109405537e+01
1.062000000000000000e+03,7.291654371179049122e+03,0.000000000000000000e+00,7.291654371179049122e+03,3.275951782395244006e-04,3.319203307111111371e+03,2.649348356357096179e+01,-1.347317526589348269e+01
1.063000000000000000e+03,7.291654371178754445e+03,0.000000000000000000e+00,7.291654371178754445e+03,3.239010463624936251e-04,3.319203307111111371e+03,2.649348356919638547e+01,-1.347317617037716175e+01
1.064000000000000000e+03,7.291654371178466135e+03,0.000000000000000000e+00,7.291654371178466135e+03,3.202485716654261249e-04,3.319203307111111371e+03,2.649348357475837545e+01,-1.347317706466141729e+01
1.065000000000000000e+03,7.291654371178184192e+03,0.000000000000000000e+00,7.291654371178184192e+03,3.166372839614774171e-04,3.319203307111111371e+03,2.649348358025764583e+01,-1.347317794886126308e+01
1.066000000000000000e+03,7.291654371177907706e+03,0.000000000000000000e+00,7.291654371177907706e+03,3.130667189655393125e-04,3.319203307111111371e+03,2.649348358569490358e+01,-1.347317882309041615e+01
1.067000000000000000e+03,7.291654371177639405e+03,0.000000000000000000e+00,7.291654371177639405e+03,3.095364177173425533e-04,3.319203307111111371e+03,2.649348359107084860e+01,-1.347317968746131278e+01
1.068000000000000000e+03,7.291654371177376561e+03,0.000000000000000000e+00,7.291654371177376561e+03,3.060459258578400086e-04,3.319203307111111371e+03,2.649348359638617012e+01,-1.347318054208511739e+01
1.069000000000000000e+03,7.291654371177119174e+03,0.000000000000000000e+00,7.291654371177119174e+03,3.025947944596888957e-04,3.319203307111111371e+03,2.649348360164155380e+01,-1.347318138707174562e+01
1.070000000000000000e+03,7.291654371176867244e+03,0.000000000000000000e+00,7.291654371176867244e+03,2.991825801413799187e-04,3.319203307111111371e+03,2.649348360683767467e+01,-1.347318222252986963e+01
1.071000000000000000e+03,7.291654371176622590e+03,0.000000000000000000e+00,7.291654371176622590e+03,2.958088433230285407e-04,3.319203307111111371e+03,2.649348361197520063e+01,-1.347318304856693771e+01
1.072000000000000000e+03,7.291654371176382483e+03,0.000000000000000000e+00,7.291654371176382483e+03,2.924731507646861797e-04,3.319203307111111371e+03,2.649348361705479604e+01,-1.347318386528918666e+01
1.073000000000000000e+03,7.291654371176147833e+03,0.000000000000000000e+00,7.291654371176147833e+03,2.891750728909730649e-04,3.319203307111111371e+03,2.649348362207711105e+01,-1.347318467280165599e+01
1.074000000000000000e+03,7.291654371175917731e+03,0.000000000000000000e+00,7.291654371175917731e+03,2.859141859880133616e-04,3.319203307111111371e+03,2.649348362704278870e+01,-1.347318547120819865e+01
1.075000000000000000e+03,7.291654371175693996e+03,0.000000000000000000e+00,7.291654371175693996e+03,2.826900706667048475e-04,3.319203307111111371e+03,2.649348363195247202e+01,-1.347318626061149871e+01
1.076000000000000000e+03,7.291654371175473898e+03,0.000000000000000000e+00,7.291654371175473898e+03,2.795023119124254076e-04,3.319203307111111371e+03,2.649348363680679341e+01,-1.347318704111308207e+01
1.077000000000000000e+03,7.291654371175260167e+03,0.000000000000000000e+00,7.291654371175260167e+03,2.763505000427812926e-04,3.319203307111111371e+03,2.649348364160637459e+01,-1.347318781281332711e+01
1.078000000000000000e+03,7.291654371175049164e+03,0.000000000000000000e+00,7.291654371175049164e+03,2.732342295928447021e-04,3.319203307111111371e+03,2.649348364635183017e+01,-1.347318857581148244e+01
1.079000000000000000e+03,7.291654371174845437e+03,0.000000000000000000e+00,7.291654371174845437e+03,2.701530997825961670e-04,3.319203307111111371e+03,2.649348365104377478e+01,-1.347318933020567933e+01
1.080000000000000000e+03,7.291654371174643529e+03,0.000000000000000000e+00,7.291654371174643529e+03,2.671067145080820138e-04,3.319203307111111371e+03,2.649348365568281238e+01,-1.347319007609293884e+01
1.081000000000000000e+03,7.291654371174449807e+03,0.000000000000000000e+00,7.291654371174449807e+03,2.640946817285162317e-04,3.319203307111111371e+03,2.649348366026953627e+01,-1.347319081356918957e+01
1.082000000000000000e+03,7.291654371174256994e+03,0.000000000000000000e+00,7.291654371174256994e+03,2.611166143270793175e-04,3.319203307111111371e+03,2.649348366480453976e+01,-1.347319154272927832e+01
1.083000000000000000e+03,7.291654371174068729e+03,0.000000000000000000e+00,7.291654371174068729e+03,2.581721290565989384e-04,3.319203307111111371e+03,2.649348366928840193e+01,-1.347319226366698253e+01
1.084000000000000000e+03,7.291654371173888649e+03,0.000000000000000000e+00,7.291654371173888649e+03,2.552608472310819408e-04,3.319203307111111371e+03,2.649348367372170188e+01,-1.347319297647502268e+01
1.085000000000000000e+03,7.291654371173708569e+03,0.000000000000000000e+00,7.291654371173708569e+03,2.523823948177374198e-04,3.319203307111111371e+03,2.649348367810501159e+01,-1.347319368124507299e+01
1.086000000000000000e+03,7.291654371173533036e+03,0.000000000000000000e+00,7.291654371173533036e+03,2.495364009702269827e-04,3.319203307111111371e+03,2.649348368243889240e+01,-1.347319437806777387e+01
1.087000000000000000e+03,7.291654371173362051e+03,0.000000000000000000e+00,7.291654371173362051e+03,2.467225001245449681e-04,3.319203307111111371e+03,2.649348368672390208e+01,-1.347319506703274250e+01
1.088000000000000000e+03,7.291654371173193795e+03,0.000000000000000000e+00,7.291654371173193795e+03,2.439403303039474138e-04,3.319203307111111371e+03,2.649348369096059130e+01,-1.347319574822858890e+01
1.089000000000000000e+03,7.291654371173031905e+03,0.000000000000000000e+00,7.291654371173031905e+03,2.411895336467750959e-04,3.319203307111111371e+03,2.649348369514950363e+01,-1.347319642174291943e+01
1.090000000000000000e+03,7.291654371172872743e+03,0.000000000000000000e+00,7.291654371172872743e+03,2.384697564058216009e-04,3.319203307111111371e+03,2.649348369929118263e+01,-1.347319708766235635e+01
1.091000000000000000e+03,7.291654371172715400e+03,0.000000000000000000e+00,7.291654371172715400e+03,2.357806486737167061e-04,3.319203307111111371e+03,2.649348370338615766e+01,-1.347319774607254317e+01
1.092000000000000000e+03,7.291654371172563515e+03,0.000000000000000000e+00,7.291654371172563515e+03,2.331218648348946498e-04,3.319203307111111371e+03,2.649348370743495451e+01,-1.347319839705815880e+01
1.093000000000000000e+03,7.291654371172413448e+03,0.000000000000000000e+00,7.291654371172413448e+03,2.304930627350485102e-04,3.319203307111111371e+03,2.649348371143809544e+01,-1.347319904070292473e+01
1.094000000000000000e+03,7.291654371172267020e+03,0.000000000000000000e+00,7.291654371172267020e+03,2.278939045380765289e-04,3.319203307111111371e+03,2.649348371539609204e+01,-1.347319967708962096e+01
1.095000000000000000e+03,7.291654371172124229e+03,0.000000000000000000e+00,7.291654371172124229e+03,2.253240555606023695e-04,3.319203307111111371e+03,2.649348371930945945e+01,-1.347320030630009491e+01
1.096000000000000000e+03,7.291654371171986895e+03,0.000000000000000000e+00,7.291654371171986895e+03,2.227831855052878865e-04,3.319203307111111371e+03,2.649348372317869504e+01,-1.347320092841526673e+01
1.097000000000000000e+03,7.291654371171850471e+03,0.000000000000000000e+00,7.291654371171850471e+03,2.202709675712968503e-04,3.319203307111111371e+03,2.649348372700429977e+01,-1.347320154351514709e+01
1.098000000000000000e+03,7.291654371171716775e+03,0.000000000000000000e+00,7.291654371171716775e+03,2.177870790256343373e-04,3.319203307111111371e+03,2.649348373078676744e+01,-1.347320215167884605e+01
1.099000000000000000e+03,7.291654371171586718e+03,0.000000000000000000e+00,7.291654371171586718e+03,2.153311997725242902e-04,3.319203307111111371e+03,2.649348373452658123e+01,-1.347320275298457837e+01
1.100000000000000000e+03,7.291654371171456660e+03,0.000000000000000000e+00,7.291654371171456660e+03,2.129030143671823479e-04,3.319203307111111371e+03,2.649348373822422076e+01,-1.347320334750967774e+01
1.101000000000000000e+03,7.291654371171334788e+03,0.000000000000000000e+00,7.291654371171334788e+03,2.105022105556347205e-04,3.319203307111111371e+03,2.649348374188016564e+01,-1.347320393533060567e+01
1.102000000000000000e+03,7.291654371171212915e+03,0.000000000000000000e+00,7.291654371171212915e+03,2.081284793432461094e-04,3.319203307111111371e+03,2.649348374549488483e+01,-1.347320451652296214e+01
1.103000000000000000e+03,7.291654371171094681e+03,0.000000000000000000e+00,7.291654371171094681e+03,2.057815154113819094e-04,3.319203307111111371e+03,2.649348374906884374e+01,-1.347320509116149445e+01
1.104000000000000000e+03,7.291654371170979175e+03,0.000000000000000000e+00,7.291654371170979175e+03,2.034610173936041849e-04,3.319203307111111371e+03,2.649348375260249711e+01,-1.347320565932010794e+01
1.105000000000000000e+03,7.291654371170862760e+03,0.000000000000000000e+00,7.291654371170862760e+03,2.011666860649559765e-04,3.319203307111111371e+03,2.649348375609630679e+01,-1.347320622107187305e+01
1.106000000000000000e+03,7.291654371170753620e+03,0.000000000000000000e+00,7.291654371170753620e+03,1.988982271787638977e-04,3.319203307111111371e+03,2.649348375955071688e+01,-1.347320677648903597e+01
1.107000000000000000e+03,7.291654371170645391e+03,0.000000000000000000e+00,7.291654371170645391e+03,1.966553484435785764e-04,3.319203307111111371e+03,2.649348376296617147e+01,-1.347320732564302936e+01
1.108000000000000000e+03,7.291654371170538070e+03,0.000000000000000000e+00,7.291654371170538070e+03,1.944377615524217596e-04,3.319203307111111371e+03,2.649348376634311464e+01,-1.347320786860447939e+01
1.109000000000000000e+03,7.291654371170434388e+03,0.000000000000000000e+00,7.291654371170434388e+03,1.922451813504721962e-04,3.319203307111111371e+03,2.649348376968197627e+01,-1.347320840544321641e+01
1.110000000000000000e+03,7.291654371170333434e+03,0.000000000000000000e+00,7.291654371170333434e+03,1.900773257899699288e-04,3.319203307111111371e+03,2.649348377298318624e+01,-1.347320893622828386e+01
1.111000000000000000e+03,7.291654371170232480e+03,0.000000000000000000e+00,7.291654371170232480e+03,1.879339160360713151e-04,3.319203307111111371e+03,2.649348377624717088e+01,-1.347320946102794537e+01
1.112000000000000000e+03,7.291654371170137892e+03,0.000000000000000000e+00,7.291654371170137892e+03,1.858146765711252352e-04,3.319203307111111371e+03,2.649348377947434940e+01,-1.347320997990969715e+01
1.113000000000000000e+03,7.291654371170041486e+03,0.000000000000000000e+00,7.291654371170041486e+03,1.837193346112068462e-04,3.319203307111111371e+03,2.649348378266513748e+01,-1.347321049294027162e+01
1.114000000000000000e+03,7.291654371169948718e+03,0.000000000000000000e+00,7.291654371169948718e+03,1.816476208258184922e-04,3.319203307111111371e+03,2.649348378581994368e+01,-1.347321100018564799e+01
1.115000000000000000e+03,7.291654371169858678e+03,0.000000000000000000e+00,7.291654371169858678e+03,1.795992688105090755e-04,3.319203307111111371e+03,2.649348378893917300e+01,-1.347321150171106474e+01
1.116000000000000000e+03,7.291654371169770457e+03,0.000000000000000000e+00,7.291654371169770457e+03,1.775740153026895941e-04,3.319203307111111371e+03,2.649348379202323045e+01,-1.347321199758102317e+01
1.117000000000000000e+03,7.291654371169684055e+03,0.000000000000000000e+00,7.291654371169684055e+03,1.755715992272952422e-04,3.319203307111111371e+03,2.649348379507251039e+01,-1.347321248785929804e+01
1.118000000000000000e+03,7.291654371169598562e+03,0.000000000000000000e+00,7.291654371169598562e+03,1.735917634099198186e-04,3.319203307111111371e+03,2.649348379808740361e+01,-1.347321297260894113e+01
1.119000000000000000e+03,7.291654371169515798e+03,0.000000000000000000e+00,7.291654371169515798e+03,1.716342534473369466e-04,3.319203307111111371e+03,2.649348380106830092e+01,-1.347321345189229902e+01
1.120000000000000000e+03,7.291654371169434853e+03,0.000000000000000000e+00,7.291654371169434853e+03,1.696988173447127452e-04,3.319203307111111371e+03,2.649348380401558245e+01,-1.347321392577101129e+01
1.121000000000000000e+03,7.291654371169355727e+03,0.000000000000000000e+00,7.291654371169355727e+03,1.677852061720841459e-04,3.319203307111111371e+03,2.649348380692963190e+01,-1.347321439430602297e+01
1.122000000000000000e+03,7.291654371169280239e+03,0.000000000000000000e+00,7.291654371169280239e+03,1.658931736007692229e-04,3.319203307111111371e+03,2.649348380981081874e+01,-1.347321485755759340e+01
1.123000000000000000e+03,7.291654371169202932e+03,0.000000000000000000e+00,7.291654371169202932e+03,1.640224769871186626e-04,3.319203307111111371e+03,2.649348381265951602e+01,-1.347321531558529983e+01
1.124000000000000000e+03,7.291654371169128353e+03,0.000000000000000000e+00,7.291654371169128353e+03,1.621728752564877076e-04,3.319203307111111371e+03,2.649348381547608966e+01,-1.347321576844804980e+01
1.125000000000000000e+03,7.291654371169057413e+03,0.000000000000000000e+00,7.291654371169057413e+03,1.603441306689824786e-04,3.319203307111111371e+03,2.649348381826090204e+01,-1.347321621620408649e+01
1.126000000000000000e+03,7.291654371168987382e+03,0.000000000000000000e+00,7.291654371168987382e+03,1.585360077680459463e-04,3.319203307111111371e+03,2.649348382101431199e+01,-1.347321665891099762e+01
1.127000000000000000e+03,7.291654371168917351e+03,0.000000000000000000e+00,7.291654371168917351e+03,1.567482739093546001e-04,3.319203307111111371e+03,2.649348382373667476e+01,-1.347321709662571720e+01
1.128000000000000000e+03,7.291654371168849138e+03,0.000000000000000000e+00,7.291654371168849138e+03,1.549806999697820166e-04,3.319203307111111371e+03,2.649348382642833855e+01,-1.347321752940453976e+01
1.129000000000000000e+03,7.291654371168785474e+03,0.000000000000000000e+00,7.291654371168785474e+03,1.532330576334414913e-04,3.319203307111111371e+03,2.649348382908964794e+01,-1.347321795730312566e+01
1.130000000000000000e+03,7.291654371168720900e+03,0.000000000000000000e+00,7.291654371168720900e+03,1.515051229636002060e-04,3.319203307111111371e+03,2.649348383172094756e+01,-1.347321838037650643e+01
1.131000000000000000e+03,7.291654371168655416e+03,0.000000000000000000e+00,7.291654371168655416e+03,1.497966732151528142e-04,3.319203307111111371e+03,2.649348383432257492e+01,-1.347321879867909544e+01
1.132000000000000000e+03,7.291654371168594480e+03,0.000000000000000000e+00,7.291654371168594480e+03,1.481074889623970169e-04,3.319203307111111371e+03,2.649348383689486397e+01,-1.347321921226468788e+01
1.133000000000000000e+03,7.291654371168534453e+03,0.000000000000000000e+00,7.291654371168534453e+03,1.464373527476760066e-04,3.319203307111111371e+03,2.649348383943814866e+01,-1.347321962118647676e+01
1.134000000000000000e+03,7.291654371168474427e+03,0.000000000000000000e+00,7.291654371168474427e+03,1.447860495724424162e-04,3.319203307111111371e+03,2.649348384195275230e+01,-1.347322002549705289e+01
1.135000000000000000e+03,7.291654371168418947e+03,0.000000000000000000e+00,7.291654371168418947e+03,1.431533676688129871e-04,3.319203307111111371e+03,2.649348384443900173e+01,-1.347322042524841557e+01
1.136000000000000000e+03,7.291654371168360740e+03,0.000000000000000000e+00,7.291654371168360740e+03,1.415390967784130977e-04,3.319203307111111371e+03,2.649348384689721314e+01,-1.347322082049197611e+01
1.137000000000000000e+03,7.291654371168307080e+03,0.000000000000000000e+00,7.291654371168307080e+03,1.399430287914861341e-04,3.319203307111111371e+03,2.649348384932770628e+01,-1.347322121127856676e+01
1.138000000000000000e+03,7.291654371168253419e+03,0.000000000000000000e+00,7.291654371168253419e+03,1.383649593611203899e-04,3.319203307111111371e+03,2.649348385173079024e+01,-1.347322159765844596e+01
1.139000000000000000e+03,7.291654371168199759e+03,0.000000000000000000e+00,7.291654371168199759e+03,1.368046850678991916e-04,3.319203307111111371e+03,2.649348385410677764e+01,-1.347322197968130730e+01
1.140000000000000000e+03,7.291654371168149737e+03,0.000000000000000000e+00,7.291654371168149737e+03,1.352620048841244162e-04,3.319203307111111371e+03,2.649348385645597048e+01,-1.347322235739628304e+01
1.141000000000000000e+03,7.291654371168098805e+03,0.000000000000000000e+00,7.291654371168098805e+03,1.337367211168485480e-04,3.319203307111111371e+03,2.649348385877867429e+01,-1.347322273085194944e+01
1.142000000000000000e+03,7.291654371168050602e+03,0.000000000000000000e+00,7.291654371168050602e+03,1.322286369083434975e-04,3.319203307111111371e+03,2.649348386107518394e+01,-1.347322310009633917e+01
1.143000000000000000e+03,7.291654371168003308e+03,0.000000000000000000e+00,7.291654371168003308e+03,1.307375588124968103e-04,3.319203307111111371e+03,2.649348386334579786e+01,-1.347322346517693781e+01
1.144000000000000000e+03,7.291654371167955105e+03,0.000000000000000000e+00,7.291654371167955105e+03,1.292632948741356737e-04,3.319203307111111371e+03,2.649348386559080737e+01,-1.347322382614069980e+01
1.145000000000000000e+03,7.291654371167909630e+03,0.000000000000000000e+00,7.291654371167909630e+03,1.278056555407955700e-04,3.319203307111111371e+03,2.649348386781050024e+01,-1.347322418303405023e+01
1.146000000000000000e+03,7.291654371167864156e+03,0.000000000000000000e+00,7.291654371167864156e+03,1.263644530539270142e-04,3.319203307111111371e+03,2.649348387000516425e+01,-1.347322453590288660e+01
1.147000000000000000e+03,7.291654371167820500e+03,0.000000000000000000e+00,7.291654371167820500e+03,1.249395024377185641e-04,3.319203307111111371e+03,2.649348387217508005e+01,-1.347322488479259306e+01
1.148000000000000000e+03,7.291654371167777754e+03,0.000000000000000000e+00,7.291654371167777754e+03,1.235306204139558644e-04,3.319203307111111371e+03,2.649348387432052476e+01,-1.347322522974803860e+01
1.149000000000000000e+03,7.291654371167735917e+03,0.000000000000000000e+00,7.291654371167735917e+03,1.221376258424950421e-04,3.319203307111111371e+03,2.649348387644177905e+01,-1.347322557081358951e+01
1.150000000000000000e+03,7.291654371167694080e+03,0.000000000000000000e+00,7.291654371167694080e+03,1.207603387409663911e-04,3.319203307111111371e+03,2.649348387853911291e+01,-1.347322590803311115e+01
1.151000000000000000e+03,7.291654371167654972e+03,0.000000000000000000e+00,7.291654371167654972e+03,1.193985834457104571e-04,3.319203307111111371e+03,2.649348388061279636e+01,-1.347322624144996972e+01
1.152000000000000000e+03,7.291654371167616773e+03,0.000000000000000000e+00,7.291654371167616773e+03,1.180521834189423479e-04,3.319203307111111371e+03,2.649348388266309584e+01,-1.347322657110705002e+01
1.153000000000000000e+03,7.291654371167576755e+03,0.000000000000000000e+00,7.291654371167576755e+03,1.167209662393512733e-04,3.319203307111111371e+03,2.649348388469027427e+01,-1.347322689704674659e+01
1.154000000000000000e+03,7.291654371167540376e+03,0.000000000000000000e+00,7.291654371167540376e+03,1.154047606533797286e-04,3.319203307111111371e+03,2.649348388669459098e+01,-1.347322721931097966e+01
1.155000000000000000e+03,7.291654371167503996e+03,0.000000000000000000e+00,7.291654371167503996e+03,1.141033969994648795e-04,3.319203307111111371e+03,2.649348388867630888e+01,-1.347322753794119521e+01
1.156000000000000000e+03,7.291654371167467616e+03,0.000000000000000000e+00,7.291654371167467616e+03,1.128167085055843460e-04,3.319203307111111371e+03,2.649348389063567666e+01,-1.347322785297837200e+01
1.157000000000000000e+03,7.291654371167433055e+03,0.000000000000000000e+00,7.291654371167433055e+03,1.115445292483880361e-04,3.319203307111111371e+03,2.649348389257295011e+01,-1.347322816446302873e+01
1.158000000000000000e+03,7.291654371167399404e+03,0.000000000000000000e+00,7.291654371167399404e+03,1.102866957791724846e-04,3.319203307111111371e+03,2.649348389448837793e+01,-1.347322847243522403e+01
1.159000000000000000e+03,7.291654371167365753e+03,0.000000000000000000e+00,7.291654371167365753e+03,1.090430462890405321e-04,3.319203307111111371e+03,2.649348389638220880e+01,-1.347322877693456711e+01
1.160000000000000000e+03,7.291654371167334830e+03,0.000000000000000000e+00,7.291654371167334830e+03,1.078134207662944527e-04,3.319203307111111371e+03,2.649348389825468431e+01,-1.347322907800021774e+01
1.161000000000000000e+03,7.291654371167301179e+03,0.000000000000000000e+00,7.291654371167301179e+03,1.065976611530711839e-04,3.319203307111111371e+03,2.649348390010604248e+01,-1.347322937567089696e+01
1.162000000000000000e+03,7.291654371167270256e+03,0.000000000000000000e+00,7.291654371167270256e+03,1.053956110145135380e-04,3.319203307111111371e+03,2.649348390193652492e+01,-1.347322966998488880e+01
1.163000000000000000e+03,7.291654371167239333e+03,0.000000000000000000e+00,7.291654371167239333e+03,1.042071157827548575e-04,3.319203307111111371e+03,2.649348390374636608e+01,-1.347322996098004388e+01
1.164000000000000000e+03,7.291654371167208410e+03,0.000000000000000000e+00,7.291654371167208410e+03,1.030320230584417650e-04,3.319203307111111371e+03,2.649348390553579691e+01,-1.347323024869378827e+01
1.165000000000000000e+03,7.291654371167179306e+03,0.000000000000000000e+00,7.291654371167179306e+03,1.018701807975554060e-04,3.319203307111111371e+03,2.649348390730505187e+01,-1.347323053316312524e+01
1.166000000000000000e+03,7.291654371167152021e+03,0.000000000000000000e+00,7.291654371167152021e+03,1.007214402228050410e-04,3.319203307111111371e+03,2.649348390905435480e+01,-1.347323081442463888e+01
1.167000000000000000e+03,7.291654371167122918e+03,0.000000000000000000e+00,7.291654371167122918e+03,9.958565353826998577e-05,3.319203307111111371e+03,2.649348391078392950e+01,-1.347323109251450290e+01
1.168000000000000000e+03,7.291654371167096542e+03,0.000000000000000000e+00,7.291654371167096542e+03,9.846267441414763592e-05,3.319203307111111371e+03,2.649348391249400336e+01,-1.347323136746848427e+01
1.169000000000000000e+03,7.291654371167070167e+03,0.000000000000000000e+00,7.291654371167070167e+03,9.735235855885094420e-05,3.319203307111111371e+03,2.649348391418479309e+01,-1.347323163932194134e+01
1.170000000000000000e+03,7.291654371167044701e+03,0.000000000000000000e+00,7.291654371167044701e+03,9.625456337384245386e-05,3.319203307111111371e+03,2.649348391585651541e+01,-1.347323190810983995e+01
1.171000000000000000e+03,7.291654371167017416e+03,0.000000000000000000e+00,7.291654371167017416e+03,9.516914732955683522e-05,3.319203307111111371e+03,2.649348391750938703e+01,-1.347323217386674798e+01
1.172000000000000000e+03,7.291654371166993769e+03,0.000000000000000000e+00,7.291654371166993769e+03,9.409597105963661741e-05,3.319203307111111371e+03,2.649348391914362111e+01,-1.347323243662684433e+01
1.173000000000000000e+03,7.291654371166968303e+03,0.000000000000000000e+00,7.291654371166968303e+03,9.303489653000774782e-05,3.319203307111111371e+03,2.649348392075942371e+01,-1.347323269642392241e+01
1.174000000000000000e+03,7.291654371166945566e+03,0.000000000000000000e+00,7.291654371166945566e+03,9.198578719829382196e-05,3.319203307111111371e+03,2.649348392235700800e+01,-1.347323295329139548e+01
1.175000000000000000e+03,7.291654371166922829e+03,0.000000000000000000e+00,7.291654371166922829e+03,9.094850805676439436e-05,3.319203307111111371e+03,2.649348392393657647e+01,-1.347323320726229845e+01
1.176000000000000000e+03,7.291654371166900091e+03,0.000000000000000000e+00,7.291654371166900091e+03,8.992292607944010004e-05,3.319203307111111371e+03,2.649348392549833164e+01,-1.347323345836929498e+01
1.177000000000000000e+03,7.291654371166877354e+03,0.000000000000000000e+00,7.291654371166877354e+03,8.890890894267360609e-05,3.319203307111111371e+03,2.649348392704247956e+01,-1.347323370664467923e+01
1.178000000000000000e+03,7.291654371166854617e+03,0.000000000000000000e+00,7.291654371166854617e+03,8.790632620831376047e-05,3.319203307111111371e+03,2.649348392856921208e+01,-1.347323395212038299e+01
1.179000000000000000e+03,7.291654371166833698e+03,0.000000000000000000e+00,7.291654371166833698e+03,8.691504931101058738e-05,3.319203307111111371e+03,2.649348393007872815e+01,-1.347323419482797568e+01
1.180000000000000000e+03,7.291654371166812780e+03,0.000000000000000000e+00,7.291654371166812780e+03,8.593495057817159086e-05,3.319203307111111371e+03,2.649348393157122317e+01,-1.347323443479867322e+01
1.181000000000000000e+03,7.291654371166794590e+03,0.000000000000000000e+00,7.291654371166794590e+03,8.496590358175935245e-05,3.319203307111111371e+03,2.649348393304688898e+01,-1.347323467206333802e+01
1.182000000000000000e+03,7.291654371166773672e+03,0.000000000000000000e+00,7.291654371166773672e+03,8.400778449830188853e-05,3.319203307111111371e+03,2.649348393450591388e+01,-1.347323490665248436e+01
1.183000000000000000e+03,7.291654371166754572e+03,0.000000000000000000e+00,7.291654371166754572e+03,8.306046955725479423e-05,3.319203307111111371e+03,2.649348393594848616e+01,-1.347323513859628186e+01
1.184000000000000000e+03,7.291654371166735473e+03,0.000000000000000000e+00,7.291654371166735473e+03,8.212383690281260774e-05,3.319203307111111371e+03,2.649348393737479057e+01,-1.347323536792456267e+01
1.185000000000000000e+03,7.291654371166717283e+03,0.000000000000000000e+00,7.291654371166717283e+03,8.119776626257489162e-05,3.319203307111111371e+03,2.649348393878501184e+01,-1.347323559466681964e+01
1.186000000000000000e+03,7.291654371166699093e+03,0.000000000000000000e+00,7.291654371166699093e+03,8.028213849848321842e-05,3.319203307111111371e+03,2.649348394017933117e+01,-1.347323581885221522e+01
1.187000000000000000e+03,7.291654371166679994e+03,0.000000000000000000e+00,7.291654371166679994e+03,7.937683564686418567e-05,3.319203307111111371e+03,2.649348394155792619e+01,-1.347323604050957968e+01
1.188000000000000000e+03,7.291654371166663623e+03,0.000000000000000000e+00,7.291654371166663623e+03,7.848174160610849623e-05,3.319203307111111371e+03,2.649348394292097453e+01,-1.347323625966742178e+01
1.189000000000000000e+03,7.291654371166647252e+03,0.000000000000000000e+00,7.291654371166647252e+03,7.759674138690620608e-05,3.319203307111111371e+03,2.649348394426865383e+01,-1.347323647635392696e+01
1.190000000000000000e+03,7.291654371166629971e+03,0.000000000000000000e+00,7.291654371166629971e+03,7.672172053774931120e-05,3.319203307111111371e+03,2.649348394560113462e+01,-1.347323669059696449e+01
1.191000000000000000e+03,7.291654371166614510e+03,0.000000000000000000e+00,7.291654371166614510e+03,7.585656682054933231e-05,3.319203307111111371e+03,2.649348394691859099e+01,-1.347323690242408745e+01
1.192000000000000000e+03,7.291654371166597230e+03,0.000000000000000000e+00,7.291654371166597230e+03,7.500116922276195170e-05,3.319203307111111371e+03,2.649348394822118991e+01,-1.347323711186253803e+01
1.193000000000000000e+03,7.291654371166583587e+03,0.000000000000000000e+00,7.291654371166583587e+03,7.415541746215441484e-05,3.319203307111111371e+03,2.649348394950910190e+01,-1.347323731893925292e+01
1.194000000000000000e+03,7.291654371166569035e+03,0.000000000000000000e+00,7.291654371166569035e+03,7.331920293369067879e-05,3.319203307111111371e+03,2.649348395078249041e+01,-1.347323752368086502e+01
1.195000000000000000e+03,7.291654371166553574e+03,0.000000000000000000e+00,7.291654371166553574e+03,7.249241781639486823e-05,3.319203307111111371e+03,2.649348395204151885e+01,-1.347323772611370529e+01
1.196000000000000000e+03,7.291654371166539022e+03,0.000000000000000000e+00,7.291654371166539022e+03,7.167495591242338689e-05,3.319203307111111371e+03,2.649348395328635064e+01,-1.347323792626380801e+01
1.197000000000000000e+03,7.291654371166525380e+03,0.000000000000000000e+00,7.291654371166525380e+03,7.086671244110220218e-05,3.319203307111111371e+03,2.649348395451714211e+01,-1.347323812415691613e+01
1.198000000000000000e+03,7.291654371166510828e+03,0.000000000000000000e+00,7.291654371166510828e+03,7.006758274112850991e-05,3.319203307111111371e+03,2.649348395573405668e+01,-1.347323831981847952e+01
1.199000000000000000e+03,7.291654371166497185e+03,0.000000000000000000e+00,7.291654371166497185e+03,6.927746481425047865e-05,3.319203307111111371e+03,2.649348395693724711e+01,-1.347323851327366206e+01
1.200000000000000000e+03,7.291654371166486271e+03,0.000000000000000000e+00,7.291654371166486271e+03,6.849625642214758343e-05,3.319203307111111371e+03,2.649348395812686974e+01,-1.347323870454734518e+01
1.201000000000000000e+03,7.291654371166471719e+03,0.000000000000000000e+00,7.291654371166471719e+03,6.772385754307682032e-05,3.319203307111111371e+03,2.649348395930308087e+01,-1.347323889366412786e+01
1.202000000000000000e+03,7.291654371166458986e+03,0.000000000000000000e+00,7.291654371166458986e+03,6.696016836915280352e-05,3.319203307111111371e+03,2.649348396046602616e+01,-1.347323908064833198e+01
1.203000000000000000e+03,7.291654371166446253e+03,0.000000000000000000e+00,7.291654371166446253e+03,6.620509095335414917e-05,3.319203307111111371e+03,2.649348396161585839e+01,-1.347323926552400586e+01
1.204000000000000000e+03,7.291654371166434430e+03,0.000000000000000000e+00,7.291654371166434430e+03,6.545852819227901344e-05,3.319203307111111371e+03,2.649348396275272322e+01,-1.347323944831492604e+01
1.205000000000000000e+03,7.291654371166421697e+03,0.000000000000000000e+00,7.291654371166421697e+03,6.472038402534963694e-05,3.319203307111111371e+03,2.649348396387676985e+01,-1.347323962904460259e+01
1.206000000000000000e+03,7.291654371166411693e+03,0.000000000000000000e+00,7.291654371166411693e+03,6.399056396977206233e-05,3.319203307111111371e+03,2.649348396498814040e+01,-1.347323980773627738e+01
1.207000000000000000e+03,7.291654371166398960e+03,0.000000000000000000e+00,7.291654371166398960e+03,6.326897359751152154e-05,3.319203307111111371e+03,2.649348396608698053e+01,-1.347323998441293291e+01
1.208000000000000000e+03,7.291654371166389865e+03,0.000000000000000000e+00,7.291654371166389865e+03,6.255551971485651835e-05,3.319203307111111371e+03,2.649348396717342879e+01,-1.347324015909729233e+01
1.209000000000000000e+03,7.291654371166378041e+03,0.000000000000000000e+00,7.291654371166378041e+03,6.185011165276439857e-05,3.319203307111111371e+03,2.649348396824762375e+01,-1.347324033181182124e+01
1.210000000000000000e+03,7.291654371166368037e+03,0.000000000000000000e+00,7.291654371166368037e+03,6.115265807251388068e-05,3.319203307111111371e+03,2.649348396930970750e+01,-1.347324050257873118e+01
1.211000000000000000e+03,7.291654371166356214e+03,0.000000000000000000e+00,7.291654371166356214e+03,6.046306914640808881e-05,3.319203307111111371e+03,2.649348397035981151e+01,-1.347324067141998682e+01
1.212000000000000000e+03,7.291654371166347119e+03,0.000000000000000000e+00,7.291654371166347119e+03,5.978125652006837965e-05,3.319203307111111371e+03,2.649348397139807787e+01,-1.347324083835730058e+01
1.213000000000000000e+03,7.291654371166337114e+03,0.000000000000000000e+00,7.291654371166337114e+03,5.910713204823676061e-05,3.319203307111111371e+03,2.649348397242463449e+01,-1.347324100341214326e+01
1.214000000000000000e+03,7.291654371166326200e+03,0.000000000000000000e+00,7.291654371166326200e+03,5.844060993259366508e-05,3.319203307111111371e+03,2.649348397343961636e+01,-1.347324116660574234e+01
1.215000000000000000e+03,7.291654371166317105e+03,0.000000000000000000e+00,7.291654371166317105e+03,5.778160347063021889e-05,3.319203307111111371e+03,2.649348397444315140e+01,-1.347324132795908724e+01
1.216000000000000000e+03,7.291654371166308920e+03,0.000000000000000000e+00,7.291654371166308920e+03,5.713002834650322175e-05,3.319203307111111371e+03,2.649348397543537104e+01,-1.347324148749292938e+01
1.217000000000000000e+03,7.291654371166299825e+03,0.000000000000000000e+00,7.291654371166299825e+03,5.648580072273843184e-05,3.319203307111111371e+03,2.649348397641639963e+01,-1.347324164522778567e+01
1.218000000000000000e+03,7.291654371166291639e+03,0.000000000000000000e+00,7.291654371166291639e+03,5.584883785274996653e-05,3.319203307111111371e+03,2.649348397738636507e+01,-1.347324180118394210e+01
1.219000000000000000e+03,7.291654371166285273e+03,0.000000000000000000e+00,7.291654371166285273e+03,5.521905775260115077e-05,3.319203307111111371e+03,2.649348397834539526e+01,-1.347324195538145730e+01
1.220000000000000000e+03,7.291654371166274359e+03,0.000000000000000000e+00,7.291654371166274359e+03,5.459637907455948614e-05,3.319203307111111371e+03,2.649348397929361099e+01,-1.347324210784016252e+01
1.221000000000000000e+03,7.291654371166266174e+03,0.000000000000000000e+00,7.291654371166266174e+03,5.398072225287048852e-05,3.319203307111111371e+03,2.649348398023113305e+01,-1.347324225857966340e+01
1.222000000000000000e+03,7.291654371166257988e+03,0.000000000000000000e+00,7.291654371166257988e+03,5.337200791605786109e-05,3.319203307111111371e+03,2.649348398115808223e+01,-1.347324240761934888e+01
1.223000000000000000e+03,7.291654371166250712e+03,0.000000000000000000e+00,7.291654371166250712e+03,5.277015788294648089e-05,3.319203307111111371e+03,2.649348398207457933e+01,-1.347324255497838585e+01
1.224000000000000000e+03,7.291654371166243436e+03,0.000000000000000000e+00,7.291654371166243436e+03,5.217509417478696798e-05,3.319203307111111371e+03,2.649348398298074159e+01,-1.347324270067572805e+01
1.225000000000000000e+03,7.291654371166234341e+03,0.000000000000000000e+00,7.291654371166234341e+03,5.158674081011819569e-05,3.319203307111111371e+03,2.649348398387668624e+01,-1.347324284473011069e+01
1.226000000000000000e+03,7.291654371166227975e+03,0.000000000000000000e+00,7.291654371166227975e+03,5.100502247778927343e-05,3.319203307111111371e+03,2.649348398476252697e+01,-1.347324298716006119e+01
1.227000000000000000e+03,7.291654371166220699e+03,0.000000000000000000e+00,7.291654371166220699e+03,5.042986347202966417e-05,3.319203307111111371e+03,2.649348398563838103e+01,-1.347324312798389911e+01
1.228000000000000000e+03,7.291654371166214332e+03,0.000000000000000000e+00,7.291654371166214332e+03,4.986119041922797520e-05,3.319203307111111371e+03,2.649348398650435499e+01,-1.347324326721973442e+01
1.229000000000000000e+03,7.291654371166206147e+03,0.000000000000000000e+00,7.291654371166206147e+03,4.929892996206793201e-05,3.319203307111111371e+03,2.649348398736056609e+01,-1.347324340488547456e+01
1.230000000000000000e+03,7.291654371166200690e+03,0.000000000000000000e+00,7.291654371166200690e+03,4.874300985313260971e-05,3.319203307111111371e+03,2.649348398820712092e+01,-1.347324354099882626e+01
1.231000000000000000e+03,7.291654371166194323e+03,0.000000000000000000e+00,7.291654371166194323e+03,4.819335863594965697e-05,3.319203307111111371e+03,2.649348398904412960e+01,-1.347324367557729374e+01
1.232000000000000000e+03,7.291654371166188866e+03,0.000000000000000000e+00,7.291654371166188866e+03,4.764990555372605741e-05,3.319203307111111371e+03,2.649348398987170228e+01,-1.347324380863818405e+01
1.233000000000000000e+03,7.291654371166181591e+03,0.000000000000000000e+00,7.291654371166181591e+03,4.711258075152121276e-05,3.319203307111111371e+03,2.649348399068994198e+01,-1.347324394019861238e+01
1.234000000000000000e+03,7.291654371166175224e+03,0.000000000000000000e+00,7.291654371166175224e+03,4.658131521094017416e-05,3.319203307111111371e+03,2.649348399149895172e+01,-1.347324407027549675e+01
1.235000000000000000e+03,7.291654371166168858e+03,0.000000000000000000e+00,7.291654371166168858e+03,4.605604021940557918e-05,3.319203307111111371e+03,2.649348399229884166e+01,-1.347324419888556868e+01
1.236000000000000000e+03,7.291654371166163401e+03,0.000000000000000000e+00,7.291654371166163401e+03,4.553668845921442080e-05,3.319203307111111371e+03,2.649348399308971125e+01,-1.347324432604536604e+01
1.237000000000000000e+03,7.291654371166158853e+03,0.000000000000000000e+00,7.291654371166158853e+03,4.502319325208898590e-05,3.319203307111111371e+03,2.649348399387165998e+01,-1.347324445177124375e+01
1.238000000000000000e+03,7.291654371166151577e+03,0.000000000000000000e+00,7.291654371166151577e+03,4.451548878787687580e-05,3.319203307111111371e+03,2.649348399464479442e+01,-1.347324457607937198e+01
1.239000000000000000e+03,7.291654371166145211e+03,0.000000000000000000e+00,7.291654371166145211e+03,4.401350914330730133e-05,3.319203307111111371e+03,2.649348399540920695e+01,-1.347324469898573795e+01
1.240000000000000000e+03,7.291654371166141573e+03,0.000000000000000000e+00,7.291654371166141573e+03,4.351719029942715991e-05,3.319203307111111371e+03,2.649348399616500060e+01,-1.347324482050614947e+01
1.241000000000000000e+03,7.291654371166137025e+03,0.000000000000000000e+00,7.291654371166137025e+03,4.302646786641161963e-05,3.319203307111111371e+03,2.649348399691227129e+01,-1.347324494065623490e+01
1.242000000000000000e+03,7.291654371166130659e+03,0.000000000000000000e+00,7.291654371166130659e+03,4.254127942999730023e-05,3.319203307111111371e+03,2.649348399765111850e+01,-1.347324505945144502e+01
1.243000000000000000e+03,7.291654371166126111e+03,0.000000000000000000e+00,7.291654371166126111e+03,4.206156190365264498e-05,3.319203307111111371e+03,2.649348399838163104e+01,-1.347324517690706003e+01
1.244000000000000000e+03,7.291654371166121564e+03,0.000000000000000000e+00,7.291654371166121564e+03,4.158725417659701987e-05,3.319203307111111371e+03,2.649348399910390839e+01,-1.347324529303818430e+01
1.245000000000000000e+03,7.291654371166116107e+03,0.000000000000000000e+00,7.291654371166116107e+03,4.111829507678521921e-05,3.319203307111111371e+03,2.649348399981803936e+01,-1.347324540785975344e+01
1.246000000000000000e+03,7.291654371166111559e+03,0.000000000000000000e+00,7.291654371166111559e+03,4.065462396233164626e-05,3.319203307111111371e+03,2.649348400052411634e+01,-1.347324552138653608e+01
1.247000000000000000e+03,7.291654371166107012e+03,0.000000000000000000e+00,7.291654371166107012e+03,4.019618125046994084e-05,3.319203307111111371e+03,2.649348400122223168e+01,-1.347324563363313210e+01
1.248000000000000000e+03,7.291654371166101555e+03,0.000000000000000000e+00,7.291654371166101555e+03,3.974290861157846617e-05,3.319203307111111371e+03,2.649348400191247777e+01,-1.347324574461397795e+01
1.249000000000000000e+03,7.291654371166098827e+03,0.000000000000000000e+00,7.291654371166098827e+03,3.929474702526173811e-05,3.319203307111111371e+03,2.649348400259493985e+01,-1.347324585434334665e+01
1.250000000000000000e+03,7.291654371166096098e+03,0.000000000000000000e+00,7.291654371166096098e+03,3.885163901290727018e-05,3.319203307111111371e+03,2.649348400326970321e+01,-1.347324596283535136e+01
1.251000000000000000e+03,7.291654371166090641e+03,0.000000000000000000e+00,7.291654371166090641e+03,3.841352836799514174e-05,3.319203307111111371e+03,2.649348400393686020e+01,-1.347324607010394359e+01
1.252000000000000000e+03,7.291654371166086094e+03,0.000000000000000000e+00,7.291654371166086094e+03,3.798035778219046991e-05,3.319203307111111371e+03,2.649348400459649255e+01,-1.347324617616292031e+01
1.253000000000000000e+03,7.291654371166082456e+03,0.000000000000000000e+00,7.291654371166082456e+03,3.755207152677384532e-05,3.319203307111111371e+03,2.649348400524868552e+01,-1.347324628102592214e+01
1.254000000000000000e+03,7.291654371166077908e+03,0.000000000000000000e+00,7.291654371166077908e+03,3.712861495860882356e-05,3.319203307111111371e+03,2.649348400589352437e+01,-1.347324638470643343e+01
1.255000000000000000e+03,7.291654371166074270e+03,0.000000000000000000e+00,7.291654371166074270e+03,3.670993375572430251e-05,3.319203307111111371e+03,2.649348400653109081e+01,-1.347324648721779106e+01
1.256000000000000000e+03,7.291654371166071542e+03,0.000000000000000000e+00,7.291654371166071542e+03,3.629597370124631089e-05,3.319203307111111371e+03,2.649348400716147012e+01,-1.347324658857317736e+01
1.257000000000000000e+03,7.291654371166066994e+03,0.000000000000000000e+00,7.291654371166066994e+03,3.588668143669969222e-05,3.319203307111111371e+03,2.649348400778474044e+01,-1.347324668878562903e+01
1.258000000000000000e+03,7.291654371166063356e+03,0.000000000000000000e+00,7.291654371166063356e+03,3.548200478367865147e-05,3.319203307111111371e+03,2.649348400840098350e+01,-1.347324678786803176e+01
1.259000000000000000e+03,7.291654371166060628e+03,0.000000000000000000e+00,7.291654371166060628e+03,3.508189137379404962e-05,3.319203307111111371e+03,2.649348400901027745e+01,-1.347324688583313090e+01
1.260000000000000000e+03,7.291654371166057899e+03,0.000000000000000000e+00,7.291654371166057899e+03,3.468629001923141506e-05,3.319203307111111371e+03,2.649348400961270045e+01,-1.347324698269352616e+01
1.261000000000000000e+03,7.291654371166053352e+03,0.000000000000000000e+00,7.291654371166053352e+03,3.429514967175843580e-05,3.319203307111111371e+03,2.649348401020833066e+01,-1.347324707846167335e+01
1.262000000000000000e+03,7.291654371166051533e+03,0.000000000000000000e+00,7.291654371166051533e+03,3.390841989016734871e-05,3.319203307111111371e+03,2.649348401079724269e+01,-1.347324717314988973e+01
1.263000000000000000e+03,7.291654371166046985e+03,0.000000000000000000e+00,7.291654371166046985e+03,3.352605110964961785e-05,3.319203307111111371e+03,2.649348401137951470e+01,-1.347324726677035223e+01
1.264000000000000000e+03,7.291654371166044257e+03,0.000000000000000000e+00,7.291654371166044257e+03,3.314799420037514943e-05,3.319203307111111371e+03,2.649348401195521774e+01,-1.347324735933510276e+01
1.265000000000000000e+03,7.291654371166040619e+03,0.000000000000000000e+00,7.291654371166040619e+03,3.277420048460852374e-05,3.319203307111111371e+03,2.649348401252442997e+01,-1.347324745085604647e+01
1.266000000000000000e+03,7.291654371166037890e+03,0.000000000000000000e+00,7.291654371166037890e+03,3.240462152588305703e-05,3.319203307111111371e+03,2.649348401308722600e+01,-1.347324754134495350e+01
1.267000000000000000e+03,7.291654371166034252e+03,0.000000000000000000e+00,7.291654371166034252e+03,3.203921028500644481e-05,3.319203307111111371e+03,2.649348401364367334e+01,-1.347324763081345900e+01
1.268000000000000000e+03,7.291654371166032433e+03,0.000000000000000000e+00,7.291654371166032433e+03,3.167791954537177424e-05,3.319203307111111371e+03,2.649348401419384658e+01,-1.347324771927307197e+01
1.269000000000000000e+03,7.291654371166030614e+03,0.000000000000000000e+00,7.291654371166030614e+03,3.132070307673176062e-05,3.319203307111111371e+03,2.649348401473781678e+01,-1.347324780673516820e+01
1.270000000000000000e+03,7.291654371166026067e+03,0.000000000000000000e+00,7.291654371166026067e+03,3.096751473366213026e-05,3.319203307111111371e+03,2.649348401527565144e+01,-1.347324789321099736e+01
1.271000000000000000e+03,7.291654371166024248e+03,0.000000000000000000e+00,7.291654371166024248e+03,3.061830909991335273e-05,3.319203307111111371e+03,2.649348401580742163e+01,-1.347324797871168123e+01
1.272000000000000000e+03,7.291654371166022429e+03,0.000000000000000000e+00,7.291654371166022429e+03,3.027304146883125078e-05,3.319203307111111371e+03,2.649348401633319483e+01,-1.347324806324821544e+01
1.273000000000000000e+03,7.291654371166018791e+03,0.000000000000000000e+00,7.291654371166018791e+03,2.993166686558702819e-05,3.319203307111111371e+03,2.649348401685303855e+01,-1.347324814683147309e+01
1.274000000000000000e+03,7.291654371166016062e+03,0.000000000000000000e+00,7.291654371166016062e+03,2.959414200442248778e-05,3.319203307111111371e+03,2.649348401736702030e+01,-1.347324822947220113e+01
1.275000000000000000e+03,7.291654371166015153e+03,0.000000000000000000e+00,7.291654371166015153e+03,2.926042332951005493e-05,3.319203307111111371e+03,2.649348401787520757e+01,-1.347324831118103106e+01
1.276000000000000000e+03,7.291654371166011515e+03,0.000000000000000000e+00,7.291654371166011515e+03,2.893046781006584426e-05,3.319203307111111371e+03,2.649348401837766431e+01,-1.347324839196847002e+01
1.277000000000000000e+03,7.291654371166009696e+03,0.000000000000000000e+00,7.291654371166009696e+03,2.860423289386441689e-05,3.319203307111111371e+03,2.649348401887445448e+01,-1.347324847184490793e+01
1.278000000000000000e+03,7.291654371166006058e+03,0.000000000000000000e+00,7.291654371166006058e+03,2.828167669463255165e-05,3.319203307111111371e+03,2.649348401936564201e+01,-1.347324855082061745e+01
1.279000000000000000e+03,7.291654371166006058e+03,0.000000000000000000e+00,7.291654371166006058e+03,2.796275825106578103e-05,3.319203307111111371e+03,2.649348401985129087e+01,-1.347324862890575581e+01
1.280000000000000000e+03,7.291654371166001511e+03,0.000000000000000000e+00,7.291654371166001511e+03,2.764743581982050409e-05,3.319203307111111371e+03,2.649348402033146499e+01,-1.347324870611036651e+01
1.281000000000000000e+03,7.291654371166000601e+03,0.000000000000000000e+00,7.291654371166000601e+03,2.733566891000312719e-05,3.319203307111111371e+03,2.649348402080622478e+01,-1.347324878244437940e+01
1.282000000000000000e+03,7.291654371165999692e+03,0.000000000000000000e+00,7.291654371165999692e+03,2.702741783840186579e-05,3.319203307111111371e+03,2.649348402127563062e+01,-1.347324885791761062e+01
1.283000000000000000e+03,7.291654371165996054e+03,0.000000000000000000e+00,7.291654371165996054e+03,2.672264269601025126e-05,3.319203307111111371e+03,2.649348402173974293e+01,-1.347324893253976619e+01
1.284000000000000000e+03,7.291654371165995144e+03,0.000000000000000000e+00,7.291654371165995144e+03,2.642130461096156978e-05,3.319203307111111371e+03,2.649348402219862209e+01,-1.347324900632044375e+01
1.285000000000000000e+03,7.291654371165993325e+03,0.000000000000000000e+00,7.291654371165993325e+03,2.612336441321379791e-05,3.319203307111111371e+03,2.649348402265232494e+01,-1.347324907926913262e+01
1.286000000000000000e+03,7.291654371165991506e+03,0.000000000000000000e+00,7.291654371165991506e+03,2.582878384979873609e-05,3.319203307111111371e+03,2.649348402310091188e+01,-1.347324915139521551e+01
1.287000000000000000e+03,7.291654371165990597e+03,0.000000000000000000e+00,7.291654371165990597e+03,2.553752520264475091e-05,3.319203307111111371e+03,2.649348402354443976e+01,-1.347324922270796677e+01
1.288000000000000000e+03,7.291654371165986959e+03,0.000000000000000000e+00,7.291654371165986959e+03,2.524955077439649018e-05,3.319203307111111371e+03,2.649348402398296543e+01,-1.347324929321655951e+01
1.289000000000000000e+03,7.291654371165986959e+03,0.000000000000000000e+00,7.291654371165986959e+03,2.496482385690039133e-05,3.319203307111111371e+03,2.649348402441654926e+01,-1.347324936293006026e+01
1.290000000000000000e+03,7.291654371165985140e+03,0.000000000000000000e+00,7.291654371165985140e+03,2.468330790204870665e-05,3.319203307111111371e+03,2.649348402484524101e+01,-1.347324943185743606e+01
1.291000000000000000e+03,7.291654371165981502e+03,0.000000000000000000e+00,7.291654371165981502e+03,2.440496602945232621e-05,3.319203307111111371e+03,2.649348402526910107e+01,-1.347324950000755095e+01
1.292000000000000000e+03,7.291654371165980592e+03,0.000000000000000000e+00,7.291654371165980592e+03,2.412976325697652766e-05,3.319203307111111371e+03,2.649348402568817917e+01,-1.347324956738916946e+01
1.293000000000000000e+03,7.291654371165978773e+03,0.000000000000000000e+00,7.291654371165978773e+03,2.385766354267262587e-05,3.319203307111111371e+03,2.649348402610253217e+01,-1.347324963401095843e+01
1.294000000000000000e+03,7.291654371165977864e+03,0.000000000000000000e+00,7.291654371165977864e+03,2.358863226327735630e-05,3.319203307111111371e+03,2.649348402651221335e+01,-1.347324969988148702e+01
1.295000000000000000e+03,7.291654371165976045e+03,0.000000000000000000e+00,7.291654371165976045e+03,2.332263472409421153e-05,3.319203307111111371e+03,2.649348402691727600e+01,-1.347324976500922489e+01
1.296000000000000000e+03,7.291654371165975135e+03,0.000000000000000000e+00,7.291654371165975135e+03,2.305963674264906602e-05,3.319203307111111371e+03,2.649348402731776986e+01,-1.347324982940254934e+01
1.297000000000000000e+03,7.291654371165972407e+03,0.000000000000000000e+00,7.291654371165972407e+03,2.279960442510602783e-05,3.319203307111111371e+03,2.649348402771374822e+01,-1.347324989306974174e+01
1.298000000000000000e+03,7.291654371165970588e+03,0.000000000000000000e+00,7.291654371165970588e+03,2.254250426403814440e-05,3.319203307111111371e+03,2.649348402810526082e+01,-1.347324995601898934e+01
1.299000000000000000e+03,7.291654371165970588e+03,0.000000000000000000e+00,7.291654371165970588e+03,2.228830345359256334e-05,3.319203307111111371e+03,2.649348402849235740e+01,-1.347325001825838875e+01
1.300000000000000000e+03,7.291654371165970588e+03,0.000000000000000000e+00,7.291654371165970588e+03,2.203696882948709857e-05,3.319203307111111371e+03,2.649348402887508769e+01,-1.347325007979594425e+01
1.301000000000000000e+03,7.291654371165968769e+03,0.000000000000000000e+00,7.291654371165968769e+03,2.178846859212373737e-05,3.319203307111111371e+03,2.649348402925350499e+01,-1.347325014063957127e+01
1.302000000000000000e+03,7.291654371165968769e+03,0.000000000000000000e+00,7.291654371165968769e+03,2.154277075684755475e-05,3.319203307111111371e+03,2.649348402962765547e+01,-1.347325020079709290e+01
1.303000000000000000e+03,7.291654371165965131e+03,0.000000000000000000e+00,7.291654371165965131e+03,2.129984349058607372e-05,3.319203307111111371e+03,2.649348402999758534e+01,-1.347325026027624872e+01
1.304000000000000000e+03,7.291654371165965131e+03,0.000000000000000000e+00,7.291654371165965131e+03,2.105965545758358096e-05,3.319203307111111371e+03,2.649348403036334432e+01,-1.347325031908468773e+01
1.305000000000000000e+03,7.291654371165962402e+03,0.000000000000000000e+00,7.291654371165962402e+03,2.082217589336070982e-05,3.319203307111111371e+03,2.649348403072497860e+01,-1.347325037722997187e+01
1.306000000000000000e+03,7.291654371165962402e+03,0.000000000000000000e+00,7.291654371165962402e+03,2.058737431298140924e-05,3.319203307111111371e+03,2.649348403108253436e+01,-1.347325043471957962e+01
1.307000000000000000e+03,7.291654371165960583e+03,0.000000000000000000e+00,7.291654371165960583e+03,2.035522067533040308e-05,3.319203307111111371e+03,2.649348403143605779e+01,-1.347325049156090415e+01
1.308000000000000000e+03,7.291654371165957855e+03,0.000000000000000000e+00,7.291654371165957855e+03,2.012568472865597190e-05,3.319203307111111371e+03,2.649348403178559508e+01,-1.347325054776125697e+01
1.309000000000000000e+03,7.291654371165957855e+03,0.000000000000000000e+00,7.291654371165957855e+03,1.989873705996261528e-05,3.319203307111111371e+03,2.649348403213118885e+01,-1.347325060332786606e+01
1.310000000000000000e+03,7.291654371165956945e+03,0.000000000000000000e+00,7.291654371165956945e+03,1.967434870683367365e-05,3.319203307111111371e+03,2.649348403247288886e+01,-1.347325065826787771e+01
1.311000000000000000e+03,7.291654371165956036e+03,0.000000000000000000e+00,7.291654371165956036e+03,1.945249058148116567e-05,3.319203307111111371e+03,2.649348403281073416e+01,-1.347325071258835827e+01
1.312000000000000000e+03,7.291654371165956036e+03,0.000000000000000000e+00,7.291654371165956036e+03,1.923313422556323761e-05,3.319203307111111371e+03,2.649348403314477096e+01,-1.347325076629629237e+01
1.313000000000000000e+03,7.291654371165953307e+03,0.000000000000000000e+00,7.291654371165953307e+03,1.901625164521192360e-05,3.319203307111111371e+03,2.649348403347503833e+01,-1.347325081939858826e+01
1.314000000000000000e+03,7.291654371165951488e+03,0.000000000000000000e+00,7.291654371165951488e+03,1.880181439250666020e-05,3.319203307111111371e+03,2.649348403380158246e+01,-1.347325087190207604e+01
1.315000000000000000e+03,7.291654371165950579e+03,0.000000000000000000e+00,7.291654371165950579e+03,1.858979569223922362e-05,3.319203307111111371e+03,2.649348403412444597e+01,-1.347325092381350586e+01
1.316000000000000000e+03,7.291654371165950579e+03,0.000000000000000000e+00,7.291654371165950579e+03,1.838016731116770100e-05,3.319203307111111371e+03,2.649348403444366795e+01,-1.347325097513955683e+01
1.317000000000000000e+03,7.291654371165949669e+03,0.000000000000000000e+00,7.291654371165949669e+03,1.817290358177261800e-05,3.319203307111111371e+03,2.649348403475929103e+01,-1.347325102588682810e+01
1.318000000000000000e+03,7.291654371165948760e+03,0.000000000000000000e+00,7.291654371165948760e+03,1.796797610066076095e-05,3.319203307111111371e+03,2.649348403507135430e+01,-1.347325107606184780e+01
1.319000000000000000e+03,7.291654371165948760e+03,0.000000000000000000e+00,7.291654371165948760e+03,1.776536023612607191e-05,3.319203307111111371e+03,2.649348403537989682e+01,-1.347325112567106764e+01
1.320000000000000000e+03,7.291654371165946031e+03,0.000000000000000000e+00,7.291654371165946031e+03,1.756502878366619425e-05,3.319203307111111371e+03,2.649348403568496124e+01,-1.347325117472086831e+01
1.321000000000000000e+03,7.291654371165947850e+03,0.000000000000000000e+00,7.291654371165947850e+03,1.736695651661395758e-05,3.319203307111111371e+03,2.649348403598658663e+01,-1.347325122321755764e+01
1.322000000000000000e+03,7.291654371165946031e+03,0.000000000000000000e+00,7.291654371165946031e+03,1.717111766702651514e-05,3.319203307111111371e+03,2.649348403628480852e+01,-1.347325127116737420e+01
1.323000000000000000e+03,7.291654371165946031e+03,0.000000000000000000e+00,7.291654371165946031e+03,1.697748744744684754e-05,3.319203307111111371e+03,2.649348403657966955e+01,-1.347325131857648373e+01
1.324000000000000000e+03,7.291654371165943303e+03,0.000000000000000000e+00,7.291654371165943303e+03,1.678604043756119229e-05,3.319203307111111371e+03,2.649348403687120523e+01,-1.347325136545098445e+01
1.325000000000000000e+03,7.291654371165943303e+03,0.000000000000000000e+00,7.291654371165943303e+03,1.659675246596887261e-05,3.319203307111111371e+03,2.649348403715945111e+01,-1.347325141179690355e+01
1.326000000000000000e+03,7.291654371165941484e+03,0.000000000000000000e+00,7.291654371165941484e+03,1.640959902936679507e-05,3.319203307111111371e+03,2.649348403744444980e+01,-1.347325145762020249e+01
1.327000000000000000e+03,7.291654371165941484e+03,0.000000000000000000e+00,7.291654371165941484e+03,1.622455571679084791e-05,3.319203307111111371e+03,2.649348403772623328e+01,-1.347325150292677520e+01
1.328000000000000000e+03,7.291654371165939665e+03,0.000000000000000000e+00,7.291654371165939665e+03,1.604159938589570480e-05,3.319203307111111371e+03,2.649348403800484064e+01,-1.347325154772244638e+01
1.329000000000000000e+03,7.291654371165941484e+03,0.000000000000000000e+00,7.291654371165941484e+03,1.586070623242600525e-05,3.319203307111111371e+03,2.649348403828030385e+01,-1.347325159201297851e+01
1.330000000000000000e+03,7.291654371165940574e+03,0.000000000000000000e+00,7.291654371165940574e+03,1.568185253985474311e-05,3.319203307111111371e+03,2.649348403855266199e+01,-1.347325163580406837e+01
1.331000000000000000e+03,7.291654371165939665e+03,0.000000000000000000e+00,7.291654371165939665e+03,1.550501581037779889e-05,3.319203307111111371e+03,2.649348403882195058e+01,-1.347325167910134702e+01
1.332000000000000000e+03,7.291654371165937846e+03,0.000000000000000000e+00,7.291654371165937846e+03,1.533017339473493156e-05,3.319203307111111371e+03,2.649348403908820160e+01,-1.347325172191038334e+01
1.333000000000000000e+03,7.291654371165937846e+03,0.000000000000000000e+00,7.291654371165937846e+03,1.515730249328347245e-05,3.319203307111111371e+03,2.649348403935145058e+01,-1.347325176423668225e+01
1.334000000000000000e+03,7.291654371165938755e+03,0.000000000000000000e+00,7.291654371165938755e+03,1.498638086363573288e-05,3.319203307111111371e+03,2.649348403961172949e+01,-1.347325180608568829e+01
1.335000000000000000e+03,7.291654371165936027e+03,0.000000000000000000e+00,7.291654371165936027e+03,1.481738696643080619e-05,3.319203307111111371e+03,2.649348403986907385e+01,-1.347325184746278381e+01
1.336000000000000000e+03,7.291654371165937846e+03,0.000000000000000000e+00,7.291654371165937846e+03,1.465029849687956133e-05,3.319203307111111371e+03,2.649348404012351565e+01,-1.347325188837329080e+01
1.337000000000000000e+03,7.291654371165935117e+03,0.000000000000000000e+00,7.291654371165935117e+03,1.448509420703835056e-05,3.319203307111111371e+03,2.649348404037508686e+01,-1.347325192882246903e+01
1.338000000000000000e+03,7.291654371165936027e+03,0.000000000000000000e+00,7.291654371165936027e+03,1.432175270767604358e-05,3.319203307111111371e+03,2.649348404062382301e+01,-1.347325196881552145e+01
1.339000000000000000e+03,7.291654371165934208e+03,0.000000000000000000e+00,7.291654371165934208e+03,1.416025298359121205e-05,3.319203307111111371e+03,2.649348404086975250e+01,-1.347325200835759240e+01
1.340000000000000000e+03,7.291654371165933298e+03,0.000000000000000000e+00,7.291654371165933298e+03,1.400057482176938150e-05,3.319203307111111371e+03,2.649348404111291089e+01,-1.347325204745376581e+01
1.341000000000000000e+03,7.291654371165933298e+03,0.000000000000000000e+00,7.291654371165933298e+03,1.384269730130603882e-05,3.319203307111111371e+03,2.649348404135332657e+01,-1.347325208610907055e+01
1.342000000000000000e+03,7.291654371165933298e+03,0.000000000000000000e+00,7.291654371165933298e+03,1.368659974635496281e-05,3.319203307111111371e+03,2.649348404159103154e+01,-1.347325212432847863e+01
1.343000000000000000e+03,7.291654371165931479e+03,0.000000000000000000e+00,7.291654371165931479e+03,1.353226273257253830e-05,3.319203307111111371e+03,2.649348404182605776e+01,-1.347325216211690524e+01
1.344000000000000000e+03,7.291654371165931479e+03,0.000000000000000000e+00,7.291654371165931479e+03,1.337966615020983824e-05,3.319203307111111371e+03,2.649348404205843366e+01,-1.347325219947921049e+01
1.345000000000000000e+03,7.291654371165928751e+03,0.000000000000000000e+00,7.291654371165928751e+03,1.322879001008914202e-05,3.319203307111111371e+03,2.649348404228818765e+01,-1.347325223642019942e+01
1.346000000000000000e+03,7.291654371165930570e+03,0.000000000000000000e+00,7.291654371165930570e+03,1.307961526934933365e-05,3.319203307111111371e+03,2.649348404251535172e+01,-1.347325227294462202e+01
1.347000000000000000e+03,7.291654371165930570e+03,0.000000000000000000e+00,7.291654371165930570e+03,1.293212284249673473e-05,3.319203307111111371e+03,2.649348404273995428e+01,-1.347325230905717675e+01
1.348000000000000000e+03,7.291654371165928751e+03,0.000000000000000000e+00,7.291654371165928751e+03,1.278629355428822413e-05,3.319203307111111371e+03,2.649348404296202375e+01,-1.347325234476250699e+01
1.349000000000000000e+03,7.291654371165928751e+03,0.000000000000000000e+00,7.291654371165928751e+03,1.264210888141153347e-05,3.319203307111111371e+03,2.649348404318158856e+01,-1.347325238006520642e+01
1.350000000000000000e+03,7.291654371165928751e+03,0.000000000000000000e+00,7.291654371165928751e+03,1.249954984309119495e-05,3.319203307111111371e+03,2.649348404339867713e+01,-1.347325241496981363e+01
1.351000000000000000e+03,7.291654371165927842e+03,0.000000000000000000e+00,7.291654371165927842e+03,1.235859840069982355e-05,3.319203307111111371e+03,2.649348404361331788e+01,-1.347325244948081924e+01
1.352000000000000000e+03,7.291654371165927842e+03,0.000000000000000000e+00,7.291654371165927842e+03,1.221923657137974905e-05,3.319203307111111371e+03,2.649348404382553568e+01,-1.347325248360266059e+01
1.353000000000000000e+03,7.291654371165927842e+03,0.000000000000000000e+00,7.291654371165927842e+03,1.208144633166183565e-05,3.319203307111111371e+03,2.649348404403536250e+01,-1.347325251733972706e+01
1.354000000000000000e+03,7.291654371165926932e+03,0.000000000000000000e+00,7.291654371165926932e+03,1.194520947737803162e-05,3.319203307111111371e+03,2.649348404424282322e+01,-1.347325255069635652e+01
1.355000000000000000e+03,7.291654371165926023e+03,0.000000000000000000e+00,7.291654371165926023e+03,1.181050935656457996e-05,3.319203307111111371e+03,2.649348404444794625e+01,-1.347325258367683887e+01
1.356000000000000000e+03,7.291654371165926023e+03,0.000000000000000000e+00,7.291654371165926023e+03,1.167732802009090399e-05,3.319203307111111371e+03,2.649348404465075291e+01,-1.347325261628541782e+01
1.357000000000000000e+03,7.291654371165926023e+03,0.000000000000000000e+00,7.291654371165926023e+03,1.154564809528185161e-05,3.319203307111111371e+03,2.649348404485127517e+01,-1.347325264852628557e+01
1.358000000000000000e+03,7.291654371165926932e+03,0.000000000000000000e+00,7.291654371165926932e+03,1.141545372654996354e-05,3.319203307111111371e+03,2.649348404504953436e+01,-1.347325268040358637e+01
1.359000000000000000e+03,7.291654371165926023e+03,0.000000000000000000e+00,7.291654371165926023e+03,1.128672707327243473e-05,3.319203307111111371e+03,2.649348404524555889e+01,-1.347325271192142360e+01
1.360000000000000000e+03,7.291654371165925113e+03,0.000000000000000000e+00,7.291654371165925113e+03,1.115945208709945352e-05,3.319203307111111371e+03,2.649348404543937363e+01,-1.347325274308384913e+01
1.361000000000000000e+03,7.291654371165925113e+03,0.000000000000000000e+00,7.291654371165925113e+03,1.103361263751089100e-05,3.319203307111111371e+03,2.649348404563100345e+01,-1.347325277389487042e+01
1.362000000000000000e+03,7.291654371165924204e+03,0.000000000000000000e+00,7.291654371165924204e+03,1.090919185268527694e-05,3.319203307111111371e+03,2.649348404582046967e+01,-1.347325280435845229e+01
1.363000000000000000e+03,7.291654371165924204e+03,0.000000000000000000e+00,7.291654371165924204e+03,1.078617416624183452e-05,3.319203307111111371e+03,2.649348404600780071e+01,-1.347325283447851163e+01
1.364000000000000000e+03,7.291654371165923294e+03,0.000000000000000000e+00,7.291654371165923294e+03,1.066454359065321324e-05,3.319203307111111371e+03,2.649348404619302144e+01,-1.347325286425892088e+01
1.365000000000000000e+03,7.291654371165923294e+03,0.000000000000000000e+00,7.291654371165923294e+03,1.054428467050961872e-05,3.319203307111111371e+03,2.649348404637615317e+01,-1.347325289370350987e+01
1.366000000000000000e+03,7.291654371165923294e+03,0.000000000000000000e+00,7.291654371165923294e+03,1.042538199972871831e-05,3.319203307111111371e+03,2.649348404655721723e+01,-1.347325292281606757e+01
1.367000000000000000e+03,7.291654371165923294e+03,0.000000000000000000e+00,7.291654371165923294e+03,1.030782014860657685e-05,3.319203307111111371e+03,2.649348404673624202e+01,-1.347325295160033676e+01
1.368000000000000000e+03,7.291654371165923294e+03,0.000000000000000000e+00,7.291654371165923294e+03,1.019158368882876423e-05,3.319203307111111371e+03,2.649348404691324532e+01,-1.347325298006002114e+01
1.369000000000000000e+03,7.291654371165920566e+03,0.000000000000000000e+00,7.291654371165920566e+03,1.007665830905403295e-05,3.319203307111111371e+03,2.649348404708825200e+01,-1.347325300819877825e+01
1.370000000000000000e+03,7.291654371165921475e+03,0.000000000000000000e+00,7.291654371165921475e+03,9.963028744424364593e-06,3.319203307111111371e+03,2.649348404726128692e+01,-1.347325303602022828e+01
1.371000000000000000e+03,7.291654371165923294e+03,0.000000000000000000e+00,7.291654371165923294e+03,9.850680378791467747e-06,3.319203307111111371e+03,2.649348404743237140e+01,-1.347325306352794883e+01
1.372000000000000000e+03,7.291654371165920566e+03,0.000000000000000000e+00,7.291654371165920566e+03,9.739599095092266976e-06,3.319203307111111371e+03,2.649348404760152675e+01,-1.347325309072547839e+01
1.373000000000000000e+03,7.291654371165921475e+03,0.000000000000000000e+00,7.291654371165921475e+03,9.629770403118224627e-06,3.319203307111111371e+03,2.649348404776877430e+01,-1.347325311761631461e+01
1.374000000000000000e+03,7.291654371165920566e+03,0.000000000000000000e+00,7.291654371165920566e+03,9.521179969232839268e-06,3.319203307111111371e+03,2.649348404793413536e+01,-1.347325314420391607e+01
1.375000000000000000e+03,7.291654371165919656e+03,0.000000000000000000e+00,7.291654371165919656e+03,9.413814296471576865e-06,3.319203307111111371e+03,2.649348404809763124e+01,-1.347325317049170224e+01
1.376000000000000000e+03,7.291654371165920566e+03,0.000000000000000000e+00,7.291654371165920566e+03,9.307659221665037793e-06,3.319203307111111371e+03,2.649348404825928327e+01,-1.347325319648305353e+01
1.377000000000000000e+03,7.291654371165920566e+03,0.000000000000000000e+00,7.291654371165920566e+03,9.202701504086185127e-06,3.319203307111111371e+03,2.649348404841911275e+01,-1.347325322218131305e+01
1.378000000000000000e+03,7.291654371165918747e+03,0.000000000000000000e+00,7.291654371165918747e+03,9.098926898584774805e-06,3.319203307111111371e+03,2.649348404857714101e+01,-1.347325324758978660e+01
1.379000000000000000e+03,7.291654371165920566e+03,0.000000000000000000e+00,7.291654371165920566e+03,8.996322811438201066e-06,3.319203307111111371e+03,2.649348404873338581e+01,-1.347325327271174089e+01
1.380000000000000000e+03,7.291654371165918747e+03,0.000000000000000000e+00,7.291654371165918747e+03,8.894875679427766601e-06,3.319203307111111371e+03,2.649348404888786845e+01,-1.347325329755040713e+01
1.381000000000000000e+03,7.291654371165918747e+03,0.000000000000000000e+00,7.291654371165918747e+03,8.794572614634589899e-06,3.319203307111111371e+03,2.649348404904061027e+01,-1.347325332210897919e+01
1.382000000000000000e+03,7.291654371165919656e+03,0.000000000000000000e+00,7.291654371165919656e+03,8.695400406016537252e-06,3.319203307111111371e+03,2.649348404919162903e+01,-1.347325334639061722e+01
1.383000000000000000e+03,7.291654371165918747e+03,0.000000000000000000e+00,7.291654371165918747e+03,8.597346431555606409e-06,3.319203307111111371e+03,2.649348404934094603e+01,-1.347325337039844229e+01
1.384000000000000000e+03,7.291654371165918747e+03,0.000000000000000000e+00,7.291654371165918747e+03,8.500398363493230733e-06,3.319203307111111371e+03,2.649348404948857905e+01,-1.347325339413554168e+01
1.385000000000000000e+03,7.291654371165918747e+03,0.000000000000000000e+00,7.291654371165918747e+03,8.404543571727017206e-06,3.319203307111111371e+03,2.649348404963454584e+01,-1.347325341760497075e+01
1.386000000000000000e+03,7.291654371165916928e+03,0.000000000000000000e+00,7.291654371165916928e+03,8.309769563589320909e-06,3.319203307111111371e+03,2.649348404977886773e+01,-1.347325344080974574e+01
1.387000000000000000e+03,7.291654371165916928e+03,0.000000000000000000e+00,7.291654371165916928e+03,8.216064457605574473e-06,3.319203307111111371e+03,2.649348404992156247e+01,-1.347325346375285271e+01
1.388000000000000000e+03,7.291654371165917837e+03,0.000000000000000000e+00,7.291654371165917837e+03,8.123415871258050800e-06,3.319203307111111371e+03,2.649348405006264784e+01,-1.347325348643724041e+01
1.389000000000000000e+03,7.291654371165916928e+03,0.000000000000000000e+00,7.291654371165916928e+03,8.031811908103412889e-06,3.319203307111111371e+03,2.649348405020214159e+01,-1.347325350886582740e+01
1.390000000000000000e+03,7.291654371165916928e+03,0.000000000000000000e+00,7.291654371165916928e+03,7.941241077370857408e-06,3.319203307111111371e+03,2.649348405034006504e+01,-1.347325353104149848e+01
1.391000000000000000e+03,7.291654371165916018e+03,0.000000000000000000e+00,7.291654371165916018e+03,7.851691506175484934e-06,3.319203307111111371e+03,2.649348405047643240e+01,-1.347325355296710470e+01
1.392000000000000000e+03,7.291654371165917837e+03,0.000000000000000000e+00,7.291654371165917837e+03,7.763151882487464284e-06,3.319203307111111371e+03,2.649348405061126144e+01,-1.347325357464546691e+01
1.393000000000000000e+03,7.291654371165917837e+03,0.000000000000000000e+00,7.291654371165917837e+03,7.675610684208954604e-06,3.319203307111111371e+03,2.649348405074456991e+01,-1.347325359607937223e+01
1.394000000000000000e+03,7.291654371165916928e+03,0.000000000000000000e+00,7.291654371165916928e+03,7.589056442990719454e-06,3.319203307111111371e+03,2.649348405087637559e+01,-1.347325361727157933e+01
1.395000000000000000e+03,7.291654371165916928e+03,0.000000000000000000e+00,7.291654371165916928e+03,7.503478247738510028e-06,3.319203307111111371e+03,2.649348405100669268e+01,-1.347325363822481137e+01
1.396000000000000000e+03,7.291654371165916928e+03,0.000000000000000000e+00,7.291654371165916928e+03,7.418865284560322549e-06,3.319203307111111371e+03,2.649348405113554250e+01,-1.347325365894176308e+01
1.397000000000000000e+03,7.291654371165916018e+03,0.000000000000000000e+00,7.291654371165916018e+03,7.335206266753225905e-06,3.319203307111111371e+03,2.649348405126293926e+01,-1.347325367942510077e+01
1.398000000000000000e+03,7.291654371165916018e+03,0.000000000000000000e+00,7.291654371165916018e+03,7.252490841488502258e-06,3.319203307111111371e+03,2.649348405138889717e+01,-1.347325369967745701e+01
1.399000000000000000e+03,7.291654371165916018e+03,0.000000000000000000e+00,7.291654371165916018e+03,7.170708055544613291e-06,3.319203307111111371e+03,2.649348405151343755e+01,-1.347325371970143770e+01
1.400000000000000000e+03,7.291654371165916928e+03,0.000000000000000000e+00,7.291654371165916928e+03,7.089847302950147491e-06,3.319203307111111371e+03,2.649348405163657105e+01,-1.347325373949961858e+01
1.401000000000000000e+03,7.291654371165916928e+03,0.000000000000000000e+00,7.291654371165916928e+03,7.009898587347783747e-06,3.319203307111111371e+03,2.649348405175831545e+01,-1.347325375907454337e+01
1.402000000000000000e+03,7.291654371165915109e+03,0.000000000000000000e+00,7.291654371165915109e+03,6.930851297902841235e-06,3.319203307111111371e+03,2.649348405187868849e+01,-1.347325377842873273e+01
1.403000000000000000e+03,7.291654371165915109e+03,0.000000000000000000e+00,7.291654371165915109e+03,6.852695555039645081e-06,3.319203307111111371e+03,2.649348405199770440e+01,-1.347325379756467356e+01
1.404000000000000000e+03,7.291654371165916928e+03,0.000000000000000000e+00,7.291654371165916928e+03,6.775420771292475846e-06,3.319203307111111371e+03,2.649348405211537738e+01,-1.347325381648482789e+01
1.405000000000000000e+03,7.291654371165915109e+03,0.000000000000000000e+00,7.291654371165915109e+03,6.699017733732640721e-06,3.319203307111111371e+03,2.649348405223172520e+01,-1.347325383519162756e+01
1.406000000000000000e+03,7.291654371165915109e+03,0.000000000000000000e+00,7.291654371165915109e+03,6.623476350505876196e-06,3.319203307111111371e+03,2.649348405234675852e+01,-1.347325385368747952e+01
1.407000000000000000e+03,7.291654371165916018e+03,0.000000000000000000e+00,7.291654371165916018e+03,6.548786667950581778e-06,3.319203307111111371e+03,2.649348405246049509e+01,-1.347325387197476410e+01
1.408000000000000000e+03,7.291654371165915109e+03,0.000000000000000000e+00,7.291654371165915109e+03,6.474939108708591794e-06,3.319203307111111371e+03,2.649348405257294914e+01,-1.347325389005583141e+01
1.409000000000000000e+03,7.291654371165916018e+03,0.000000000000000000e+00,7.291654371165916018e+03,6.401924428839972666e-06,3.319203307111111371e+03,2.649348405268413487e+01,-1.347325390793300848e+01
1.410000000000000000e+03,7.291654371165915109e+03,0.000000000000000000e+00,7.291654371165915109e+03,6.329732812244199339e-06,3.319203307111111371e+03,2.649348405279407004e+01,-1.347325392560859214e+01
1.411000000000000000e+03,7.291654371165915109e+03,0.000000000000000000e+00,7.291654371165915109e+03,6.258355566741455420e-06,3.319203307111111371e+03,2.649348405290276531e+01,-1.347325394308485613e+01
1.412000000000000000e+03,7.291654371165915109e+03,0.000000000000000000e+00,7.291654371165915109e+03,6.187783233144728204e-06,3.319203307111111371e+03,2.649348405301023490e+01,-1.347325396036404932e+01
1.413000000000000000e+03,7.291654371165915109e+03,0.000000000000000000e+00,7.291654371165915109e+03,6.118006576545869373e-06,3.319203307111111371e+03,2.649348405311648946e+01,-1.347325397744839393e+01
1.414000000000000000e+03,7.291654371165915109e+03,0.000000000000000000e+00,7.291654371165915109e+03,6.049016887901517470e-06,3.319203307111111371e+03,2.649348405322154676e+01,-1.347325399434008730e+01
1.415000000000000000e+03,7.291654371165913290e+03,0.000000000000000000e+00,7.291654371165913290e+03,5.980805105928589272e-06,3.319203307111111371e+03,2.649348405332542100e+01,-1.347325401104130016e+01
1.416000000000000000e+03,7.291654371165915109e+03,0.000000000000000000e+00,7.291654371165915109e+03,5.913362219113575533e-06,3.319203307111111371e+03,2.649348405342812285e+01,-1.347325402755418189e+01
1.417000000000000000e+03,7.291654371165913290e+03,0.000000000000000000e+00,7.291654371165913290e+03,5.846680249040522159e-06,3.319203307111111371e+03,2.649348405352966651e+01,-1.347325404388085524e+01
1.418000000000000000e+03,7.291654371165915109e+03,0.000000000000000000e+00,7.291654371165915109e+03,5.780750165690227827e-06,3.319203307111111371e+03,2.649348405363006265e+01,-1.347325406002342163e+01
1.419000000000000000e+03,7.291654371165913290e+03,0.000000000000000000e+00,7.291654371165913290e+03,5.715563298293899701e-06,3.319203307111111371e+03,2.649348405372932902e+01,-1.347325407598395586e+01
1.420000000000000000e+03,7.291654371165913290e+03,0.000000000000000000e+00,7.291654371165913290e+03,5.651111599402409498e-06,3.319203307111111371e+03,2.649348405382747629e+01,-1.347325409176451139e+01
1.421000000000000000e+03,7.291654371165912380e+03,0.000000000000000000e+00,7.291654371165912380e+03,5.587386876300115952e-06,3.319203307111111371e+03,2.649348405392451511e+01,-1.347325410736711682e+01
1.422000000000000000e+03,7.291654371165915109e+03,0.000000000000000000e+00,7.291654371165915109e+03,5.524380689886735642e-06,3.319203307111111371e+03,2.649348405402045969e+01,-1.347325412279377943e+01
1.423000000000000000e+03,7.291654371165913290e+03,0.000000000000000000e+00,7.291654371165913290e+03,5.462084845299209893e-06,3.319203307111111371e+03,2.649348405411532426e+01,-1.347325413804648342e+01
1.424000000000000000e+03,7.291654371165913290e+03,0.000000000000000000e+00,7.291654371165913290e+03,5.400491486145458464e-06,3.319203307111111371e+03,2.649348405420911945e+01,-1.347325415312718988e+01
1.425000000000000000e+03,7.291654371165912380e+03,0.000000000000000000e+00,7.291654371165912380e+03,5.339592742138342309e-06,3.319203307111111371e+03,2.649348405430185593e+01,-1.347325416803783860e+01
1.426000000000000000e+03,7.291654371165912380e+03,0.000000000000000000e+00,7.291654371165912380e+03,5.279380884657156450e-06,3.319203307111111371e+03,2.649348405439354792e+01,-1.347325418278034626e+01
1.427000000000000000e+03,7.291654371165912380e+03,0.000000000000000000e+00,7.291654371165912380e+03,5.219847841115349571e-06,3.319203307111111371e+03,2.649348405448420607e+01,-1.347325419735661001e+01
1.428000000000000000e+03,7.291654371165912380e+03,0.000000000000000000e+00,7.291654371165912380e+03,5.160985892681916871e-06,3.319203307111111371e+03,2.649348405457384104e+01,-1.347325421176850391e+01
1.429000000000000000e+03,7.291654371165911471e+03,0.000000000000000000e+00,7.291654371165911471e+03,5.102788237347037106e-06,3.319203307111111371e+03,2.649348405466246348e+01,-1.347325422601788247e+01
1.430000000000000000e+03,7.291654371165911471e+03,0.000000000000000000e+00,7.291654371165911471e+03,5.045246663952538486e-06,3.319203307111111371e+03,2.649348405475008761e+01,-1.347325424010657713e+01
1.431000000000000000e+03,7.291654371165911471e+03,0.000000000000000000e+00,7.291654371165911471e+03,4.988354051470701967e-06,3.319203307111111371e+03,2.649348405483672408e+01,-1.347325425403640153e+01
1.432000000000000000e+03,7.291654371165912380e+03,0.000000000000000000e+00,7.291654371165912380e+03,4.932102465318166448e-06,3.319203307111111371e+03,2.649348405492238356e+01,-1.347325426780914626e+01
1.433000000000000000e+03,7.291654371165912380e+03,0.000000000000000000e+00,7.291654371165912380e+03,4.876485580780354110e-06,3.319203307111111371e+03,2.649348405500707671e+01,-1.347325428142658232e+01
1.434000000000000000e+03,7.291654371165913290e+03,0.000000000000000000e+00,7.291654371165913290e+03,4.821495777618010222e-06,3.319203307111111371e+03,2.649348405509081417e+01,-1.347325429489046122e+01
1.435000000000000000e+03,7.291654371165912380e+03,0.000000000000000000e+00,7.291654371165912380e+03,4.767126148029395479e-06,3.319203307111111371e+03,2.649348405517361016e+01,-1.347325430820251313e+01
1.436000000000000000e+03,7.291654371165912380e+03,0.000000000000000000e+00,7.291654371165912380e+03,4.713369723579793225e-06,3.319203307111111371e+03,2.649348405525547179e+01,-1.347325432136445222e+01
1.437000000000000000e+03,7.291654371165911471e+03,0.000000000000000000e+00,7.291654371165911471e+03,4.660219492949282377e-06,3.319203307111111371e+03,2.649348405533640971e+01,-1.347325433437797138e+01
1.438000000000000000e+03,7.291654371165912380e+03,0.000000000000000000e+00,7.291654371165912380e+03,4.607668275803512561e-06,3.319203307111111371e+03,2.649348405541643459e+01,-1.347325434724474391e+01
1.439000000000000000e+03,7.291654371165912380e+03,0.000000000000000000e+00,7.291654371165912380e+03,4.555709539444150452e-06,3.319203307111111371e+03,2.649348405549555707e+01,-1.347325435996642362e+01
1.440000000000000000e+03,7.291654371165912380e+03,0.000000000000000000e+00,7.291654371165912380e+03,4.504337235541950190e-06,3.319203307111111371e+03,2.649348405557378783e+01,-1.347325437254464653e+01
1.441000000000000000e+03,7.291654371165912380e+03,0.000000000000000000e+00,7.291654371165912380e+03,4.453544049612092926e-06,3.319203307111111371e+03,2.649348405565113396e+01,-1.347325438498103090e+01
1.442000000000000000e+03,7.291654371165911471e+03,0.000000000000000000e+00,7.291654371165911471e+03,4.403323456788004288e-06,3.319203307111111371e+03,2.649348405572760967e+01,-1.347325439727717544e+01
1.443000000000000000e+03,7.291654371165912380e+03,0.000000000000000000e+00,7.291654371165912380e+03,4.353669454467813622e-06,3.319203307111111371e+03,2.649348405580322208e+01,-1.347325440943466290e+01
1.444000000000000000e+03,7.291654371165910561e+03,0.000000000000000000e+00,7.291654371165910561e+03,4.304575120196811284e-06,3.319203307111111371e+03,2.649348405587798183e+01,-1.347325442145505647e+01
1.445000000000000000e+03,7.291654371165913290e+03,0.000000000000000000e+00,7.291654371165913290e+03,4.256034624556074396e-06,3.319203307111111371e+03,2.649348405595189959e+01,-1.347325443333990158e+01
1.446000000000000000e+03,7.291654371165911471e+03,0.000000000000000000e+00,7.291654371165911471e+03,4.208041067891422753e-06,3.319203307111111371e+03,2.649348405602498246e+01,-1.347325444509072767e+01
1.447000000000000000e+03,7.291654371165912380e+03,0.000000000000000000e+00,7.291654371165912380e+03,4.160589330189800251e-06,3.319203307111111371e+03,2.649348405609724466e+01,-1.347325445670904465e+01
1.448000000000000000e+03,7.291654371165912380e+03,0.000000000000000000e+00,7.291654371165912380e+03,4.113672319287312898e-06,3.319203307111111371e+03,2.649348405616868973e+01,-1.347325446819634820e+01
1.449000000000000000e+03,7.291654371165912380e+03,0.000000000000000000e+00,7.291654371165912380e+03,4.067284422275305648e-06,3.319203307111111371e+03,2.649348405623932834e+01,-1.347325447955411448e+01
1.450000000000000000e+03,7.291654371165912380e+03,0.000000000000000000e+00,7.291654371165912380e+03,4.021419663015674360e-06,3.319203307111111371e+03,2.649348405630917114e+01,-1.347325449078380544e+01
1.451000000000000000e+03,7.291654371165910561e+03,0.000000000000000000e+00,7.291654371165910561e+03,3.976071855681260983e-06,3.319203307111111371e+03,2.649348405637822523e+01,-1.347325450188686347e+01
1.452000000000000000e+03,7.291654371165911471e+03,0.000000000000000000e+00,7.291654371165911471e+03,3.931235922891573559e-06,3.319203307111111371e+03,2.649348405644650128e+01,-1.347325451286471854e+01
1.453000000000000000e+03,7.291654371165912380e+03,0.000000000000000000e+00,7.291654371165912380e+03,3.886905197545173390e-06,3.319203307111111371e+03,2.649348405651400640e+01,-1.347325452371878107e+01
1.454000000000000000e+03,7.291654371165911471e+03,0.000000000000000000e+00,7.291654371165911471e+03,3.843074384424956359e-06,3.319203307111111371e+03,2.649348405658075123e+01,-1.347325453445044730e+01
1.455000000000000000e+03,7.291654371165910561e+03,0.000000000000000000e+00,7.291654371165910561e+03,3.799737699713053379e-06,3.319203307111111371e+03,2.649348405664674644e+01,-1.347325454506109743e+01
1.456000000000000000e+03,7.291654371165909652e+03,0.000000000000000000e+00,7.291654371165909652e+03,3.756890158304789623e-06,3.319203307111111371e+03,2.649348405671199558e+01,-1.347325455555209572e+01
1.457000000000000000e+03,7.291654371165911471e+03,0.000000000000000000e+00,7.291654371165911471e+03,3.714525558393688562e-06,3.319203307111111371e+03,2.649348405677650931e+01,-1.347325456592479398e+01
1.458000000000000000e+03,7.291654371165912380e+03,0.000000000000000000e+00,7.291654371165912380e+03,3.672638754260838684e-06,3.319203307111111371e+03,2.649348405684029473e+01,-1.347325457618052447e+01
1.459000000000000000e+03,7.291654371165911471e+03,0.000000000000000000e+00,7.291654371165911471e+03,3.631224027900417282e-06,3.319203307111111371e+03,2.649348405690336250e+01,-1.347325458632060524e+01
1.460000000000000000e+03,7.291654371165911471e+03,0.000000000000000000e+00,7.291654371165911471e+03,3.590276497536453849e-06,3.319203307111111371e+03,2.649348405696571618e+01,-1.347325459634634193e+01
1.461000000000000000e+03,7.291654371165910561e+03,0.000000000000000000e+00,7.291654371165910561e+03,3.549790564029030313e-06,3.319203307111111371e+03,2.649348405702736642e+01,-1.347325460625902238e+01
1.462000000000000000e+03,7.291654371165910561e+03,0.000000000000000000e+00,7.291654371165910561e+03,3.509761437814833865e-06,3.319203307111111371e+03,2.649348405708832388e+01,-1.347325461605992203e+01
1.463000000000000000e+03,7.291654371165910561e+03,0.000000000000000000e+00,7.291654371165910561e+03,3.470183744411769971e-06,3.319203307111111371e+03,2.649348405714859211e+01,-1.347325462575030208e+01
1.464000000000000000e+03,7.291654371165910561e+03,0.000000000000000000e+00,7.291654371165910561e+03,3.431051971713511767e-06,3.319203307111111371e+03,2.649348405720818178e+01,-1.347325463533140955e+01
1.465000000000000000e+03,7.291654371165910561e+03,0.000000000000000000e+00,7.291654371165910561e+03,3.392361440117181297e-06,3.319203307111111371e+03,2.649348405726709998e+01,-1.347325464480447543e+01
1.466000000000000000e+03,7.291654371165910561e+03,0.000000000000000000e+00,7.291654371165910561e+03,3.354107602338748003e-06,3.319203307111111371e+03,2.649348405732535383e+01,-1.347325465417071655e+01
1.467000000000000000e+03,7.291654371165911471e+03,0.000000000000000000e+00,7.291654371165911471e+03,3.316284953914166517e-06,3.319203307111111371e+03,2.649348405738295043e+01,-1.347325466343134082e+01
1.468000000000000000e+03,7.291654371165912380e+03,0.000000000000000000e+00,7.291654371165912380e+03,3.278888853641445950e-06,3.319203307111111371e+03,2.649348405743989687e+01,-1.347325467258753662e+01
1.469000000000000000e+03,7.291654371165912380e+03,0.000000000000000000e+00,7.291654371165912380e+03,3.241914439829290366e-06,3.319203307111111371e+03,2.649348405749620028e+01,-1.347325468164048345e+01
1.470000000000000000e+03,7.291654371165910561e+03,0.000000000000000000e+00,7.291654371165910561e+03,3.205356846238929569e-06,3.319203307111111371e+03,2.649348405755187130e+01,-1.347325469059134306e+01
1.471000000000000000e+03,7.291654371165910561e+03,0.000000000000000000e+00,7.291654371165910561e+03,3.169211757191684676e-06,3.319203307111111371e+03,2.649348405760691350e+01,-1.347325469944126830e+01
1.472000000000000000e+03,7.291654371165910561e+03,0.000000000000000000e+00,7.291654371165910561e+03,3.133474121139240974e-06,3.319203307111111371e+03,2.649348405766133396e+01,-1.347325470819139781e+01
1.473000000000000000e+03,7.291654371165910561e+03,0.000000000000000000e+00,7.291654371165910561e+03,3.098139615518549607e-06,3.319203307111111371e+03,2.649348405771514336e+01,-1.347325471684285603e+01
1.474000000000000000e+03,7.291654371165910561e+03,0.000000000000000000e+00,7.291654371165910561e+03,3.063203181517969281e-06,3.319203307111111371e+03,2.649348405776834525e+01,-1.347325472539675673e+01
1.475000000000000000e+03,7.291654371165910561e+03,0.000000000000000000e+00,7.291654371165910561e+03,3.028660836940212638e-06,3.319203307111111371e+03,2.649348405782094673e+01,-1.347325473385419947e+01
1.476000000000000000e+03,7.291654371165910561e+03,0.000000000000000000e+00,7.291654371165910561e+03,2.994508306718065128e-06,3.319203307111111371e+03,2.649348405787295491e+01,-1.347325474221627140e+01
1.477000000000000000e+03,7.291654371165910561e+03,0.000000000000000000e+00,7.291654371165910561e+03,2.960740752592351213e-06,3.319203307111111371e+03,2.649348405792437688e+01,-1.347325475048404897e+01
1.478000000000000000e+03,7.291654371165910561e+03,0.000000000000000000e+00,7.291654371165910561e+03,2.927353555845810569e-06,3.319203307111111371e+03,2.649348405797521622e+01,-1.347325475865859445e+01
1.479000000000000000e+03,7.291654371165910561e+03,0.000000000000000000e+00,7.291654371165910561e+03,2.894343437876361346e-06,3.319203307111111371e+03,2.649348405802548356e+01,-1.347325476674095945e+01
1.480000000000000000e+03,7.291654371165910561e+03,0.000000000000000000e+00,7.291654371165910561e+03,2.861705058813236743e-06,3.319203307111111371e+03,2.649348405807518603e+01,-1.347325477473218314e+01
1.481000000000000000e+03,7.291654371165910561e+03,0.000000000000000000e+00,7.291654371165910561e+03,2.829435291636804638e-06,3.319203307111111371e+03,2.649348405812432716e+01,-1.347325478263329224e+01
1.482000000000000000e+03,7.291654371165910561e+03,0.000000000000000000e+00,7.291654371165910561e+03,2.797529168800691600e-06,3.319203307111111371e+03,2.649348405817291408e+01,-1.347325479044530638e+01
1.483000000000000000e+03,7.291654371165910561e+03,0.000000000000000000e+00,7.291654371165910561e+03,2.765982772277513874e-06,3.319203307111111371e+03,2.649348405822095387e+01,-1.347325479816922744e+01
1.484000000000000000e+03,7.291654371165910561e+03,0.000000000000000000e+00,7.291654371165910561e+03,2.734791947950220368e-06,3.319203307111111371e+03,2.649348405826845010e+01,-1.347325480580605017e+01
1.485000000000000000e+03,7.291654371165909652e+03,0.000000000000000000e+00,7.291654371165909652e+03,2.703952991143725940e-06,3.319203307111111371e+03,2.649348405831540987e+01,-1.347325481335675512e+01
1.486000000000000000e+03,7.291654371165910561e+03,0.000000000000000000e+00,7.291654371165910561e+03,2.673461916755412597e-06,3.319203307111111371e+03,2.649348405836184028e+01,-1.347325482082231396e+01
1.487000000000000000e+03,7.291654371165910561e+03,0.000000000000000000e+00,7.291654371165910561e+03,2.643314579447380579e-06,3.319203307111111371e+03,2.649348405840774845e+01,-1.347325482820368769e+01
1.488000000000000000e+03,7.291654371165910561e+03,0.000000000000000000e+00,7.291654371165910561e+03,2.613507389494568628e-06,3.319203307111111371e+03,2.649348405845313792e+01,-1.347325483550182668e+01
1.489000000000000000e+03,7.291654371165912380e+03,0.000000000000000000e+00,7.291654371165912380e+03,2.584035942037290936e-06,3.319203307111111371e+03,2.649348405849801580e+01,-1.347325484271766705e+01
1.490000000000000000e+03,7.291654371165910561e+03,0.000000000000000000e+00,7.291654371165910561e+03,2.554897036854223975e-06,3.319203307111111371e+03,2.649348405854238919e+01,-1.347325484985213784e+01
1.491000000000000000e+03,7.291654371165910561e+03,0.000000000000000000e+00,7.291654371165910561e+03,2.526086611535700136e-06,3.319203307111111371e+03,2.649348405858626165e+01,-1.347325485690615743e+01
1.492000000000000000e+03,7.291654371165910561e+03,0.000000000000000000e+00,7.291654371165910561e+03,2.497601367142326529e-06,3.319203307111111371e+03,2.649348405862964029e+01,-1.347325486388063176e+01
1.493000000000000000e+03,7.291654371165910561e+03,0.000000000000000000e+00,7.291654371165910561e+03,2.469437058418103917e-06,3.319203307111111371e+03,2.649348405867252865e+01,-1.347325487077645789e+01
1.494000000000000000e+03,7.291654371165909652e+03,0.000000000000000000e+00,7.291654371165909652e+03,2.441590521900454758e-06,3.319203307111111371e+03,2.649348405871493384e+01,-1.347325487759452400e+01
1.495000000000000000e+03,7.291654371165910561e+03,0.000000000000000000e+00,7.291654371165910561e+03,2.414057712169576649e-06,3.319203307111111371e+03,2.649348405875685941e+01,-1.347325488433570584e+01
1.496000000000000000e+03,7.291654371165910561e+03,0.000000000000000000e+00,7.291654371165910561e+03,2.386835687389066084e-06,3.319203307111111371e+03,2.649348405879831247e+01,-1.347325489100087026e+01
1.497000000000000000e+03,7.291654371165910561e+03,0.000000000000000000e+00,7.291654371165910561e+03,2.359920534584287354e-06,3.319203307111111371e+03,2.649348405883930013e+01,-1.347325489759087525e+01
1.498000000000000000e+03,7.291654371165910561e+03,0.000000000000000000e+00,7.291654371165910561e+03,2.333308806833479716e-06,3.319203307111111371e+03,2.649348405887982594e+01,-1.347325490410656812e+01
1.499000000000000000e+03,7.291654371165910561e+03,0.000000000000000000e+00,7.291654371165910561e+03,2.306997118795253426e-06,3.319203307111111371e+03,2.649348405891989344e+01,-1.347325491054878732e+01
1.500000000000000000e+03,7.291654371165908742e+03,0.000000000000000000e+00,7.291654371165908742e+03,2.280982259826992541e-06,3.319203307111111371e+03,2.649348405895950975e+01,-1.347325491691836064e+01
1.501000000000000000e+03,7.291654371165910561e+03,0.000000000000000000e+00,7.291654371165910561e+03,2.255260770754021980e-06,3.319203307111111371e+03,2.649348405899867842e+01,-1.347325492321610696e+01
1.502000000000000000e+03,7.291654371165909652e+03,0.000000000000000000e+00,7.291654371165909652e+03,2.229829128042284748e-06,3.319203307111111371e+03,2.649348405903740655e+01,-1.347325492944283631e+01
1.503000000000000000e+03,7.291654371165910561e+03,0.000000000000000000e+00,7.291654371165910561e+03,2.204684470194075188e-06,3.319203307111111371e+03,2.649348405907569770e+01,-1.347325493559934984e+01
1.504000000000000000e+03,7.291654371165910561e+03,0.000000000000000000e+00,7.291654371165910561e+03,2.179823405552067657e-06,3.319203307111111371e+03,2.649348405911355542e+01,-1.347325494168643978e+01
1.505000000000000000e+03,7.291654371165911471e+03,0.000000000000000000e+00,7.291654371165911471e+03,2.155242787517232218e-06,3.319203307111111371e+03,2.649348405915098681e+01,-1.347325494770488774e+01
1.506000000000000000e+03,7.291654371165910561e+03,0.000000000000000000e+00,7.291654371165910561e+03,2.130938828044135107e-06,3.319203307111111371e+03,2.649348405918799543e+01,-1.347325495365546999e+01
1.507000000000000000e+03,7.291654371165910561e+03,0.000000000000000000e+00,7.291654371165910561e+03,2.106909383188495691e-06,3.319203307111111371e+03,2.649348405922458838e+01,-1.347325495953894858e+01
1.508000000000000000e+03,7.291654371165909652e+03,0.000000000000000000e+00,7.291654371165909652e+03,2.083150763370314365e-06,3.319203307111111371e+03,2.649348405926076921e+01,-1.347325496535608202e+01
1.509000000000000000e+03,7.291654371165910561e+03,0.000000000000000000e+00,7.291654371165910561e+03,2.059660063322452339e-06,3.319203307111111371e+03,2.649348405929654149e+01,-1.347325497110761994e+01
1.510000000000000000e+03,7.291654371165910561e+03,0.000000000000000000e+00,7.291654371165910561e+03,2.036434477948508466e-06,3.319203307111111371e+03,2.649348405933190875e+01,-1.347325497679429951e+01
1.511000000000000000e+03,7.291654371165910561e+03,0.000000000000000000e+00,7.291654371165910561e+03,2.013470495904180657e-06,3.319203307111111371e+03,2.649348405936687811e+01,-1.347325498241685438e+01
1.512000000000000000e+03,7.291654371165910561e+03,0.000000000000000000e+00,7.291654371165910561e+03,1.990765567193698850e-06,3.319203307111111371e+03,2.649348405940145312e+01,-1.347325498797600574e+01
1.513000000000000000e+03,7.291654371165911471e+03,0.000000000000000000e+00,7.291654371165911471e+03,1.968316386309096515e-06,3.319203307111111371e+03,2.649348405943563733e+01,-1.347325499347246947e+01
1.514000000000000000e+03,7.291654371165910561e+03,0.000000000000000000e+00,7.291654371165910561e+03,1.946120804190185542e-06,3.319203307111111371e+03,2.649348405946943785e+01,-1.347325499890695077e+01
1.515000000000000000e+03,7.291654371165910561e+03,0.000000000000000000e+00,7.291654371165910561e+03,1.924175503644518283e-06,3.319203307111111371e+03,2.649348405950285468e+01,-1.347325500428015133e+01
1.516000000000000000e+03,7.291654371165910561e+03,0.000000000000000000e+00,7.291654371165910561e+03,1.902477393969093193e-06,3.319203307111111371e+03,2.649348405953589847e+01,-1.347325500959276035e+01
1.517000000000000000e+03,7.291654371165910561e+03,0.000000000000000000e+00,7.291654371165910561e+03,1.881024111361916190e-06,3.319203307111111371e+03,2.649348405956856567e+01,-1.347325501484546173e+01
1.518000000000000000e+03,7.291654371165910561e+03,0.000000000000000000e+00,7.291654371165910561e+03,1.859812765082501221e-06,3.319203307111111371e+03,2.649348405960086694e+01,-1.347325502003893050e+01
1.519000000000000000e+03,7.291654371165908742e+03,0.000000000000000000e+00,7.291654371165908742e+03,1.838840439316098003e-06,3.319203307111111371e+03,2.649348405963280229e+01,-1.347325502517383633e+01
1.520000000000000000e+03,7.291654371165910561e+03,0.000000000000000000e+00,7.291654371165910561e+03,1.818104943064705951e-06,3.319203307111111371e+03,2.649348405966437880e+01,-1.347325503025083826e+01
1.521000000000000000e+03,7.291654371165908742e+03,0.000000000000000000e+00,7.291654371165908742e+03,1.797603144950699112e-06,3.319203307111111371e+03,2.649348405969560005e+01,-1.347325503527058999e+01
1.522000000000000000e+03,7.291654371165910561e+03,0.000000000000000000e+00,7.291654371165910561e+03,1.777332254783282724e-06,3.319203307111111371e+03,2.649348405972646958e+01,-1.347325504023373632e+01
1.523000000000000000e+03,7.291654371165909652e+03,0.000000000000000000e+00,7.291654371165909652e+03,1.757290168534887550e-06,3.319203307111111371e+03,2.649348405975699094e+01,-1.347325504514091499e+01
1.524000000000000000e+03,7.291654371165912380e+03,0.000000000000000000e+00,7.291654371165912380e+03,1.737474008917969456e-06,3.319203307111111371e+03,2.649348405978716769e+01,-1.347325504999275836e+01
1.525000000000000000e+03,7.291654371165909652e+03,0.000000000000000000e+00,7.291654371165909652e+03,1.717881373034894348e-06,3.319203307111111371e+03,2.649348405981700338e+01,-1.347325505478988816e+01
1.526000000000000000e+03,7.291654371165910561e+03,0.000000000000000000e+00,7.291654371165910561e+03,1.698509470189593254e-06,3.319203307111111371e+03,2.649348405984650157e+01,-1.347325505953292435e+01
1.527000000000000000e+03,7.291654371165910561e+03,0.000000000000000000e+00,7.291654371165910561e+03,1.679356357979284163e-06,3.319203307111111371e+03,2.649348405987566935e+01,-1.347325506422247443e+01
1.528000000000000000e+03,7.291654371165908742e+03,0.000000000000000000e+00,7.291654371165908742e+03,1.660419351752453688e-06,3.319203307111111371e+03,2.649348405990450672e+01,-1.347325506885914415e+01
1.529000000000000000e+03,7.291654371165909652e+03,0.000000000000000000e+00,7.291654371165909652e+03,1.641695247119261928e-06,3.319203307111111371e+03,2.649348405993301725e+01,-1.347325507344352857e+01
1.530000000000000000e+03,7.291654371165909652e+03,0.000000000000000000e+00,7.291654371165909652e+03,1.623182703017139094e-06,3.319203307111111371e+03,2.649348405996120803e+01,-1.347325507797621569e+01
1.531000000000000000e+03,7.291654371165908742e+03,0.000000000000000000e+00,7.291654371165908742e+03,1.604878853906181182e-06,3.319203307111111371e+03,2.649348405998908262e+01,-1.347325508245778991e+01
1.532000000000000000e+03,7.291654371165910561e+03,0.000000000000000000e+00,7.291654371165910561e+03,1.586781438049911205e-06,3.319203307111111371e+03,2.649348406001664102e+01,-1.347325508688882856e+01
1.533000000000000000e+03,7.291654371165910561e+03,0.000000000000000000e+00,7.291654371165910561e+03,1.568888330325535241e-06,3.319203307111111371e+03,2.649348406004389034e+01,-1.347325509126990006e+01
1.534000000000000000e+03,7.291654371165910561e+03,0.000000000000000000e+00,7.291654371165910561e+03,1.551196543169276490e-06,3.319203307111111371e+03,2.649348406007083057e+01,-1.347325509560156931e+01
1.535000000000000000e+03,7.291654371165910561e+03,0.000000000000000000e+00,7.291654371165910561e+03,1.533704486418072377e-06,3.319203307111111371e+03,2.649348406009746526e+01,-1.347325509988439229e+01
1.536000000000000000e+03,7.291654371165910561e+03,0.000000000000000000e+00,7.291654371165910561e+03,1.516409533716493270e-06,3.319203307111111371e+03,2.649348406012380153e+01,-1.347325510411891969e+01
1.537000000000000000e+03,7.291654371165910561e+03,0.000000000000000000e+00,7.291654371165910561e+03,1.499309769251845506e-06,3.319203307111111371e+03,2.649348406014984292e+01,-1.347325510830569506e+01
1.538000000000000000e+03,7.291654371165908742e+03,0.000000000000000000e+00,7.291654371165908742e+03,1.482402810211169776e-06,3.319203307111111371e+03,2.649348406017558943e+01,-1.347325511244525842e+01
1.539000000000000000e+03,7.291654371165908742e+03,0.000000000000000000e+00,7.291654371165908742e+03,1.465686503239440820e-06,3.319203307111111371e+03,2.649348406020104463e+01,-1.347325511653814267e+01
1.540000000000000000e+03,7.291654371165908742e+03,0.000000000000000000e+00,7.291654371165908742e+03,1.449158672244266132e-06,3.319203307111111371e+03,2.649348406022621205e+01,-1.347325512058487362e+01
1.541000000000000000e+03,7.291654371165909652e+03,0.000000000000000000e+00,7.291654371165909652e+03,1.432817222356182724e-06,3.319203307111111371e+03,2.649348406025109526e+01,-1.347325512458597174e+01
1.542000000000000000e+03,7.291654371165910561e+03,0.000000000000000000e+00,7.291654371165910561e+03,1.416659981019721380e-06,3.319203307111111371e+03,2.649348406027570135e+01,-1.347325512854195040e+01
1.543000000000000000e+03,7.291654371165908742e+03,0.000000000000000000e+00,7.291654371165908742e+03,1.400685030401089266e-06,3.319203307111111371e+03,2.649348406030002678e+01,-1.347325513245331940e+01
1.544000000000000000e+03,7.291654371165908742e+03,0.000000000000000000e+00,7.291654371165908742e+03,1.384890155880687725e-06,3.319203307111111371e+03,2.649348406032407865e+01,-1.347325513632058325e+01
1.545000000000000000e+03,7.291654371165908742e+03,0.000000000000000000e+00,7.291654371165908742e+03,1.369273467541158082e-06,3.319203307111111371e+03,2.649348406034786052e+01,-1.347325514014423753e+01
1.546000000000000000e+03,7.291654371165910561e+03,0.000000000000000000e+00,7.291654371165910561e+03,1.353832777100352502e-06,3.319203307111111371e+03,2.649348406037137238e+01,-1.347325514392477430e+01
1.547000000000000000e+03,7.291654371165910561e+03,0.000000000000000000e+00,7.291654371165910561e+03,1.338566455236408119e-06,3.319203307111111371e+03,2.649348406039462134e+01,-1.347325514766267851e+01
1.548000000000000000e+03,7.291654371165909652e+03,0.000000000000000000e+00,7.291654371165909652e+03,1.323471853677599653e-06,3.319203307111111371e+03,2.649348406041760740e+01,-1.347325515135843332e+01
1.549000000000000000e+03,7.291654371165909652e+03,0.000000000000000000e+00,7.291654371165909652e+03,1.308547744353442520e-06,3.319203307111111371e+03,2.649348406044033410e+01,-1.347325515501251303e+01
1.550000000000000000e+03,7.291654371165909652e+03,0.000000000000000000e+00,7.291654371165909652e+03,1.293791827126571819e-06,3.319203307111111371e+03,2.649348406046280502e+01,-1.347325515862538658e+01
1.551000000000000000e+03,7.291654371165908742e+03,0.000000000000000000e+00,7.291654371165908742e+03,1.279202522065740354e-06,3.319203307111111371e+03,2.649348406048502014e+01,-1.347325516219751940e+01
1.552000000000000000e+03,7.291654371165910561e+03,0.000000000000000000e+00,7.291654371165910561e+03,1.264777496695993893e-06,3.319203307111111371e+03,2.649348406050698657e+01,-1.347325516572937154e+01
1.553000000000000000e+03,7.291654371165909652e+03,0.000000000000000000e+00,7.291654371165909652e+03,1.250515299994327157e-06,3.319203307111111371e+03,2.649348406052870430e+01,-1.347325516922139599e+01
1.554000000000000000e+03,7.291654371165908742e+03,0.000000000000000000e+00,7.291654371165908742e+03,1.236413767300190381e-06,3.319203307111111371e+03,2.649348406055017691e+01,-1.347325517267404393e+01
1.555000000000000000e+03,7.291654371165910561e+03,0.000000000000000000e+00,7.291654371165910561e+03,1.222471290450105031e-06,3.319203307111111371e+03,2.649348406057140792e+01,-1.347325517608775769e+01
1.556000000000000000e+03,7.291654371165910561e+03,0.000000000000000000e+00,7.291654371165910561e+03,1.208686139193559922e-06,3.319203307111111371e+03,2.649348406059240091e+01,-1.347325517946297602e+01
1.557000000000000000e+03,7.291654371165910561e+03,0.000000000000000000e+00,7.291654371165910561e+03,1.195056357106396843e-06,3.319203307111111371e+03,2.649348406061315586e+01,-1.347325518280013412e+01
1.558000000000000000e+03,7.291654371165909652e+03,0.000000000000000000e+00,7.291654371165909652e+03,1.181580339941016741e-06,3.319203307111111371e+03,2.649348406063367634e+01,-1.347325518609966011e+01
1.559000000000000000e+03,7.291654371165910561e+03,0.000000000000000000e+00,7.291654371165910561e+03,1.168256114157076059e-06,3.319203307111111371e+03,2.649348406065396588e+01,-1.347325518936198030e+01
1.560000000000000000e+03,7.291654371165909652e+03,0.000000000000000000e+00,7.291654371165909652e+03,1.155082342544725687e-06,3.319203307111111371e+03,2.649348406067402806e+01,-1.347325519258751214e+01
1.561000000000000000e+03,7.291654371165908742e+03,0.000000000000000000e+00,7.291654371165908742e+03,1.142056850590557094e-06,3.319203307111111371e+03,2.649348406069386286e+01,-1.347325519577667130e+01
1.562000000000000000e+03,7.291654371165908742e+03,0.000000000000000000e+00,7.291654371165908742e+03,1.129178589154536152e-06,3.319203307111111371e+03,2.649348406071347384e+01,-1.347325519892986811e+01
1.563000000000000000e+03,7.291654371165909652e+03,0.000000000000000000e+00,7.291654371165909652e+03,1.116445482883439949e-06,3.319203307111111371e+03,2.649348406073286455e+01,-1.347325520204750759e+01
1.564000000000000000e+03,7.291654371165909652e+03,0.000000000000000000e+00,7.291654371165909652e+03,1.103855884139193120e-06,3.319203307111111371e+03,2.649348406075203499e+01,-1.347325520512999120e+01
1.565000000000000000e+03,7.291654371165910561e+03,0.000000000000000000e+00,7.291654371165910561e+03,1.091407914688918320e-06,3.319203307111111371e+03,2.649348406077099227e+01,-1.347325520817771505e+01
1.566000000000000000e+03,7.291654371165910561e+03,0.000000000000000000e+00,7.291654371165910561e+03,1.079100856537075325e-06,3.319203307111111371e+03,2.649348406078973284e+01,-1.347325521119106995e+01
1.567000000000000000e+03,7.291654371165909652e+03,0.000000000000000000e+00,7.291654371165909652e+03,1.066932439925949464e-06,3.319203307111111371e+03,2.649348406080826379e+01,-1.347325521417044492e+01
1.568000000000000000e+03,7.291654371165910561e+03,0.000000000000000000e+00,7.291654371165910561e+03,1.054900824518275189e-06,3.319203307111111371e+03,2.649348406082658514e+01,-1.347325521711622365e+01
1.569000000000000000e+03,7.291654371165909652e+03,0.000000000000000000e+00,7.291654371165909652e+03,1.043005448069480920e-06,3.319203307111111371e+03,2.649348406084470042e+01,-1.347325522002878273e+01
1.570000000000000000e+03,7.291654371165910561e+03,0.000000000000000000e+00,7.291654371165910561e+03,1.031244037600723967e-06,3.319203307111111371e+03,2.649348406086260965e+01,-1.347325522290850053e+01
1.571000000000000000e+03,7.291654371165910561e+03,0.000000000000000000e+00,7.291654371165910561e+03,1.019615074319012294e-06,3.319203307111111371e+03,2.649348406088031993e+01,-1.347325522575574475e+01
1.572000000000000000e+03,7.291654371165910561e+03,0.000000000000000000e+00,7.291654371165910561e+03,1.008117337164549099e-06,3.319203307111111371e+03,2.649348406089782770e+01,-1.347325522857088131e+01
1.573000000000000000e+03,7.291654371165910561e+03,0.000000000000000000e+00,7.291654371165910561e+03,9.967494689059701392e-07,3.319203307111111371e+03,2.649348406091514008e+01,-1.347325523135427261e+01
1.574000000000000000e+03,7.291654371165910561e+03,0.000000000000000000e+00,7.291654371165910561e+03,9.855094881711718431e-07,3.319203307111111371e+03,2.649348406093225705e+01,-1.347325523410627746e+01
1.575000000000000000e+03,7.291654371165909652e+03,0.000000000000000000e+00,7.291654371165909652e+03,9.743964277378027541e-07,3.319203307111111371e+03,2.649348406094917863e+01,-1.347325523682724935e+01
1.576000000000000000e+03,7.291654371165910561e+03,0.000000000000000000e+00,7.291654371165910561e+03,9.634086419257274590e-07,3.319203307111111371e+03,2.649348406096591191e+01,-1.347325523951753823e+01
1.577000000000000000e+03,7.291654371165910561e+03,0.000000000000000000e+00,7.291654371165910561e+03,9.525447083231282035e-07,3.319203307111111371e+03,2.649348406098245690e+01,-1.347325524217749049e+01
1.578000000000000000e+03,7.291654371165908742e+03,0.000000000000000000e+00,7.291654371165908742e+03,9.418034174283700089e-07,3.319203307111111371e+03,2.649348406099881359e+01,-1.347325524480744718e+01
1.579000000000000000e+03,7.291654371165910561e+03,0.000000000000000000e+00,7.291654371165910561e+03,9.311831137716177069e-07,3.319203307111111371e+03,2.649348406101498554e+01,-1.347325524740774760e+01
1.580000000000000000e+03,7.291654371165908742e+03,0.000000000000000000e+00,7.291654371165908742e+03,9.206826194309138049e-07,3.319203307111111371e+03,2.649348406103097631e+01,-1.347325524997872570e+01
1.581000000000000000e+03,7.291654371165909652e+03,0.000000000000000000e+00,7.291654371165909652e+03,9.103006195548206763e-07,3.319203307111111371e+03,2.649348406104678588e+01,-1.347325525252071188e+01
1.582000000000000000e+03,7.291654371165909652e+03,0.000000000000000000e+00,7.291654371165909652e+03,9.000352362262573048e-07,3.319203307111111371e+03,2.649348406106241782e+01,-1.347325525503403298e+01
1.583000000000000000e+03,7.291654371165910561e+03,0.000000000000000000e+00,7.291654371165910561e+03,8.898861446798238506e-07,3.319203307111111371e+03,2.649348406107787213e+01,-1.347325525751901232e+01
1.584000000000000000e+03,7.291654371165910561e+03,0.000000000000000000e+00,7.291654371165910561e+03,8.798513428903081036e-07,3.319203307111111371e+03,2.649348406109315235e+01,-1.347325525997596962e+01
1.585000000000000000e+03,7.291654371165909652e+03,0.000000000000000000e+00,7.291654371165909652e+03,8.699296519252028780e-07,3.319203307111111371e+03,2.649348406110826204e+01,-1.347325526240522109e+01
1.586000000000000000e+03,7.291654371165909652e+03,0.000000000000000000e+00,7.291654371165909652e+03,8.601199431268469494e-07,3.319203307111111371e+03,2.649348406112320120e+01,-1.347325526480707936e+01
1.587000000000000000e+03,7.291654371165910561e+03,0.000000000000000000e+00,7.291654371165910561e+03,8.504208659587675272e-07,3.319203307111111371e+03,2.649348406113796983e+01,-1.347325526718185351e+01
1.588000000000000000e+03,7.291654371165910561e+03,0.000000000000000000e+00,7.291654371165910561e+03,8.408310377995399114e-07,3.319203307111111371e+03,2.649348406115257148e+01,-1.347325526952984909e+01
1.589000000000000000e+03,7.291654371165909652e+03,0.000000000000000000e+00,7.291654371165909652e+03,8.313492929801213735e-07,3.319203307111111371e+03,2.649348406116700971e+01,-1.347325527185136629e+01
1.590000000000000000e+03,7.291654371165909652e+03,0.000000000000000000e+00,7.291654371165909652e+03,8.219747288901796867e-07,3.319203307111111371e+03,2.649348406118128452e+01,-1.347325527414670532e+01
1.591000000000000000e+03,7.291654371165910561e+03,0.000000000000000000e+00,7.291654371165910561e+03,8.127056826702351842e-07,3.319203307111111371e+03,2.649348406119539945e+01,-1.347325527641616105e+01
1.592000000000000000e+03,7.291654371165910561e+03,0.000000000000000000e+00,7.291654371165910561e+03,8.035412212671468226e-07,3.319203307111111371e+03,2.649348406120935451e+01,-1.347325527866002481e+01
1.593000000000000000e+03,7.291654371165910561e+03,0.000000000000000000e+00,7.291654371165910561e+03,7.944800438508537027e-07,3.319203307111111371e+03,2.649348406122315325e+01,-1.347325528087858615e+01
1.594000000000000000e+03,7.291654371165909652e+03,0.000000000000000000e+00,7.291654371165909652e+03,7.855211190922596673e-07,3.319203307111111371e+03,2.649348406123679567e+01,-1.347325528307212927e+01
1.595000000000000000e+03,7.291654371165908742e+03,0.000000000000000000e+00,7.291654371165908742e+03,7.766631412980334457e-07,3.319203307111111371e+03,2.649348406125028532e+01,-1.347325528524093663e+01
1.596000000000000000e+03,7.291654371165910561e+03,0.000000000000000000e+00,7.291654371165910561e+03,7.679050392855262854e-07,3.319203307111111371e+03,2.649348406126362221e+01,-1.347325528738528710e+01
1.597000000000000000e+03,7.291654371165909652e+03,0.000000000000000000e+00,7.291654371165909652e+03,7.592457754728658828e-07,3.319203307111111371e+03,2.649348406127680988e+01,-1.347325528950545781e+01
1.598000000000000000e+03,7.291654371165908742e+03,0.000000000000000000e+00,7.291654371165908742e+03,7.506841725065290268e-07,3.319203307111111371e+03,2.649348406128984834e+01,-1.347325529160172053e+01
1.599000000000000000e+03,7.291654371165908742e+03,0.000000000000000000e+00,7.291654371165908742e+03,7.422189895578413112e-07,3.319203307111111371e+03,2.649348406130273759e+01,-1.347325529367434527e+01
1.600000000000000000e+03,7.291654371165909652e+03,0.000000000000000000e+00,7.291654371165909652e+03,7.338494080184116839e-07,3.319203307111111371e+03,2.649348406131548472e+01,-1.347325529572359670e+01
1.601000000000000000e+03,7.291654371165909652e+03,0.000000000000000000e+00,7.291654371165909652e+03,7.255742250183377123e-07,3.319203307111111371e+03,2.649348406132808620e+01,-1.347325529774973951e+01
1.602000000000000000e+03,7.291654371165909652e+03,0.000000000000000000e+00,7.291654371165909652e+03,7.173924745352956213e-07,3.319203307111111371e+03,2.649348406134054557e+01,-1.347325529975303482e+01
1.603000000000000000e+03,7.291654371165910561e+03,0.000000000000000000e+00,7.291654371165910561e+03,7.093024735619716350e-07,3.319203307111111371e+03,2.649348406135286282e+01,-1.347325530173374020e+01
1.604000000000000000e+03,7.291654371165908742e+03,0.000000000000000000e+00,7.291654371165908742e+03,7.013041540125818213e-07,3.319203307111111371e+03,2.649348406136504153e+01,-1.347325530369210966e+01
1.605000000000000000e+03,7.291654371165910561e+03,0.000000000000000000e+00,7.291654371165910561e+03,6.933957896156546476e-07,3.319203307111111371e+03,2.649348406137708523e+01,-1.347325530562839546e+01
1.606000000000000000e+03,7.291654371165909652e+03,0.000000000000000000e+00,7.291654371165909652e+03,6.855769499401907679e-07,3.319203307111111371e+03,2.649348406138899392e+01,-1.347325530754284806e+01
1.607000000000000000e+03,7.291654371165910561e+03,0.000000000000000000e+00,7.291654371165910561e+03,6.778458267970361901e-07,3.319203307111111371e+03,2.649348406140076762e+01,-1.347325530943571259e+01
1.608000000000000000e+03,7.291654371165910561e+03,0.000000000000000000e+00,7.291654371165910561e+03,6.702018138563895559e-07,3.319203307111111371e+03,2.649348406141240631e+01,-1.347325531130723064e+01
1.609000000000000000e+03,7.291654371165910561e+03,0.000000000000000000e+00,7.291654371165910561e+03,6.626444420337268167e-07,3.319203307111111371e+03,2.649348406142391354e+01,-1.347325531315764380e+01
1.610000000000000000e+03,7.291654371165909652e+03,0.000000000000000000e+00,7.291654371165909652e+03,6.551722698431048138e-07,3.319203307111111371e+03,2.649348406143529289e+01,-1.347325531498719187e+01
1.611000000000000000e+03,7.291654371165908742e+03,0.000000000000000000e+00,7.291654371165908742e+03,6.477840861407457936e-07,3.319203307111111371e+03,2.649348406144654433e+01,-1.347325531679610933e+01
1.612000000000000000e+03,7.291654371165908742e+03,0.000000000000000000e+00,7.291654371165908742e+03,6.404793514826047542e-07,3.319203307111111371e+03,2.649348406145766788e+01,-1.347325531858462888e+01
1.613000000000000000e+03,7.291654371165909652e+03,0.000000000000000000e+00,7.291654371165909652e+03,6.332571559950237351e-07,3.319203307111111371e+03,2.649348406146866708e+01,-1.347325532035297968e+01
1.614000000000000000e+03,7.291654371165910561e+03,0.000000000000000000e+00,7.291654371165910561e+03,6.261160595184062349e-07,3.319203307111111371e+03,2.649348406147954194e+01,-1.347325532210138910e+01
1.615000000000000000e+03,7.291654371165910561e+03,0.000000000000000000e+00,7.291654371165910561e+03,6.190555857049023653e-07,3.319203307111111371e+03,2.649348406149029245e+01,-1.347325532383008273e+01
1.616000000000000000e+03,7.291654371165909652e+03,0.000000000000000000e+00,7.291654371165909652e+03,6.120747193310509885e-07,3.319203307111111371e+03,2.649348406150092217e+01,-1.347325532553928262e+01
1.617000000000000000e+03,7.291654371165910561e+03,0.000000000000000000e+00,7.291654371165910561e+03,6.051726121035648233e-07,3.319203307111111371e+03,2.649348406151143109e+01,-1.347325532722920904e+01
1.618000000000000000e+03,7.291654371165910561e+03,0.000000000000000000e+00,7.291654371165910561e+03,5.983485860699349712e-07,3.319203307111111371e+03,2.649348406152182278e+01,-1.347325532890007871e+01
1.619000000000000000e+03,7.291654371165910561e+03,0.000000000000000000e+00,7.291654371165910561e+03,5.916009241167961491e-07,3.319203307111111371e+03,2.649348406153209723e+01,-1.347325533055210656e+01
1.620000000000000000e+03,7.291654371165910561e+03,0.000000000000000000e+00,7.291654371165910561e+03,5.849301113079895074e-07,3.319203307111111371e+03,2.649348406154225799e+01,-1.347325533218550397e+01
1.621000000000000000e+03,7.291654371165908742e+03,0.000000000000000000e+00,7.291654371165908742e+03,5.783340997014520819e-07,3.319203307111111371e+03,2.649348406155230151e+01,-1.347325533380048412e+01
1.622000000000000000e+03,7.291654371165909652e+03,0.000000000000000000e+00,7.291654371165909652e+03,5.718125167833124099e-07,3.319203307111111371e+03,2.649348406156223135e+01,-1.347325533539725306e+01
1.623000000000000000e+03,7.291654371165909652e+03,0.000000000000000000e+00,7.291654371165909652e+03,5.653643205505432275e-07,3.319203307111111371e+03,2.649348406157205105e+01,-1.347325533697601507e+01
1.624000000000000000e+03,7.291654371165910561e+03,0.000000000000000000e+00,7.291654371165910561e+03,5.589890118547676456e-07,3.319203307111111371e+03,2.649348406158176061e+01,-1.347325533853697443e+01
1.625000000000000000e+03,7.291654371165909652e+03,0.000000000000000000e+00,7.291654371165909652e+03,5.526857516239639619e-07,3.319203307111111371e+03,2.649348406159136005e+01,-1.347325534008033188e+01
1.626000000000000000e+03,7.291654371165910561e+03,0.000000000000000000e+00,7.291654371165910561e+03,5.464531623526151656e-07,3.319203307111111371e+03,2.649348406160084934e+01,-1.347325534160628635e+01
1.627000000000000000e+03,7.291654371165908742e+03,0.000000000000000000e+00,7.291654371165908742e+03,5.402911996396950423e-07,3.319203307111111371e+03,2.649348406161023206e+01,-1.347325534311503326e+01
1.628000000000000000e+03,7.291654371165909652e+03,0.000000000000000000e+00,7.291654371165909652e+03,5.341984994326291324e-07,3.319203307111111371e+03,2.649348406161951175e+01,-1.347325534460676622e+01
1.629000000000000000e+03,7.291654371165910561e+03,0.000000000000000000e+00,7.291654371165910561e+03,5.281749669292266013e-07,3.319203307111111371e+03,2.649348406162868486e+01,-1.347325534608167708e+01
1.630000000000000000e+03,7.291654371165910561e+03,0.000000000000000000e+00,7.291654371165910561e+03,5.222188094143752886e-07,3.319203307111111371e+03,2.649348406163775493e+01,-1.347325534753995768e+01
1.631000000000000000e+03,7.291654371165908742e+03,0.000000000000000000e+00,7.291654371165908742e+03,5.163299743394923175e-07,3.319203307111111371e+03,2.649348406164672198e+01,-1.347325534898179278e+01
1.632000000000000000e+03,7.291654371165909652e+03,0.000000000000000000e+00,7.291654371165909652e+03,5.105076274958264633e-07,3.319203307111111371e+03,2.649348406165558956e+01,-1.347325535040736888e+01
1.633000000000000000e+03,7.291654371165910561e+03,0.000000000000000000e+00,7.291654371165910561e+03,5.047509134530830519e-07,3.319203307111111371e+03,2.649348406166435765e+01,-1.347325535181687073e+01
1.634000000000000000e+03,7.291654371165909652e+03,0.000000000000000000e+00,7.291654371165909652e+03,4.990589525277755160e-07,3.319203307111111371e+03,2.649348406167302628e+01,-1.347325535321047774e+01
1.635000000000000000e+03,7.291654371165909652e+03,0.000000000000000000e+00,7.291654371165909652e+03,4.934313388578933671e-07,3.319203307111111371e+03,2.649348406168159542e+01,-1.347325535458836931e+01
1.636000000000000000e+03,7.291654371165910561e+03,0.000000000000000000e+00,7.291654371165910561e+03,4.878671382534271042e-07,3.319203307111111371e+03,2.649348406169006864e+01,-1.347325535595072310e+01
1.637000000000000000e+03,7.291654371165909652e+03,0.000000000000000000e+00,7.291654371165909652e+03,4.823657434371853226e-07,3.319203307111111371e+03,2.649348406169844594e+01,-1.347325535729771495e+01
1.638000000000000000e+03,7.291654371165909652e+03,0.000000000000000000e+00,7.291654371165909652e+03,4.769261213747692319e-07,3.319203307111111371e+03,2.649348406170672732e+01,-1.347325535862951718e+01
1.639000000000000000e+03,7.291654371165908742e+03,0.000000000000000000e+00,7.291654371165908742e+03,4.715481685479972120e-07,3.319203307111111371e+03,2.649348406171491632e+01,-1.347325535994630030e+01
1.640000000000000000e+03,7.291654371165909652e+03,0.000000000000000000e+00,7.291654371165909652e+03,4.662308595647522882e-07,3.319203307111111371e+03,2.649348406172301296e+01,-1.347325536124823486e+01
1.641000000000000000e+03,7.291654371165908742e+03,0.000000000000000000e+00,7.291654371165908742e+03,4.609733891432673011e-07,3.319203307111111371e+03,2.649348406173102077e+01,-1.347325536253548961e+01
1.642000000000000000e+03,7.291654371165910561e+03,0.000000000000000000e+00,7.291654371165910561e+03,4.557751916915246278e-07,3.319203307111111371e+03,2.649348406173893622e+01,-1.347325536380822797e+01
1.643000000000000000e+03,7.291654371165909652e+03,0.000000000000000000e+00,7.291654371165909652e+03,4.506356313843045632e-07,3.319203307111111371e+03,2.649348406174676285e+01,-1.347325536506661336e+01
1.644000000000000000e+03,7.291654371165908742e+03,0.000000000000000000e+00,7.291654371165908742e+03,4.455540914073531591e-07,3.319203307111111371e+03,2.649348406175450066e+01,-1.347325536631080922e+01
1.645000000000000000e+03,7.291654371165910561e+03,0.000000000000000000e+00,7.291654371165910561e+03,4.405297588366213344e-07,3.319203307111111371e+03,2.649348406176215320e+01,-1.347325536754097541e+01
1.646000000000000000e+03,7.291654371165911471e+03,0.000000000000000000e+00,7.291654371165911471e+03,4.355618762019730406e-07,3.319203307111111371e+03,2.649348406176971693e+01,-1.347325536875727003e+01
1.647000000000000000e+03,7.291654371165908742e+03,0.000000000000000000e+00,7.291654371165908742e+03,4.306503509749543584e-07,3.319203307111111371e+03,2.649348406177719539e+01,-1.347325536995984763e+01
1.648000000000000000e+03,7.291654371165910561e+03,0.000000000000000000e+00,7.291654371165910561e+03,4.257942718924014990e-07,3.319203307111111371e+03,2.649348406178459214e+01,-1.347325537114886451e+01
1.649000000000000000e+03,7.291654371165909652e+03,0.000000000000000000e+00,7.291654371165909652e+03,4.209926138779943992e-07,3.319203307111111371e+03,2.649348406179190363e+01,-1.347325537232447346e+01
1.650000000000000000e+03,7.291654371165910561e+03,0.000000000000000000e+00,7.291654371165910561e+03,4.162455710204287532e-07,3.319203307111111371e+03,2.649348406179913340e+01,-1.347325537348682545e+01
1.651000000000000000e+03,7.291654371165910561e+03,0.000000000000000000e+00,7.291654371165910561e+03,4.115517182551937035e-07,3.319203307111111371e+03,2.649348406180628146e+01,-1.347325537463607148e+01
1.652000000000000000e+03,7.291654371165909652e+03,0.000000000000000000e+00,7.291654371165909652e+03,4.069108680621664024e-07,3.319203307111111371e+03,2.649348406181334781e+01,-1.347325537577235721e+01
1.653000000000000000e+03,7.291654371165910561e+03,0.000000000000000000e+00,7.291654371165910561e+03,4.023223316254289622e-07,3.319203307111111371e+03,2.649348406182033600e+01,-1.347325537689583008e+01
1.654000000000000000e+03,7.291654371165910561e+03,0.000000000000000000e+00,7.291654371165910561e+03,3.977854059813681622e-07,3.319203307111111371e+03,2.649348406182724247e+01,-1.347325537800663398e+01
1.655000000000000000e+03,7.291654371165911471e+03,0.000000000000000000e+00,7.291654371165911471e+03,3.932996824889616993e-07,3.319203307111111371e+03,2.649348406183407434e+01,-1.347325537910491100e+01
1.656000000000000000e+03,7.291654371165909652e+03,0.000000000000000000e+00,7.291654371165909652e+03,3.888648119401396932e-07,3.319203307111111371e+03,2.649348406184082805e+01,-1.347325538019080327e+01
1.657000000000000000e+03,7.291654371165909652e+03,0.000000000000000000e+00,7.291654371165909652e+03,3.844796528558920854e-07,3.319203307111111371e+03,2.649348406184750715e+01,-1.347325538126445110e+01
1.658000000000000000e+03,7.291654371165910561e+03,0.000000000000000000e+00,7.291654371165910561e+03,3.801441210447996600e-07,3.319203307111111371e+03,2.649348406185410809e+01,-1.347325538232599129e+01
1.659000000000000000e+03,7.291654371165909652e+03,0.000000000000000000e+00,7.291654371165909652e+03,3.758570925861527467e-07,3.319203307111111371e+03,2.649348406186063443e+01,-1.347325538337556239e+01
1.660000000000000000e+03,7.291654371165909652e+03,0.000000000000000000e+00,7.291654371165909652e+03,3.716191300403200478e-07,3.319203307111111371e+03,2.649348406186708971e+01,-1.347325538441329584e+01
1.661000000000000000e+03,7.291654371165908742e+03,0.000000000000000000e+00,7.291654371165908742e+03,3.674284591347208785e-07,3.319203307111111371e+03,2.649348406187347038e+01,-1.347325538543932844e+01
1.662000000000000000e+03,7.291654371165909652e+03,0.000000000000000000e+00,7.291654371165909652e+03,3.632852042932831321e-07,3.319203307111111371e+03,2.649348406187978000e+01,-1.347325538645379162e+01
1.663000000000000000e+03,7.291654371165908742e+03,0.000000000000000000e+00,7.291654371165908742e+03,3.591886417098066971e-07,3.319203307111111371e+03,2.649348406188601857e+01,-1.347325538745681506e+01
1.664000000000000000e+03,7.291654371165910561e+03,0.000000000000000000e+00,7.291654371165910561e+03,3.551382744464920055e-07,3.319203307111111371e+03,2.649348406189218608e+01,-1.347325538844852844e+01
1.665000000000000000e+03,7.291654371165910561e+03,0.000000000000000000e+00,7.291654371165910561e+03,3.511334280877539260e-07,3.319203307111111371e+03,2.649348406189828609e+01,-1.347325538942905787e+01
1.666000000000000000e+03,7.291654371165909652e+03,0.000000000000000000e+00,7.291654371165909652e+03,3.471739543354285950e-07,3.319203307111111371e+03,2.649348406190431504e+01,-1.347325539039852949e+01
1.667000000000000000e+03,7.291654371165910561e+03,0.000000000000000000e+00,7.291654371165910561e+03,3.432588741563652033e-07,3.319203307111111371e+03,2.649348406191027649e+01,-1.347325539135706940e+01
1.668000000000000000e+03,7.291654371165909652e+03,0.000000000000000000e+00,7.291654371165909652e+03,3.393882818474796330e-07,3.319203307111111371e+03,2.649348406191617045e+01,-1.347325539230480018e+01
1.669000000000000000e+03,7.291654371165910561e+03,0.000000000000000000e+00,7.291654371165910561e+03,3.355610976996103873e-07,3.319203307111111371e+03,2.649348406192199690e+01,-1.347325539324184440e+01
1.670000000000000000e+03,7.291654371165909652e+03,0.000000000000000000e+00,7.291654371165909652e+03,3.317771498561544380e-07,3.319203307111111371e+03,2.649348406192775940e+01,-1.347325539416832108e+01
1.671000000000000000e+03,7.291654371165910561e+03,0.000000000000000000e+00,7.291654371165910561e+03,3.280359461794230479e-07,3.319203307111111371e+03,2.649348406193345795e+01,-1.347325539508435099e+01
1.672000000000000000e+03,7.291654371165909652e+03,0.000000000000000000e+00,7.291654371165909652e+03,3.243367964639926600e-07,3.319203307111111371e+03,2.649348406193908900e+01,-1.347325539599005140e+01
1.673000000000000000e+03,7.291654371165909652e+03,0.000000000000000000e+00,7.291654371165909652e+03,3.206793836499046854e-07,3.319203307111111371e+03,2.649348406194465966e+01,-1.347325539688553953e+01
1.674000000000000000e+03,7.291654371165910561e+03,0.000000000000000000e+00,7.291654371165910561e+03,3.170633456445810275e-07,3.319203307111111371e+03,2.649348406195016636e+01,-1.347325539777092906e+01
1.675000000000000000e+03,7.291654371165910561e+03,0.000000000000000000e+00,7.291654371165910561e+03,3.134878464708082338e-07,3.319203307111111371e+03,2.649348406195561267e+01,-1.347325539864633370e+01
1.676000000000000000e+03,7.291654371165909652e+03,0.000000000000000000e+00,7.291654371165909652e+03,3.099526821870313142e-07,3.319203307111111371e+03,2.649348406196099504e+01,-1.347325539951186713e+01
1.677000000000000000e+03,7.291654371165910561e+03,0.000000000000000000e+00,7.291654371165910561e+03,3.064576491043327548e-07,3.319203307111111371e+03,2.649348406196631700e+01,-1.347325540036763947e+01
1.678000000000000000e+03,7.291654371165909652e+03,0.000000000000000000e+00,7.291654371165909652e+03,3.030018263593268939e-07,3.319203307111111371e+03,2.649348406197157857e+01,-1.347325540121376264e+01
1.679000000000000000e+03,7.291654371165908742e+03,0.000000000000000000e+00,7.291654371165908742e+03,2.995850208738677835e-07,3.319203307111111371e+03,2.649348406197678329e+01,-1.347325540205034500e+01
1.680000000000000000e+03,7.291654371165908742e+03,0.000000000000000000e+00,7.291654371165908742e+03,2.962068210384434763e-07,3.319203307111111371e+03,2.649348406198192762e+01,-1.347325540287749313e+01
1.681000000000000000e+03,7.291654371165908742e+03,0.000000000000000000e+00,7.291654371165908742e+03,2.928666377025971849e-07,3.319203307111111371e+03,2.649348406198701511e+01,-1.347325540369531360e+01
1.682000000000000000e+03,7.291654371165910561e+03,0.000000000000000000e+00,7.291654371165910561e+03,2.895640613410756247e-07,3.319203307111111371e+03,2.649348406199204220e+01,-1.347325540450391301e+01
1.683000000000000000e+03,7.291654371165910561e+03,0.000000000000000000e+00,7.291654371165910561e+03,2.862987445774302078e-07,3.319203307111111371e+03,2.649348406199701600e+01,-1.347325540530339438e+01
1.684000000000000000e+03,7.291654371165909652e+03,0.000000000000000000e+00,7.291654371165909652e+03,2.830703301191937738e-07,3.319203307111111371e+03,2.649348406200193295e+01,-1.347325540609385897e+01
1.685000000000000000e+03,7.291654371165910561e+03,0.000000000000000000e+00,7.291654371165910561e+03,2.798782363318726396e-07,3.319203307111111371e+03,2.649348406200679307e+01,-1.347325540687540979e+01
1.686000000000000000e+03,7.291654371165908742e+03,0.000000000000000000e+00,7.291654371165908742e+03,2.767222809375703579e-07,3.319203307111111371e+03,2.649348406201159989e+01,-1.347325540764814811e+01
1.687000000000000000e+03,7.291654371165910561e+03,0.000000000000000000e+00,7.291654371165910561e+03,2.736020097573701654e-07,3.319203307111111371e+03,2.649348406201634987e+01,-1.347325540841217340e+01
1.688000000000000000e+03,7.291654371165908742e+03,0.000000000000000000e+00,7.291654371165908742e+03,2.705165316759424355e-07,3.319203307111111371e+03,2.649348406202104655e+01,-1.347325540916758335e+01
1.689000000000000000e+03,7.291654371165909652e+03,0.000000000000000000e+00,7.291654371165909652e+03,2.674658994945073623e-07,3.319203307111111371e+03,2.649348406202569350e+01,-1.347325540991447390e+01
1.690000000000000000e+03,7.291654371165909652e+03,0.000000000000000000e+00,7.291654371165909652e+03,2.644499578410533365e-07,3.319203307111111371e+03,2.649348406203028716e+01,-1.347325541065294097e+01
1.691000000000000000e+03,7.291654371165910561e+03,0.000000000000000000e+00,7.291654371165910561e+03,2.614677570515292901e-07,3.319203307111111371e+03,2.649348406203482753e+01,-1.347325541138308225e+01
1.692000000000000000e+03,7.291654371165910561e+03,0.000000000000000000e+00,7.291654371165910561e+03,2.585194092337890757e-07,3.319203307111111371e+03,2.649348406203931816e+01,-1.347325541210499011e+01
1.693000000000000000e+03,7.291654371165909652e+03,0.000000000000000000e+00,7.291654371165909652e+03,2.556042594884881129e-07,3.319203307111111371e+03,2.649348406204375550e+01,-1.347325541281875694e+01
1.694000000000000000e+03,7.291654371165910561e+03,0.000000000000000000e+00,7.291654371165910561e+03,2.527218549630560838e-07,3.319203307111111371e+03,2.649348406204814665e+01,-1.347325541352447509e+01
1.695000000000000000e+03,7.291654371165909652e+03,0.000000000000000000e+00,7.291654371165909652e+03,2.498721298454458661e-07,3.319203307111111371e+03,2.649348406205248452e+01,-1.347325541422223516e+01
1.696000000000000000e+03,7.291654371165908742e+03,0.000000000000000000e+00,7.291654371165908742e+03,2.470543867300673394e-07,3.319203307111111371e+03,2.649348406205677620e+01,-1.347325541491212775e+01
1.697000000000000000e+03,7.291654371165910561e+03,0.000000000000000000e+00,7.291654371165910561e+03,2.442684582446317123e-07,3.319203307111111371e+03,2.649348406206101814e+01,-1.347325541559423989e+01
1.698000000000000000e+03,7.291654371165909652e+03,0.000000000000000000e+00,7.291654371165909652e+03,2.415138537041154048e-07,3.319203307111111371e+03,2.649348406206521389e+01,-1.347325541626866041e+01
1.699000000000000000e+03,7.291654371165910561e+03,0.000000000000000000e+00,7.291654371165910561e+03,2.387904575269001267e-07,3.319203307111111371e+03,2.649348406206935991e+01,-1.347325541693547457e+01
1.700000000000000000e+03,7.291654371165910561e+03,0.000000000000000000e+00,7.291654371165910561e+03,2.360978923358440434e-07,3.319203307111111371e+03,2.649348406207345974e+01,-1.347325541759476941e+01
1.701000000000000000e+03,7.291654371165908742e+03,0.000000000000000000e+00,7.291654371165908742e+03,2.334356912570001367e-07,3.319203307111111371e+03,2.649348406207751339e+01,-1.347325541824663020e+01
1.702000000000000000e+03,7.291654371165910561e+03,0.000000000000000000e+00,7.291654371165910561e+03,2.308030289870859816e-07,3.319203307111111371e+03,2.649348406208152085e+01,-1.347325541889114220e+01
1.703000000000000000e+03,7.291654371165909652e+03,0.000000000000000000e+00,7.291654371165909652e+03,2.282003413888054983e-07,3.319203307111111371e+03,2.649348406208548568e+01,-1.347325541952838535e+01
1.704000000000000000e+03,7.291654371165908742e+03,0.000000000000000000e+00,7.291654371165908742e+03,2.256270677334113298e-07,3.319203307111111371e+03,2.649348406208940432e+01,-1.347325542015844135e+01
1.705000000000000000e+03,7.291654371165910561e+03,0.000000000000000000e+00,7.291654371165910561e+03,2.230828939294345578e-07,3.319203307111111371e+03,2.649348406209328033e+01,-1.347325542078139371e+01
1.706000000000000000e+03,7.291654371165910561e+03,0.000000000000000000e+00,7.291654371165910561e+03,2.205672579217813796e-07,3.319203307111111371e+03,2.649348406209711015e+01,-1.347325542139732057e+01
1.707000000000000000e+03,7.291654371165909652e+03,0.000000000000000000e+00,7.291654371165909652e+03,2.180799296840834605e-07,3.319203307111111371e+03,2.649348406210089735e+01,-1.347325542200630188e+01
1.708000000000000000e+03,7.291654371165909652e+03,0.000000000000000000e+00,7.291654371165909652e+03,2.156208672785295690e-07,3.319203307111111371e+03,2.649348406210464191e+01,-1.347325542260841580e+01
1.709000000000000000e+03,7.291654371165909652e+03,0.000000000000000000e+00,7.291654371165909652e+03,2.131892561389273989e-07,3.319203307111111371e+03,2.649348406210834384e+01,-1.347325542320374048e+01
1.710000000000000000e+03,7.291654371165910561e+03,0.000000000000000000e+00,7.291654371165910561e+03,2.107853698084404119e-07,3.319203307111111371e+03,2.649348406211200668e+01,-1.347325542379235230e+01
1.711000000000000000e+03,7.291654371165909652e+03,0.000000000000000000e+00,7.291654371165909652e+03,2.084083347931987787e-07,3.319203307111111371e+03,2.649348406211562690e+01,-1.347325542437432588e+01
1.712000000000000000e+03,7.291654371165910561e+03,0.000000000000000000e+00,7.291654371165910561e+03,2.060583358974731262e-07,3.319203307111111371e+03,2.649348406211920448e+01,-1.347325542494973760e+01
1.713000000000000000e+03,7.291654371165910561e+03,0.000000000000000000e+00,7.291654371165910561e+03,2.037346655470173647e-07,3.319203307111111371e+03,2.649348406212274298e+01,-1.347325542551866029e+01
1.714000000000000000e+03,7.291654371165908742e+03,0.000000000000000000e+00,7.291654371165908742e+03,2.014373815326406660e-07,3.319203307111111371e+03,2.649348406212624241e+01,-1.347325542608116677e+01
1.715000000000000000e+03,7.291654371165909652e+03,0.000000000000000000e+00,7.291654371165909652e+03,1.991658497344259583e-07,3.319203307111111371e+03,2.649348406212970275e+01,-1.347325542663733167e+01
1.716000000000000000e+03,7.291654371165908742e+03,0.000000000000000000e+00,7.291654371165908742e+03,1.969199183804448609e-07,3.319203307111111371e+03,2.649348406213312401e+01,-1.347325542718722424e+01
1.717000000000000000e+03,7.291654371165909652e+03,0.000000000000000000e+00,7.291654371165909652e+03,1.946993268752016168e-07,3.319203307111111371e+03,2.649348406213650620e+01,-1.347325542773091556e+01
1.718000000000000000e+03,7.291654371165909652e+03,0.000000000000000000e+00,7.291654371165909652e+03,1.925038019913295698e-07,3.319203307111111371e+03,2.649348406213984930e+01,-1.347325542826847666e+01
1.719000000000000000e+03,7.291654371165908742e+03,0.000000000000000000e+00,7.291654371165908742e+03,1.903329348983283492e-07,3.319203307111111371e+03,2.649348406214315332e+01,-1.347325542879997506e+01
1.720000000000000000e+03,7.291654371165909652e+03,0.000000000000000000e+00,7.291654371165909652e+03,1.881866965428950194e-07,3.319203307111111371e+03,2.649348406214642182e+01,-1.347325542932548004e+01
1.721000000000000000e+03,7.291654371165908742e+03,0.000000000000000000e+00,7.291654371165908742e+03,1.860647410644055057e-07,3.319203307111111371e+03,2.649348406214965124e+01,-1.347325542984505908e+01
1.722000000000000000e+03,7.291654371165910561e+03,0.000000000000000000e+00,7.291654371165910561e+03,1.839665137974103980e-07,3.319203307111111371e+03,2.649348406215284513e+01,-1.347325543035877971e+01
1.723000000000000000e+03,7.291654371165910561e+03,0.000000000000000000e+00,7.291654371165910561e+03,1.818919762147035994e-07,3.319203307111111371e+03,2.649348406215600349e+01,-1.347325543086670763e+01
1.724000000000000000e+03,7.291654371165910561e+03,0.000000000000000000e+00,7.291654371165910561e+03,1.798407024959184741e-07,3.319203307111111371e+03,2.649348406215912632e+01,-1.347325543136890857e+01
1.725000000000000000e+03,7.291654371165910561e+03,0.000000000000000000e+00,7.291654371165910561e+03,1.778130222697250747e-07,3.319203307111111371e+03,2.649348406216221363e+01,-1.347325543186544472e+01
1.726000000000000000e+03,7.291654371165910561e+03,0.000000000000000000e+00,7.291654371165910561e+03,1.758078350475342635e-07,3.319203307111111371e+03,2.649348406216526897e+01,-1.347325543235638357e+01
1.727000000000000000e+03,7.291654371165910561e+03,0.000000000000000000e+00,7.291654371165910561e+03,1.738252435264560877e-07,3.319203307111111371e+03,2.649348406216828877e+01,-1.347325543284178551e+01
1.728000000000000000e+03,7.291654371165910561e+03,0.000000000000000000e+00,7.291654371165910561e+03,1.718651352196805599e-07,3.319203307111111371e+03,2.649348406217127305e+01,-1.347325543332171272e+01
1.729000000000000000e+03,7.291654371165909652e+03,0.000000000000000000e+00,7.291654371165909652e+03,1.699270554430162023e-07,3.319203307111111371e+03,2.649348406217422536e+01,-1.347325543379622914e+01
1.730000000000000000e+03,7.291654371165909652e+03,0.000000000000000000e+00,7.291654371165909652e+03,1.680108552667055138e-07,3.319203307111111371e+03,2.649348406217714214e+01,-1.347325543426539518e+01
1.731000000000000000e+03,7.291654371165909652e+03,0.000000000000000000e+00,7.291654371165909652e+03,1.661164115300077176e-07,3.319203307111111371e+03,2.649348406218002694e+01,-1.347325543472926945e+01
1.732000000000000000e+03,7.291654371165910561e+03,0.000000000000000000e+00,7.291654371165910561e+03,1.642432264740515673e-07,3.319203307111111371e+03,2.649348406218287977e+01,-1.347325543518791413e+01
1.733000000000000000e+03,7.291654371165909652e+03,0.000000000000000000e+00,7.291654371165909652e+03,1.623910235871840629e-07,3.319203307111111371e+03,2.649348406218570062e+01,-1.347325543564138606e+01
1.734000000000000000e+03,7.291654371165910561e+03,0.000000000000000000e+00,7.291654371165910561e+03,1.605597685738757623e-07,3.319203307111111371e+03,2.649348406218848950e+01,-1.347325543608974385e+01
1.735000000000000000e+03,7.291654371165910561e+03,0.000000000000000000e+00,7.291654371165910561e+03,1.587491712168937438e-07,3.319203307111111371e+03,2.649348406219124641e+01,-1.347325543653304614e+01
1.736000000000000000e+03,7.291654371165908742e+03,0.000000000000000000e+00,7.291654371165908742e+03,1.569591121450583946e-07,3.319203307111111371e+03,2.649348406219397134e+01,-1.347325543697134975e+01
1.737000000000000000e+03,7.291654371165910561e+03,0.000000000000000000e+00,7.291654371165910561e+03,1.551891143157667532e-07,3.319203307111111371e+03,2.649348406219666785e+01,-1.347325543740471154e+01
1.738000000000000000e+03,7.291654371165910561e+03,0.000000000000000000e+00,7.291654371165910561e+03,1.534392291407332125e-07,3.319203307111111371e+03,2.649348406219933239e+01,-1.347325543783318480e+01
1.739000000000000000e+03,7.291654371165908742e+03,0.000000000000000000e+00,7.291654371165908742e+03,1.517088020995692740e-07,3.319203307111111371e+03,2.649348406220196850e+01,-1.347325543825682814e+01
1.740000000000000000e+03,7.291654371165909652e+03,0.000000000000000000e+00,7.291654371165909652e+03,1.499981153251105262e-07,3.319203307111111371e+03,2.649348406220457264e+01,-1.347325543867569309e+01
1.741000000000000000e+03,7.291654371165909652e+03,0.000000000000000000e+00,7.291654371165909652e+03,1.483067776714758837e-07,3.319203307111111371e+03,2.649348406220714836e+01,-1.347325543908983470e+01
1.742000000000000000e+03,7.291654371165909652e+03,0.000000000000000000e+00,7.291654371165909652e+03,1.466344854053305443e-07,3.319203307111111371e+03,2.649348406220969565e+01,-1.347325543949930626e+01
1.743000000000000000e+03,7.291654371165908742e+03,0.000000000000000000e+00,7.291654371165908742e+03,1.449808926660504333e-07,3.319203307111111371e+03,2.649348406221221452e+01,-1.347325543990416108e+01
1.744000000000000000e+03,7.291654371165909652e+03,0.000000000000000000e+00,7.291654371165909652e+03,1.433459186096620610e-07,3.319203307111111371e+03,2.649348406221470498e+01,-1.347325544030445066e+01
1.745000000000000000e+03,7.291654371165909652e+03,0.000000000000000000e+00,7.291654371165909652e+03,1.417294820132358026e-07,3.319203307111111371e+03,2.649348406221716701e+01,-1.347325544070022652e+01
1.746000000000000000e+03,7.291654371165909652e+03,0.000000000000000000e+00,7.291654371165909652e+03,1.401313496292762825e-07,3.319203307111111371e+03,2.649348406221960062e+01,-1.347325544109153839e+01
1.747000000000000000e+03,7.291654371165908742e+03,0.000000000000000000e+00,7.291654371165908742e+03,1.385511994082359347e-07,3.319203307111111371e+03,2.649348406222200580e+01,-1.347325544147843779e+01
1.748000000000000000e+03,7.291654371165910561e+03,0.000000000000000000e+00,7.291654371165910561e+03,1.369887940604207433e-07,3.319203307111111371e+03,2.649348406222438612e+01,-1.347325544186097446e+01
1.749000000000000000e+03,7.291654371165908742e+03,0.000000000000000000e+00,7.291654371165908742e+03,1.354438545478034227e-07,3.319203307111111371e+03,2.649348406222673802e+01,-1.347325544223919813e+01
1.750000000000000000e+03,7.291654371165909652e+03,0.000000000000000000e+00,7.291654371165909652e+03,1.339166359710159590e-07,3.319203307111111371e+03,2.649348406222906505e+01,-1.347325544261315500e+01
1.751000000000000000e+03,7.291654371165910561e+03,0.000000000000000000e+00,7.291654371165910561e+03,1.324066452449793836e-07,3.319203307111111371e+03,2.649348406223136365e+01,-1.347325544298289657e+01
1.752000000000000000e+03,7.291654371165910561e+03,0.000000000000000000e+00,7.291654371165910561e+03,1.309133818318110056e-07,3.319203307111111371e+03,2.649348406223363739e+01,-1.347325544334846903e+01
1.753000000000000000e+03,7.291654371165909652e+03,0.000000000000000000e+00,7.291654371165909652e+03,1.294372188138165962e-07,3.319203307111111371e+03,2.649348406223588626e+01,-1.347325544370991857e+01
1.754000000000000000e+03,7.291654371165908742e+03,0.000000000000000000e+00,7.291654371165908742e+03,1.279775907884565207e-07,3.319203307111111371e+03,2.649348406223810670e+01,-1.347325544406729136e+01
1.755000000000000000e+03,7.291654371165909652e+03,0.000000000000000000e+00,7.291654371165909652e+03,1.265345629993438050e-07,3.319203307111111371e+03,2.649348406224030583e+01,-1.347325544442063538e+01
1.756000000000000000e+03,7.291654371165910561e+03,0.000000000000000000e+00,7.291654371165910561e+03,1.251075912023225111e-07,3.319203307111111371e+03,2.649348406224247654e+01,-1.347325544476999504e+01
1.757000000000000000e+03,7.291654371165909652e+03,0.000000000000000000e+00,7.291654371165909652e+03,1.236967551044977504e-07,3.319203307111111371e+03,2.649348406224462593e+01,-1.347325544511541473e+01
1.758000000000000000e+03,7.291654371165910561e+03,0.000000000000000000e+00,7.291654371165910561e+03,1.223019278818861085e-07,3.319203307111111371e+03,2.649348406224675045e+01,-1.347325544545693887e+01
1.759000000000000000e+03,7.291654371165909652e+03,0.000000000000000000e+00,7.291654371165909652e+03,1.209227430207546608e-07,3.319203307111111371e+03,2.649348406224885011e+01,-1.347325544579461187e+01
1.760000000000000000e+03,7.291654371165908742e+03,0.000000000000000000e+00,7.291654371165908742e+03,1.195591198034485761e-07,3.319203307111111371e+03,2.649348406225092489e+01,-1.347325544612847636e+01
1.761000000000000000e+03,7.291654371165908742e+03,0.000000000000000000e+00,7.291654371165908742e+03,1.182108006029617812e-07,3.319203307111111371e+03,2.649348406225297836e+01,-1.347325544645857676e+01
1.762000000000000000e+03,7.291654371165910561e+03,0.000000000000000000e+00,7.291654371165910561e+03,1.168779591706778730e-07,3.319203307111111371e+03,2.649348406225500696e+01,-1.347325544678495390e+01
1.763000000000000000e+03,7.291654371165910561e+03,0.000000000000000000e+00,7.291654371165910561e+03,1.155599314491458493e-07,3.319203307111111371e+03,2.649348406225701424e+01,-1.347325544710765222e+01
1.764000000000000000e+03,7.291654371165908742e+03,0.000000000000000000e+00,7.291654371165908742e+03,1.142569173377220734e-07,3.319203307111111371e+03,2.649348406225900021e+01,-1.347325544742671077e+01
1.765000000000000000e+03,7.291654371165910561e+03,0.000000000000000000e+00,7.291654371165910561e+03,1.129683324860606150e-07,3.319203307111111371e+03,2.649348406226096131e+01,-1.347325544774217221e+01
1.766000000000000000e+03,7.291654371165909652e+03,0.000000000000000000e+00,7.291654371165909652e+03,1.116946462313232238e-07,3.319203307111111371e+03,2.649348406226290109e+01,-1.347325544805407560e+01
1.767000000000000000e+03,7.291654371165908742e+03,0.000000000000000000e+00,7.291654371165908742e+03,1.104349773741988589e-07,3.319203307111111371e+03,2.649348406226481956e+01,-1.347325544836246181e+01
1.768000000000000000e+03,7.291654371165908742e+03,0.000000000000000000e+00,7.291654371165908742e+03,1.091898555058732129e-07,3.319203307111111371e+03,2.649348406226671671e+01,-1.347325544866736990e+01
1.769000000000000000e+03,7.291654371165909652e+03,0.000000000000000000e+00,7.291654371165909652e+03,1.079584893027964049e-07,3.319203307111111371e+03,2.649348406226859254e+01,-1.347325544896884075e+01
1.770000000000000000e+03,7.291654371165910561e+03,0.000000000000000000e+00,7.291654371165910561e+03,1.067410858013317941e-07,3.319203307111111371e+03,2.649348406227044705e+01,-1.347325544926691165e+01
1.771000000000000000e+03,7.291654371165908742e+03,0.000000000000000000e+00,7.291654371165908742e+03,1.055374449126449895e-07,3.319203307111111371e+03,2.649348406227228026e+01,-1.347325544956162169e+01
1.772000000000000000e+03,7.291654371165910561e+03,0.000000000000000000e+00,7.291654371165910561e+03,1.043473182941549318e-07,3.319203307111111371e+03,2.649348406227409214e+01,-1.347325544985300816e+01
1.773000000000000000e+03,7.291654371165908742e+03,0.000000000000000000e+00,7.291654371165908742e+03,1.031706915455288254e-07,3.319203307111111371e+03,2.649348406227588271e+01,-1.347325545014110837e+01
1.774000000000000000e+03,7.291654371165910561e+03,0.000000000000000000e+00,7.291654371165910561e+03,1.020072894183006938e-07,3.319203307111111371e+03,2.649348406227765551e+01,-1.347325545042596140e+01
1.775000000000000000e+03,7.291654371165910561e+03,0.000000000000000000e+00,7.291654371165910561e+03,1.008568957811601386e-07,3.319203307111111371e+03,2.649348406227940700e+01,-1.347325545070760100e+01
1.776000000000000000e+03,7.291654371165909652e+03,0.000000000000000000e+00,7.291654371165909652e+03,9.971984203123914900e-08,3.319203307111111371e+03,2.649348406228113717e+01,-1.347325545098606447e+01
1.777000000000000000e+03,7.291654371165909652e+03,0.000000000000000000e+00,7.291654371165909652e+03,9.859524791661695509e-08,3.319203307111111371e+03,2.649348406228284958e+01,-1.347325545126138913e+01
1.778000000000000000e+03,7.291654371165909652e+03,0.000000000000000000e+00,7.291654371165909652e+03,9.748344900294291108e-08,3.319203307111111371e+03,2.649348406228454422e+01,-1.347325545153360871e+01
1.779000000000000000e+03,7.291654371165910561e+03,0.000000000000000000e+00,7.291654371165910561e+03,9.638378224331568144e-08,3.319203307111111371e+03,2.649348406228621755e+01,-1.347325545180275874e+01
1.780000000000000000e+03,7.291654371165908742e+03,0.000000000000000000e+00,7.291654371165908742e+03,9.529721890228554792e-08,3.319203307111111371e+03,2.649348406228787312e+01,-1.347325545206887298e+01
1.781000000000000000e+03,7.291654371165909652e+03,0.000000000000000000e+00,7.291654371165909652e+03,9.422262722738297013e-08,3.319203307111111371e+03,2.649348406228950736e+01,-1.347325545233198696e+01
1.782000000000000000e+03,7.291654371165910561e+03,0.000000000000000000e+00,7.291654371165910561e+03,9.316006671471971357e-08,3.319203307111111371e+03,2.649348406229112385e+01,-1.347325545259213442e+01
1.783000000000000000e+03,7.291654371165910561e+03,0.000000000000000000e+00,7.291654371165910561e+03,9.210954481709955314e-08,3.319203307111111371e+03,2.649348406229272257e+01,-1.347325545284934734e+01
1.784000000000000000e+03,7.291654371165908742e+03,0.000000000000000000e+00,7.291654371165908742e+03,9.107078521234750339e-08,3.319203307111111371e+03,2.649348406229430353e+01,-1.347325545310365946e+01
1.785000000000000000e+03,7.291654371165910561e+03,0.000000000000000000e+00,7.291654371165910561e+03,9.004394428302476087e-08,3.319203307111111371e+03,2.649348406229586672e+01,-1.347325545335510455e+01
1.786000000000000000e+03,7.291654371165910561e+03,0.000000000000000000e+00,7.291654371165910561e+03,8.902849325901721904e-08,3.319203307111111371e+03,2.649348406229741215e+01,-1.347325545360371457e+01
1.787000000000000000e+03,7.291654371165909652e+03,0.000000000000000000e+00,7.291654371165909652e+03,8.802475431619111602e-08,3.319203307111111371e+03,2.649348406229894337e+01,-1.347325545384951972e+01
1.788000000000000000e+03,7.291654371165910561e+03,0.000000000000000000e+00,7.291654371165910561e+03,8.703177829577019062e-08,3.319203307111111371e+03,2.649348406230045683e+01,-1.347325545409255376e+01
1.789000000000000000e+03,7.291654371165910561e+03,0.000000000000000000e+00,7.291654371165910561e+03,8.605042789137466550e-08,3.319203307111111371e+03,2.649348406230195252e+01,-1.347325545433284688e+01
1.790000000000000000e+03,7.291654371165909652e+03,0.000000000000000000e+00,7.291654371165909652e+03,8.508020755471080087e-08,3.319203307111111371e+03,2.649348406230343045e+01,-1.347325545457043106e+01
1.791000000000000000e+03,7.291654371165910561e+03,0.000000000000000000e+00,7.291654371165910561e+03,8.412075538267850126e-08,3.319203307111111371e+03,2.649348406230489061e+01,-1.347325545480533648e+01
1.792000000000000000e+03,7.291654371165908742e+03,0.000000000000000000e+00,7.291654371165908742e+03,8.317200960542928431e-08,3.319203307111111371e+03,2.649348406230633657e+01,-1.347325545503759159e+01
1.793000000000000000e+03,7.291654371165909652e+03,0.000000000000000000e+00,7.291654371165909652e+03,8.223429145143907735e-08,3.319203307111111371e+03,2.649348406230776476e+01,-1.347325545526722834e+01
1.794000000000000000e+03,7.291654371165910561e+03,0.000000000000000000e+00,7.291654371165910561e+03,8.130696269543275973e-08,3.319203307111111371e+03,2.649348406230917519e+01,-1.347325545549427517e+01
1.795000000000000000e+03,7.291654371165910561e+03,0.000000000000000000e+00,7.291654371165910561e+03,8.039020150994878271e-08,3.319203307111111371e+03,2.649348406231057140e+01,-1.347325545571876226e+01
1.796000000000000000e+03,7.291654371165909652e+03,0.000000000000000000e+00,7.291654371165909652e+03,7.948362508614081731e-08,3.319203307111111371e+03,2.649348406231195341e+01,-1.347325545594071805e+01
1.797000000000000000e+03,7.291654371165909652e+03,0.000000000000000000e+00,7.291654371165909652e+03,7.858748700881632318e-08,3.319203307111111371e+03,2.649348406231331765e+01,-1.347325545616017095e+01
1.798000000000000000e+03,7.291654371165910561e+03,0.000000000000000000e+00,7.291654371165910561e+03,7.770117109531484441e-08,3.319203307111111371e+03,2.649348406231466768e+01,-1.347325545637714939e+01
1.799000000000000000e+03,7.291654371165908742e+03,0.000000000000000000e+00,7.291654371165908742e+03,7.682490459299312582e-08,3.319203307111111371e+03,2.649348406231600350e+01,-1.347325545659168000e+01
1.800000000000000000e+03,7.291654371165909652e+03,0.000000000000000000e+00,7.291654371165909652e+03,7.595868440704281169e-08,3.319203307111111371e+03,2.649348406231732156e+01,-1.347325545680379122e+01
1.801000000000000000e+03,7.291654371165909652e+03,0.000000000000000000e+00,7.291654371165909652e+03,7.510214528691802754e-08,3.319203307111111371e+03,2.649348406231862540e+01,-1.347325545701351146e+01
1.802000000000000000e+03,7.291654371165908742e+03,0.000000000000000000e+00,7.291654371165908742e+03,7.425513280799754100e-08,3.319203307111111371e+03,2.649348406231991504e+01,-1.347325545722086737e+01
1.803000000000000000e+03,7.291654371165908742e+03,0.000000000000000000e+00,7.291654371165908742e+03,7.341783455356360864e-08,3.319203307111111371e+03,2.649348406232119046e+01,-1.347325545742588382e+01
1.804000000000000000e+03,7.291654371165907833e+03,0.000000000000000000e+00,7.291654371165907833e+03,7.258988356776777531e-08,3.319203307111111371e+03,2.649348406232245168e+01,-1.347325545762858923e+01
1.805000000000000000e+03,7.291654371165908742e+03,0.000000000000000000e+00,7.291654371165908742e+03,7.177121883867382850e-08,3.319203307111111371e+03,2.649348406232369868e+01,-1.347325545782900846e+01
1.806000000000000000e+03,7.291654371165909652e+03,0.000000000000000000e+00,7.291654371165909652e+03,7.096207209795264385e-08,3.319203307111111371e+03,2.649348406232493147e+01,-1.347325545802716817e+01
1.807000000000000000e+03,7.291654371165908742e+03,0.000000000000000000e+00,7.291654371165908742e+03,7.016185950053316398e-08,3.319203307111111371e+03,2.649348406232615005e+01,-1.347325545822309323e+01
1.808000000000000000e+03,7.291654371165908742e+03,0.000000000000000000e+00,7.291654371165908742e+03,6.937065873242115385e-08,3.319203307111111371e+03,2.649348406232735442e+01,-1.347325545841680849e+01
1.809000000000000000e+03,7.291654371165910561e+03,0.000000000000000000e+00,7.291654371165910561e+03,6.858860249142001314e-08,3.319203307111111371e+03,2.649348406232854458e+01,-1.347325545860833884e+01
1.810000000000000000e+03,7.291654371165909652e+03,0.000000000000000000e+00,7.291654371165909652e+03,6.781482303116111981e-08,3.319203307111111371e+03,2.649348406232972053e+01,-1.347325545879771092e+01
1.811000000000000000e+03,7.291654371165908742e+03,0.000000000000000000e+00,7.291654371165908742e+03,6.705034422793686919e-08,3.319203307111111371e+03,2.649348406233088582e+01,-1.347325545898494603e+01
1.812000000000000000e+03,7.291654371165910561e+03,0.000000000000000000e+00,7.291654371165910561e+03,6.629421944934519312e-08,3.319203307111111371e+03,2.649348406233203690e+01,-1.347325545917007084e+01
1.813000000000000000e+03,7.291654371165909652e+03,0.000000000000000000e+00,7.291654371165909652e+03,6.554658644593777153e-08,3.319203307111111371e+03,2.649348406233317377e+01,-1.347325545935310842e+01
1.814000000000000000e+03,7.291654371165910561e+03,0.000000000000000000e+00,7.291654371165910561e+03,6.480747300783048985e-08,3.319203307111111371e+03,2.649348406233429998e+01,-1.347325545953408188e+01
1.815000000000000000e+03,7.291654371165909652e+03,0.000000000000000000e+00,7.291654371165909652e+03,6.407672647886405219e-08,3.319203307111111371e+03,2.649348406233541198e+01,-1.347325545971301430e+01
1.816000000000000000e+03,7.291654371165910561e+03,0.000000000000000000e+00,7.291654371165910561e+03,6.335390379616809424e-08,3.319203307111111371e+03,2.649348406233651332e+01,-1.347325545988992879e+01
1.817000000000000000e+03,7.291654371165910561e+03,0.000000000000000000e+00,7.291654371165910561e+03,6.263977613545850665e-08,3.319203307111111371e+03,2.649348406233760045e+01,-1.347325546006484842e+01
1.818000000000000000e+03,7.291654371165909652e+03,0.000000000000000000e+00,7.291654371165909652e+03,6.193330831491848039e-08,3.319203307111111371e+03,2.649348406233867692e+01,-1.347325546023779630e+01
1.819000000000000000e+03,7.291654371165908742e+03,0.000000000000000000e+00,7.291654371165908742e+03,6.123473831899495839e-08,3.319203307111111371e+03,2.649348406233973918e+01,-1.347325546040879374e+01
1.820000000000000000e+03,7.291654371165908742e+03,0.000000000000000000e+00,7.291654371165908742e+03,6.054441977691264880e-08,3.319203307111111371e+03,2.649348406234079079e+01,-1.347325546057786205e+01
1.821000000000000000e+03,7.291654371165910561e+03,0.000000000000000000e+00,7.291654371165910561e+03,5.986167429404708291e-08,3.319203307111111371e+03,2.649348406234183173e+01,-1.347325546074502434e+01
1.822000000000000000e+03,7.291654371165910561e+03,0.000000000000000000e+00,7.291654371165910561e+03,5.918669204321405292e-08,3.319203307111111371e+03,2.649348406234285846e+01,-1.347325546091030191e+01
1.823000000000000000e+03,7.291654371165909652e+03,0.000000000000000000e+00,7.291654371165909652e+03,5.851902314033294470e-08,3.319203307111111371e+03,2.649348406234387454e+01,-1.347325546107371430e+01
1.824000000000000000e+03,7.291654371165910561e+03,0.000000000000000000e+00,7.291654371165910561e+03,5.785932204263291414e-08,3.319203307111111371e+03,2.649348406234487996e+01,-1.347325546123528461e+01
1.825000000000000000e+03,7.291654371165908742e+03,0.000000000000000000e+00,7.291654371165908742e+03,5.720686974402471990e-08,3.319203307111111371e+03,2.649348406234587472e+01,-1.347325546139503238e+01
1.826000000000000000e+03,7.291654371165909652e+03,0.000000000000000000e+00,7.291654371165909652e+03,5.656178662623764161e-08,3.319203307111111371e+03,2.649348406234685882e+01,-1.347325546155297893e+01
1.827000000000000000e+03,7.291654371165910561e+03,0.000000000000000000e+00,7.291654371165910561e+03,5.592399260321043286e-08,3.319203307111111371e+03,2.649348406234782871e+01,-1.347325546170914556e+01
1.828000000000000000e+03,7.291654371165909652e+03,0.000000000000000000e+00,7.291654371165909652e+03,5.529346487441620545e-08,3.319203307111111371e+03,2.649348406234878794e+01,-1.347325546186355005e+01
1.829000000000000000e+03,7.291654371165908742e+03,0.000000000000000000e+00,7.291654371165908742e+03,5.466978519861084962e-08,3.319203307111111371e+03,2.649348406234973652e+01,-1.347325546201621371e+01
1.830000000000000000e+03,7.291654371165910561e+03,0.000000000000000000e+00,7.291654371165910561e+03,5.405337649083068662e-08,3.319203307111111371e+03,2.649348406235067444e+01,-1.347325546216715608e+01
1.831000000000000000e+03,7.291654371165910561e+03,0.000000000000000000e+00,7.291654371165910561e+03,5.344389945902447484e-08,3.319203307111111371e+03,2.649348406235160169e+01,-1.347325546231639670e+01
1.832000000000000000e+03,7.291654371165910561e+03,0.000000000000000000e+00,7.291654371165910561e+03,5.284104828559874285e-08,3.319203307111111371e+03,2.649348406235252185e+01,-1.347325546246395511e+01
1.833000000000000000e+03,7.291654371165910561e+03,0.000000000000000000e+00,7.291654371165910561e+03,5.224520881104884602e-08,3.319203307111111371e+03,2.649348406235342779e+01,-1.347325546260984730e+01
1.834000000000000000e+03,7.291654371165909652e+03,0.000000000000000000e+00,7.291654371165909652e+03,5.165598028927181302e-08,3.319203307111111371e+03,2.649348406235432662e+01,-1.347325546275409458e+01
1.835000000000000000e+03,7.291654371165909652e+03,0.000000000000000000e+00,7.291654371165909652e+03,5.107345512240297056e-08,3.319203307111111371e+03,2.649348406235521480e+01,-1.347325546289671649e+01
1.836000000000000000e+03,7.291654371165908742e+03,0.000000000000000000e+00,7.291654371165908742e+03,5.049769438553792007e-08,3.319203307111111371e+03,2.649348406235609232e+01,-1.347325546303772903e+01
1.837000000000000000e+03,7.291654371165910561e+03,0.000000000000000000e+00,7.291654371165910561e+03,4.992816697166644262e-08,3.319203307111111371e+03,2.649348406235695919e+01,-1.347325546317715173e+01
1.838000000000000000e+03,7.291654371165910561e+03,0.000000000000000000e+00,7.291654371165910561e+03,4.936539609287946504e-08,3.319203307111111371e+03,2.649348406235781539e+01,-1.347325546331500234e+01
1.839000000000000000e+03,7.291654371165910561e+03,0.000000000000000000e+00,7.291654371165910561e+03,4.880851520283613248e-08,3.319203307111111371e+03,2.649348406235866449e+01,-1.347325546345129865e+01
1.840000000000000000e+03,7.291654371165908742e+03,0.000000000000000000e+00,7.291654371165908742e+03,4.825820313827635807e-08,3.319203307111111371e+03,2.649348406235950293e+01,-1.347325546358605841e+01
1.841000000000000000e+03,7.291654371165910561e+03,0.000000000000000000e+00,7.291654371165910561e+03,4.771414208132935593e-08,3.319203307111111371e+03,2.649348406236033071e+01,-1.347325546371929761e+01
1.842000000000000000e+03,7.291654371165910561e+03,0.000000000000000000e+00,7.291654371165910561e+03,4.717592831740249739e-08,3.319203307111111371e+03,2.649348406236115139e+01,-1.347325546385103578e+01
1.843000000000000000e+03,7.291654371165909652e+03,0.000000000000000000e+00,7.291654371165909652e+03,4.664380507316915909e-08,3.319203307111111371e+03,2.649348406236196141e+01,-1.347325546398128715e+01
1.844000000000000000e+03,7.291654371165909652e+03,0.000000000000000000e+00,7.291654371165909652e+03,4.611819709528693471e-08,3.319203307111111371e+03,2.649348406236276077e+01,-1.347325546411006947e+01
1.845000000000000000e+03,7.291654371165910561e+03,0.000000000000000000e+00,7.291654371165910561e+03,4.559774753134762363e-08,3.319203307111111371e+03,2.649348406236355302e+01,-1.347325546423740050e+01
1.846000000000000000e+03,7.291654371165909652e+03,0.000000000000000000e+00,7.291654371165909652e+03,4.508366941990971364e-08,3.319203307111111371e+03,2.649348406236433817e+01,-1.347325546436329446e+01
1.847000000000000000e+03,7.291654371165909652e+03,0.000000000000000000e+00,7.291654371165909652e+03,4.457542514854948203e-08,3.319203307111111371e+03,2.649348406236511266e+01,-1.347325546448776912e+01
1.848000000000000000e+03,7.291654371165909652e+03,0.000000000000000000e+00,7.291654371165909652e+03,4.407270782596444816e-08,3.319203307111111371e+03,2.649348406236587650e+01,-1.347325546461084045e+01
1.849000000000000000e+03,7.291654371165908742e+03,0.000000000000000000e+00,7.291654371165908742e+03,4.357574520478617033e-08,3.319203307111111371e+03,2.649348406236663322e+01,-1.347325546473252444e+01
1.850000000000000000e+03,7.291654371165910561e+03,0.000000000000000000e+00,7.291654371165910561e+03,4.308441456638926315e-08,3.319203307111111371e+03,2.649348406236738285e+01,-1.347325546485283532e+01
1.851000000000000000e+03,7.291654371165908742e+03,0.000000000000000000e+00,7.291654371165908742e+03,4.259860550822244144e-08,3.319203307111111371e+03,2.649348406236812181e+01,-1.347325546497179083e+01
1.852000000000000000e+03,7.291654371165910561e+03,0.000000000000000000e+00,7.291654371165910561e+03,4.211821059622403761e-08,3.319203307111111371e+03,2.649348406236885367e+01,-1.347325546508940519e+01
1.853000000000000000e+03,7.291654371165910561e+03,0.000000000000000000e+00,7.291654371165910561e+03,4.164323241992760056e-08,3.319203307111111371e+03,2.649348406236957842e+01,-1.347325546520569262e+01
1.854000000000000000e+03,7.291654371165908742e+03,0.000000000000000000e+00,7.291654371165908742e+03,4.117352451279051276e-08,3.319203307111111371e+03,2.649348406237029252e+01,-1.347325546532066909e+01
1.855000000000000000e+03,7.291654371165908742e+03,0.000000000000000000e+00,7.291654371165908742e+03,4.070917719268941846e-08,3.319203307111111371e+03,2.649348406237099951e+01,-1.347325546543434882e+01
1.856000000000000000e+03,7.291654371165910561e+03,0.000000000000000000e+00,7.291654371165910561e+03,4.025039136953030794e-08,3.319203307111111371e+03,2.649348406237169939e+01,-1.347325546554674602e+01
1.857000000000000000e+03,7.291654371165910561e+03,0.000000000000000000e+00,7.291654371165910561e+03,3.979633049766561916e-08,3.319203307111111371e+03,2.649348406237238862e+01,-1.347325546565787668e+01
1.858000000000000000e+03,7.291654371165908742e+03,0.000000000000000000e+00,7.291654371165908742e+03,3.934751589440565731e-08,3.319203307111111371e+03,2.649348406237307074e+01,-1.347325546576775324e+01
1.859000000000000000e+03,7.291654371165909652e+03,0.000000000000000000e+00,7.291654371165909652e+03,3.890377690317513494e-08,3.319203307111111371e+03,2.649348406237374576e+01,-1.347325546587639167e+01
1.860000000000000000e+03,7.291654371165910561e+03,0.000000000000000000e+00,7.291654371165910561e+03,3.846518179923603158e-08,3.319203307111111371e+03,2.649348406237441367e+01,-1.347325546598380441e+01
1.861000000000000000e+03,7.291654371165909652e+03,0.000000000000000000e+00,7.291654371165909652e+03,3.803118065409055080e-08,3.319203307111111371e+03,2.649348406237507447e+01,-1.347325546609000568e+01
1.862000000000000000e+03,7.291654371165909652e+03,0.000000000000000000e+00,7.291654371165909652e+03,3.760267759389535323e-08,3.319203307111111371e+03,2.649348406237572817e+01,-1.347325546619500969e+01
1.863000000000000000e+03,7.291654371165910561e+03,0.000000000000000000e+00,7.291654371165910561e+03,3.717846134855386109e-08,3.319203307111111371e+03,2.649348406237637477e+01,-1.347325546629883064e+01
1.864000000000000000e+03,7.291654371165910561e+03,0.000000000000000000e+00,7.291654371165910561e+03,3.675923563959157806e-08,3.319203307111111371e+03,2.649348406237701425e+01,-1.347325546640147920e+01
1.865000000000000000e+03,7.291654371165910561e+03,0.000000000000000000e+00,7.291654371165910561e+03,3.634476273519895804e-08,3.319203307111111371e+03,2.649348406237764664e+01,-1.347325546650297134e+01
1.866000000000000000e+03,7.291654371165910561e+03,0.000000000000000000e+00,7.291654371165910561e+03,3.593482208291081420e-08,3.319203307111111371e+03,2.649348406237827191e+01,-1.347325546660331774e+01
1.867000000000000000e+03,7.291654371165908742e+03,0.000000000000000000e+00,7.291654371165908742e+03,3.552971248963230070e-08,3.319203307111111371e+03,2.649348406237889009e+01,-1.347325546670253260e+01
1.868000000000000000e+03,7.291654371165910561e+03,0.000000000000000000e+00,7.291654371165910561e+03,3.512920715012215683e-08,3.319203307111111371e+03,2.649348406237949760e+01,-1.347325546680063013e+01
1.869000000000000000e+03,7.291654371165909652e+03,0.000000000000000000e+00,7.291654371165909652e+03,3.473294776136349602e-08,3.319203307111111371e+03,2.649348406238010156e+01,-1.347325546689762099e+01
1.870000000000000000e+03,7.291654371165908742e+03,0.000000000000000000e+00,7.291654371165908742e+03,3.434104510486375160e-08,3.319203307111111371e+03,2.649348406238069842e+01,-1.347325546699351762e+01
1.871000000000000000e+03,7.291654371165910561e+03,0.000000000000000000e+00,7.291654371165910561e+03,3.395391489549284687e-08,3.319203307111111371e+03,2.649348406238128817e+01,-1.347325546708833244e+01
1.872000000000000000e+03,7.291654371165909652e+03,0.000000000000000000e+00,7.291654371165909652e+03,3.357120817781833149e-08,3.319203307111111371e+03,2.649348406238187081e+01,-1.347325546718207789e+01
1.873000000000000000e+03,7.291654371165910561e+03,0.000000000000000000e+00,7.291654371165910561e+03,3.319259526001082335e-08,3.319203307111111371e+03,2.649348406238244635e+01,-1.347325546727476819e+01
1.874000000000000000e+03,7.291654371165908742e+03,0.000000000000000000e+00,7.291654371165908742e+03,3.281806104698463903e-08,3.319203307111111371e+03,2.649348406238301479e+01,-1.347325546736641222e+01
1.875000000000000000e+03,7.291654371165909652e+03,0.000000000000000000e+00,7.291654371165909652e+03,3.244813860368998815e-08,3.319203307111111371e+03,2.649348406238357967e+01,-1.347325546745702241e+01
1.876000000000000000e+03,7.291654371165910561e+03,0.000000000000000000e+00,7.291654371165910561e+03,3.208236920373666028e-08,3.319203307111111371e+03,2.649348406238413745e+01,-1.347325546754661119e+01
1.877000000000000000e+03,7.291654371165910561e+03,0.000000000000000000e+00,7.291654371165910561e+03,3.172079712183201924e-08,3.319203307111111371e+03,2.649348406238468812e+01,-1.347325546763518922e+01
1.878000000000000000e+03,7.291654371165910561e+03,0.000000000000000000e+00,7.291654371165910561e+03,3.136286535563057567e-08,3.319203307111111371e+03,2.649348406238523168e+01,-1.347325546772276894e+01
1.879000000000000000e+03,7.291654371165908742e+03,0.000000000000000000e+00,7.291654371165908742e+03,3.100926897382629116e-08,3.319203307111111371e+03,2.649348406238577169e+01,-1.347325546780936101e+01
1.880000000000000000e+03,7.291654371165909652e+03,0.000000000000000000e+00,7.291654371165909652e+03,3.065947497462831191e-08,3.319203307111111371e+03,2.649348406238630460e+01,-1.347325546789497785e+01
1.881000000000000000e+03,7.291654371165908742e+03,0.000000000000000000e+00,7.291654371165908742e+03,3.031383717673937384e-08,3.319203307111111371e+03,2.649348406238683040e+01,-1.347325546797962836e+01
1.882000000000000000e+03,7.291654371165910561e+03,0.000000000000000000e+00,7.291654371165910561e+03,2.997186205296505721e-08,3.319203307111111371e+03,2.649348406238734910e+01,-1.347325546806332497e+01
1.883000000000000000e+03,7.291654371165911471e+03,0.000000000000000000e+00,7.291654371165911471e+03,2.963384626279245470e-08,3.319203307111111371e+03,2.649348406238786424e+01,-1.347325546814607655e+01
1.884000000000000000e+03,7.291654371165908742e+03,0.000000000000000000e+00,7.291654371165908742e+03,2.929974616310775740e-08,3.319203307111111371e+03,2.649348406238837228e+01,-1.347325546822789555e+01
1.885000000000000000e+03,7.291654371165908742e+03,0.000000000000000000e+00,7.291654371165908742e+03,2.896933172754264383e-08,3.319203307111111371e+03,2.649348406238887677e+01,-1.347325546830879084e+01
1.886000000000000000e+03,7.291654371165910561e+03,0.000000000000000000e+00,7.291654371165910561e+03,2.864263554632391928e-08,3.319203307111111371e+03,2.649348406238937415e+01,-1.347325546838877486e+01
1.887000000000000000e+03,7.291654371165910561e+03,0.000000000000000000e+00,7.291654371165910561e+03,2.832001225922592876e-08,3.319203307111111371e+03,2.649348406238986442e+01,-1.347325546846785649e+01
1.888000000000000000e+03,7.291654371165909652e+03,0.000000000000000000e+00,7.291654371165909652e+03,2.800062134156178297e-08,3.319203307111111371e+03,2.649348406239035114e+01,-1.347325546854604816e+01
1.889000000000000000e+03,7.291654371165910561e+03,0.000000000000000000e+00,7.291654371165910561e+03,2.768482450695349337e-08,3.319203307111111371e+03,2.649348406239083076e+01,-1.347325546862335699e+01
1.890000000000000000e+03,7.291654371165910561e+03,0.000000000000000000e+00,7.291654371165910561e+03,2.737247143613785659e-08,3.319203307111111371e+03,2.649348406239130682e+01,-1.347325546869979362e+01
1.891000000000000000e+03,7.291654371165909652e+03,0.000000000000000000e+00,7.291654371165909652e+03,2.706376859704404265e-08,3.319203307111111371e+03,2.649348406239177578e+01,-1.347325546877536873e+01
1.892000000000000000e+03,7.291654371165910561e+03,0.000000000000000000e+00,7.291654371165910561e+03,2.675863129297795280e-08,3.319203307111111371e+03,2.649348406239224119e+01,-1.347325546885009118e+01
1.893000000000000000e+03,7.291654371165909652e+03,0.000000000000000000e+00,7.291654371165909652e+03,2.645681471828235460e-08,3.319203307111111371e+03,2.649348406239269949e+01,-1.347325546892397163e+01
1.894000000000000000e+03,7.291654371165908742e+03,0.000000000000000000e+00,7.291654371165908742e+03,2.615858748969104527e-08,3.319203307111111371e+03,2.649348406239315423e+01,-1.347325546899701898e+01
1.895000000000000000e+03,7.291654371165910561e+03,0.000000000000000000e+00,7.291654371165910561e+03,2.586341009999968046e-08,3.319203307111111371e+03,2.649348406239360543e+01,-1.347325546906924210e+01
1.896000000000000000e+03,7.291654371165910561e+03,0.000000000000000000e+00,7.291654371165910561e+03,2.557180841399207845e-08,3.319203307111111371e+03,2.649348406239404952e+01,-1.347325546914064986e+01
1.897000000000000000e+03,7.291654371165910561e+03,0.000000000000000000e+00,7.291654371165910561e+03,2.528354640516125724e-08,3.319203307111111371e+03,2.649348406239449005e+01,-1.347325546921125294e+01
1.898000000000000000e+03,7.291654371165908742e+03,0.000000000000000000e+00,7.291654371165908742e+03,2.499846743830858045e-08,3.319203307111111371e+03,2.649348406239492348e+01,-1.347325546928106021e+01
1.899000000000000000e+03,7.291654371165910561e+03,0.000000000000000000e+00,7.291654371165910561e+03,2.471652660713314259e-08,3.319203307111111371e+03,2.649348406239535336e+01,-1.347325546935008056e+01
1.900000000000000000e+03,7.291654371165910561e+03,0.000000000000000000e+00,7.291654371165910561e+03,2.443794654835882290e-08,3.319203307111111371e+03,2.649348406239577614e+01,-1.347325546941832286e+01
1.901000000000000000e+03,7.291654371165909652e+03,0.000000000000000000e+00,7.291654371165909652e+03,2.416232954753164994e-08,3.319203307111111371e+03,2.649348406239619536e+01,-1.347325546948579600e+01
1.902000000000000000e+03,7.291654371165909652e+03,0.000000000000000000e+00,7.291654371165909652e+03,2.388965229884989885e-08,3.319203307111111371e+03,2.649348406239661102e+01,-1.347325546955250708e+01
1.903000000000000000e+03,7.291654371165910561e+03,0.000000000000000000e+00,7.291654371165910561e+03,2.362038129730434729e-08,3.319203307111111371e+03,2.649348406239701958e+01,-1.347325546961846676e+01
1.904000000000000000e+03,7.291654371165908742e+03,0.000000000000000000e+00,7.291654371165908742e+03,2.335392941353752131e-08,3.319203307111111371e+03,2.649348406239742459e+01,-1.347325546968368215e+01
1.905000000000000000e+03,7.291654371165909652e+03,0.000000000000000000e+00,7.291654371165909652e+03,2.309076093196280446e-08,3.319203307111111371e+03,2.649348406239782605e+01,-1.347325546974816213e+01
1.906000000000000000e+03,7.291654371165908742e+03,0.000000000000000000e+00,7.291654371165908742e+03,2.283025651195202928e-08,3.319203307111111371e+03,2.649348406239822395e+01,-1.347325546981191557e+01
1.907000000000000000e+03,7.291654371165909652e+03,0.000000000000000000e+00,7.291654371165909652e+03,2.257280319402828521e-08,3.319203307111111371e+03,2.649348406239861475e+01,-1.347325546987494960e+01
1.908000000000000000e+03,7.291654371165908742e+03,0.000000000000000000e+00,7.291654371165908742e+03,2.231823486908979129e-08,3.319203307111111371e+03,2.649348406239900200e+01,-1.347325546993727308e+01
1.909000000000000000e+03,7.291654371165908742e+03,0.000000000000000000e+00,7.291654371165908742e+03,2.206656928491510258e-08,3.319203307111111371e+03,2.649348406239938569e+01,-1.347325546999889312e+01
1.910000000000000000e+03,7.291654371165910561e+03,0.000000000000000000e+00,7.291654371165910561e+03,2.181789101187961282e-08,3.319203307111111371e+03,2.649348406239976583e+01,-1.347325547005981861e+01
1.911000000000000000e+03,7.291654371165910561e+03,0.000000000000000000e+00,7.291654371165910561e+03,2.157179235635137599e-08,3.319203307111111371e+03,2.649348406240014242e+01,-1.347325547012005664e+01
1.912000000000000000e+03,7.291654371165909652e+03,0.000000000000000000e+00,7.291654371165909652e+03,2.132847814411636375e-08,3.319203307111111371e+03,2.649348406240051190e+01,-1.347325547017961611e+01
1.913000000000000000e+03,7.291654371165909652e+03,0.000000000000000000e+00,7.291654371165909652e+03,2.108795323844484846e-08,3.319203307111111371e+03,2.649348406240087783e+01,-1.347325547023850412e+01
1.914000000000000000e+03,7.291654371165909652e+03,0.000000000000000000e+00,7.291654371165909652e+03,2.085023121859800696e-08,3.319203307111111371e+03,2.649348406240124021e+01,-1.347325547029672776e+01
1.915000000000000000e+03,7.291654371165909652e+03,0.000000000000000000e+00,7.291654371165909652e+03,2.061500670909784535e-08,3.319203307111111371e+03,2.649348406240159903e+01,-1.347325547035429416e+01
1.916000000000000000e+03,7.291654371165910561e+03,0.000000000000000000e+00,7.291654371165910561e+03,2.038250916787849926e-08,3.319203307111111371e+03,2.649348406240195430e+01,-1.347325547041121219e+01
1.917000000000000000e+03,7.291654371165908742e+03,0.000000000000000000e+00,7.291654371165908742e+03,2.015275040573922233e-08,3.319203307111111371e+03,2.649348406240230247e+01,-1.347325547046748717e+01
1.918000000000000000e+03,7.291654371165910561e+03,0.000000000000000000e+00,7.291654371165910561e+03,1.992552218628892129e-08,3.319203307111111371e+03,2.649348406240264708e+01,-1.347325547052312800e+01
1.919000000000000000e+03,7.291654371165910561e+03,0.000000000000000000e+00,7.291654371165910561e+03,1.970077549786866502e-08,3.319203307111111371e+03,2.649348406240298814e+01,-1.347325547057814177e+01
1.920000000000000000e+03,7.291654371165908742e+03,0.000000000000000000e+00,7.291654371165908742e+03,1.947863122748256315e-08,3.319203307111111371e+03,2.649348406240332565e+01,-1.347325547063253559e+01
1.921000000000000000e+03,7.291654371165910561e+03,0.000000000000000000e+00,7.291654371165910561e+03,1.925912019689551096e-08,3.319203307111111371e+03,2.649348406240365961e+01,-1.347325547068631657e+01
1.922000000000000000e+03,7.291654371165908742e+03,0.000000000000000000e+00,7.291654371165908742e+03,1.904167049815441635e-08,3.319203307111111371e+03,2.649348406240399001e+01,-1.347325547073949004e+01
1.923000000000000000e+03,7.291654371165909652e+03,0.000000000000000000e+00,7.291654371165909652e+03,1.882701162180132525e-08,3.319203307111111371e+03,2.649348406240431686e+01,-1.347325547079206309e+01
1.924000000000000000e+03,7.291654371165909652e+03,0.000000000000000000e+00,7.291654371165909652e+03,1.861470486296133883e-08,3.319203307111111371e+03,2.649348406240464016e+01,-1.347325547084404462e+01
1.925000000000000000e+03,7.291654371165908742e+03,0.000000000000000000e+00,7.291654371165908742e+03,1.840503538611907526e-08,3.319203307111111371e+03,2.649348406240495990e+01,-1.347325547089543996e+01
1.926000000000000000e+03,7.291654371165908742e+03,0.000000000000000000e+00,7.291654371165908742e+03,1.819701954749082987e-08,3.319203307111111371e+03,2.649348406240527609e+01,-1.347325547094625620e+01
1.927000000000000000e+03,7.291654371165909652e+03,0.000000000000000000e+00,7.291654371165909652e+03,1.799216148709901003e-08,3.319203307111111371e+03,2.649348406240558873e+01,-1.347325547099649867e+01
1.928000000000000000e+03,7.291654371165908742e+03,0.000000000000000000e+00,7.291654371165908742e+03,1.778932983143022350e-08,3.319203307111111371e+03,2.649348406240589782e+01,-1.347325547104617449e+01
1.929000000000000000e+03,7.291654371165908742e+03,0.000000000000000000e+00,7.291654371165908742e+03,1.758875403841860592e-08,3.319203307111111371e+03,2.649348406240620335e+01,-1.347325547109529076e+01
1.930000000000000000e+03,7.291654371165910561e+03,0.000000000000000000e+00,7.291654371165910561e+03,1.739028195717967155e-08,3.319203307111111371e+03,2.649348406240650533e+01,-1.347325547114385280e+01
1.931000000000000000e+03,7.291654371165910561e+03,0.000000000000000000e+00,7.291654371165910561e+03,1.719425591141367184e-08,3.319203307111111371e+03,2.649348406240680376e+01,-1.347325547119186773e+01
1.932000000000000000e+03,7.291654371165909652e+03,0.000000000000000000e+00,7.291654371165909652e+03,1.700036054646463831e-08,3.319203307111111371e+03,2.649348406240709863e+01,-1.347325547123934086e+01
1.933000000000000000e+03,7.291654371165908742e+03,0.000000000000000000e+00,7.291654371165908742e+03,1.680855802987935180e-08,3.319203307111111371e+03,2.649348406240738996e+01,-1.347325547128627932e+01
1.934000000000000000e+03,7.291654371165910561e+03,0.000000000000000000e+00,7.291654371165910561e+03,1.661908805140733918e-08,3.319203307111111371e+03,2.649348406240768128e+01,-1.347325547133268664e+01
1.935000000000000000e+03,7.291654371165909652e+03,0.000000000000000000e+00,7.291654371165909652e+03,1.643151146405822744e-08,3.319203307111111371e+03,2.649348406240796550e+01,-1.347325547137857171e+01
1.936000000000000000e+03,7.291654371165910561e+03,0.000000000000000000e+00,7.291654371165910561e+03,1.624630423672594210e-08,3.319203307111111371e+03,2.649348406240824971e+01,-1.347325547142393809e+01
1.937000000000000000e+03,7.291654371165910561e+03,0.000000000000000000e+00,7.291654371165910561e+03,1.606337914634221120e-08,3.319203307111111371e+03,2.649348406240853038e+01,-1.347325547146879465e+01
1.938000000000000000e+03,7.291654371165909652e+03,0.000000000000000000e+00,7.291654371165909652e+03,1.588209518862034408e-08,3.319203307111111371e+03,2.649348406240880749e+01,-1.347325547151314495e+01
1.939000000000000000e+03,7.291654371165909652e+03,0.000000000000000000e+00,7.291654371165909652e+03,1.570305477748156225e-08,3.319203307111111371e+03,2.649348406240908105e+01,-1.347325547155699432e+01
1.940000000000000000e+03,7.291654371165908742e+03,0.000000000000000000e+00,7.291654371165908742e+03,1.552589992570574501e-08,3.319203307111111371e+03,2.649348406240935105e+01,-1.347325547160034986e+01
1.941000000000000000e+03,7.291654371165909652e+03,0.000000000000000000e+00,7.291654371165909652e+03,1.535082440619185706e-08,3.319203307111111371e+03,2.649348406240961751e+01,-1.347325547164321691e+01
1.942000000000000000e+03,7.291654371165908742e+03,0.000000000000000000e+00,7.291654371165908742e+03,1.517777680722550237e-08,3.319203307111111371e+03,2.649348406240988041e+01,-1.347325547168560078e+01
1.943000000000000000e+03,7.291654371165908742e+03,0.000000000000000000e+00,7.291654371165908742e+03,1.500656493489158525e-08,3.319203307111111371e+03,2.649348406241013976e+01,-1.347325547172750682e+01
1.944000000000000000e+03,7.291654371165908742e+03,0.000000000000000000e+00,7.291654371165908742e+03,1.483713883014085383e-08,3.319203307111111371e+03,2.649348406241039555e+01,-1.347325547176894034e+01
1.945000000000000000e+03,7.291654371165910561e+03,0.000000000000000000e+00,7.291654371165910561e+03,1.467000793632501543e-08,3.319203307111111371e+03,2.649348406241065135e+01,-1.347325547180990490e+01
1.946000000000000000e+03,7.291654371165910561e+03,0.000000000000000000e+00,7.291654371165910561e+03,1.450456232355968967e-08,3.319203307111111371e+03,2.649348406241090359e+01,-1.347325547185040762e+01
1.947000000000000000e+03,7.291654371165909652e+03,0.000000000000000000e+00,7.291654371165909652e+03,1.434094934261843748e-08,3.319203307111111371e+03,2.649348406241115228e+01,-1.347325547189045380e+01
1.948000000000000000e+03,7.291654371165909652e+03,0.000000000000000000e+00,7.291654371165909652e+03,1.417928286981704299e-08,3.319203307111111371e+03,2.649348406241139742e+01,-1.347325547193004880e+01
1.949000000000000000e+03,7.291654371165910561e+03,0.000000000000000000e+00,7.291654371165910561e+03,1.401941984921803672e-08,3.319203307111111371e+03,2.649348406241164255e+01,-1.347325547196919793e+01
1.950000000000000000e+03,7.291654371165910561e+03,0.000000000000000000e+00,7.291654371165910561e+03,1.386121773015879082e-08,3.319203307111111371e+03,2.649348406241188414e+01,-1.347325547200790474e+01
1.951000000000000000e+03,7.291654371165909652e+03,0.000000000000000000e+00,7.291654371165909652e+03,1.370499938325843262e-08,3.319203307111111371e+03,2.649348406241212217e+01,-1.347325547204617457e+01
1.952000000000000000e+03,7.291654371165909652e+03,0.000000000000000000e+00,7.291654371165909652e+03,1.355043871677076411e-08,3.319203307111111371e+03,2.649348406241235665e+01,-1.347325547208401453e+01
1.953000000000000000e+03,7.291654371165908742e+03,0.000000000000000000e+00,7.291654371165908742e+03,1.339761790101571581e-08,3.319203307111111371e+03,2.649348406241258758e+01,-1.347325547212142638e+01
1.954000000000000000e+03,7.291654371165910561e+03,0.000000000000000000e+00,7.291654371165910561e+03,1.324650144043617762e-08,3.319203307111111371e+03,2.649348406241281850e+01,-1.347325547215841723e+01
1.955000000000000000e+03,7.291654371165908742e+03,0.000000000000000000e+00,7.291654371165908742e+03,1.309725834946423037e-08,3.319203307111111371e+03,2.649348406241304588e+01,-1.347325547219499065e+01
1.956000000000000000e+03,7.291654371165909652e+03,0.000000000000000000e+00,7.291654371165909652e+03,1.294943072278126941e-08,3.319203307111111371e+03,2.649348406241326970e+01,-1.347325547223115194e+01
1.957000000000000000e+03,7.291654371165910561e+03,0.000000000000000000e+00,7.291654371165910561e+03,1.280345012825515973e-08,3.319203307111111371e+03,2.649348406241349352e+01,-1.347325547226690468e+01
1.958000000000000000e+03,7.291654371165908742e+03,0.000000000000000000e+00,7.291654371165908742e+03,1.265928460725262941e-08,3.319203307111111371e+03,2.649348406241371379e+01,-1.347325547230225418e+01
1.959000000000000000e+03,7.291654371165910561e+03,0.000000000000000000e+00,7.291654371165910561e+03,1.251646772794225000e-08,3.319203307111111371e+03,2.649348406241393050e+01,-1.347325547233720577e+01
1.960000000000000000e+03,7.291654371165910561e+03,0.000000000000000000e+00,7.291654371165910561e+03,1.237517058901479141e-08,3.319203307111111371e+03,2.649348406241414366e+01,-1.347325547237176302e+01
1.961000000000000000e+03,7.291654371165908742e+03,0.000000000000000000e+00,7.291654371165908742e+03,1.223546089729805065e-08,3.319203307111111371e+03,2.649348406241435683e+01,-1.347325547240593124e+01
1.962000000000000000e+03,7.291654371165908742e+03,0.000000000000000000e+00,7.291654371165908742e+03,1.209771002979525452e-08,3.319203307111111371e+03,2.649348406241456644e+01,-1.347325547243971222e+01
1.963000000000000000e+03,7.291654371165909652e+03,0.000000000000000000e+00,7.291654371165909652e+03,1.196140904842953563e-08,3.319203307111111371e+03,2.649348406241477605e+01,-1.347325547247311306e+01
1.964000000000000000e+03,7.291654371165910561e+03,0.000000000000000000e+00,7.291654371165910561e+03,1.182646776164296635e-08,3.319203307111111371e+03,2.649348406241498211e+01,-1.347325547250613909e+01
1.965000000000000000e+03,7.291654371165910561e+03,0.000000000000000000e+00,7.291654371165910561e+03,1.169316299688539854e-08,3.319203307111111371e+03,2.649348406241518461e+01,-1.347325547253879208e+01
1.966000000000000000e+03,7.291654371165908742e+03,0.000000000000000000e+00,7.291654371165908742e+03,1.156128260188577577e-08,3.319203307111111371e+03,2.649348406241538711e+01,-1.347325547257107736e+01
1.967000000000000000e+03,7.291654371165910561e+03,0.000000000000000000e+00,7.291654371165910561e+03,1.143071768991729957e-08,3.319203307111111371e+03,2.649348406241558607e+01,-1.347325547260299849e+01
1.968000000000000000e+03,7.291654371165909652e+03,0.000000000000000000e+00,7.291654371165909652e+03,1.130184008009867590e-08,3.319203307111111371e+03,2.649348406241578147e+01,-1.347325547263455903e+01
1.969000000000000000e+03,7.291654371165908742e+03,0.000000000000000000e+00,7.291654371165908742e+03,1.117459027631816241e-08,3.319203307111111371e+03,2.649348406241597687e+01,-1.347325547266576251e+01
1.970000000000000000e+03,7.291654371165908742e+03,0.000000000000000000e+00,7.291654371165908742e+03,1.104867395598476886e-08,3.319203307111111371e+03,2.649348406241616871e+01,-1.347325547269661605e+01
1.971000000000000000e+03,7.291654371165910561e+03,0.000000000000000000e+00,7.291654371165910561e+03,1.092389583037503223e-08,3.319203307111111371e+03,2.649348406241635701e+01,-1.347325547272712143e+01
1.972000000000000000e+03,7.291654371165910561e+03,0.000000000000000000e+00,7.291654371165910561e+03,1.080069990974960948e-08,3.319203307111111371e+03,2.649348406241654530e+01,-1.347325547275728219e+01
1.973000000000000000e+03,7.291654371165908742e+03,0.000000000000000000e+00,7.291654371165908742e+03,1.067906181459774336e-08,3.319203307111111371e+03,2.649348406241673004e+01,-1.347325547278710189e+01
1.974000000000000000e+03,7.291654371165910561e+03,0.000000000000000000e+00,7.291654371165910561e+03,1.055834527758431881e-08,3.319203307111111371e+03,2.649348406241691478e+01,-1.347325547281658586e+01
1.975000000000000000e+03,7.291654371165910561e+03,0.000000000000000000e+00,7.291654371165910561e+03,1.043914121762807288e-08,3.319203307111111371e+03,2.649348406241709597e+01,-1.347325547284573766e+01
1.976000000000000000e+03,7.291654371165908742e+03,0.000000000000000000e+00,7.291654371165908742e+03,1.032175835765277355e-08,3.319203307111111371e+03,2.649348406241727361e+01,-1.347325547287455905e+01
1.977000000000000000e+03,7.291654371165908742e+03,0.000000000000000000e+00,7.291654371165908742e+03,1.020544295392432430e-08,3.319203307111111371e+03,2.649348406241745124e+01,-1.347325547290305714e+01
1.978000000000000000e+03,7.291654371165909652e+03,0.000000000000000000e+00,7.291654371165909652e+03,1.009029441926638070e-08,3.319203307111111371e+03,2.649348406241762532e+01,-1.347325547293123371e+01
1.979000000000000000e+03,7.291654371165910561e+03,0.000000000000000000e+00,7.291654371165910561e+03,9.976405913726517794e-09,3.319203307111111371e+03,2.649348406241779941e+01,-1.347325547295909232e+01
