x,degree_1,degree_2,degree_3,degree_4,degree_5,degree_6,degree_7,degree_8
-1.483710497613898616e+00,-2.234462756355050761e+00,-3.809971182329278783e+00,-8.457919016032915849e+00,-9.774633666441168600e+00,-1.079047141404839749e+01,-1.097527795190261202e+01,-1.062098913561333902e+01,-1.029991978838569544e+01
-1.478733828683954421e+00,-2.224607766072413728e+00,-3.784039555625694273e+00,-8.338720003155239979e+00,-9.613122685931301703e+00,-1.057798974243795342e+01,-1.075008498858044703e+01,-1.042121387891143769e+01,-1.012917852730151935e+01
-1.473757159754010004e+00,-2.214752775789775807e+00,-3.758162908487861387e+00,-8.220359187291503389e+00,-9.453078774804794193e+00,-1.036820221411691811e+01,-1.052801696044874724e+01,-1.022362212250013513e+01,-9.959258818284967063e+00
-1.468780490824065810e+00,-2.204897785507138774e+00,-3.732341240915784120e+00,-8.102833921232038605e+00,-9.294494383524098069e+00,-1.016108446825727896e+01,-1.030904072866757915e+01,-1.002820351365895846e+01,-9.790192603657430936e+00
-1.463803821894121615e+00,-2.195042795224501742e+00,-3.706574552909460696e+00,-7.986141557767147070e+00,-9.137361979033542525e+00,-9.956612289628736789e+00,-1.009312341199992957e+01,-9.834947571875883199e+00,-9.622010754103673236e+00
-1.458827152964177198e+00,-2.185187804941864265e+00,-3.680862844468889783e+00,-7.870279449687141771e+00,-8.981674044759389020e+00,-9.754761608158773356e+00,-9.880232385531661166e+00,-9.643843692041585314e+00,-9.454743087174712457e+00
-1.453850484034233004e+00,-2.175332814659227232e+00,-3.655206115594073601e+00,-7.755244949782341024e+00,-8.827423080609840156e+00,-9.555508498492699232e+00,-9.670335279394299377e+00,-9.454881147614088377e+00,-9.288418385587499770e+00
-1.448873815104288809e+00,-2.165477824376590199e+00,-3.629604366285011263e+00,-7.641035410843055153e+00,-8.674601602975002379e+00,-9.358829179553616484e+00,-9.463399977490588810e+00,-9.268049093753996104e+00,-9.123064415322707177e+00
-1.443897146174344392e+00,-2.155622834093952278e+00,-3.604057596541701880e+00,-7.527648185659591817e+00,-8.523202144726896634e+00,-9.164700014102471926e+00,-9.259394616223051599e+00,-9.083336570430498469e+00,-8.958707943522103534e+00
-1.438920477244400198e+00,-2.145767843811315245e+00,-3.578565806364146340e+00,-7.415080627022277326e+00,-8.373217255219493893e+00,-8.973097508298106817e+00,-9.058287583225354211e+00,-8.900732505498181624e+00,-8.795374756186754794e+00
-1.433943808314456003e+00,-2.135912853528678212e+00,-3.553128995752345087e+00,-7.303330087721412234e+00,-8.224639500288660088e+00,-8.783998311257223079e+00,-8.860047516096511089e+00,-8.720225717744732208e+00,-8.633089675677435793e+00
-1.428967139384511587e+00,-2.126057863246040291e+00,-3.527747164706295457e+00,-7.192393920547308639e+00,-8.077461462252184532e+00,-8.597379214614420562e+00,-8.664643301138008624e+00,-8.541804919909722571e+00,-8.471876578018555648e+00
-1.423990470454567392e+00,-2.116202872963403259e+00,-3.502420313226001447e+00,-7.082269478290292852e+00,-7.931675739909805678e+00,-8.413217152082284045e+00,-8.472044072093835254e+00,-8.365458721674604803e+00,-8.311758410007037412e+00
-1.419013801524623197e+00,-2.106347882680766226e+00,-3.477148441311461724e+00,-6.972954113740673421e+00,-7.787274948543156050e+00,-8.231489199011301494e+00,-8.282219208893238260e+00,-8.191175632623826530e+00,-8.152757206127239087e+00
-1.414037132594678781e+00,-2.096492892398128749e+00,-3.451931548962674068e+00,-6.864445179688755339e+00,-7.644251719915792442e+00,-8.052172571949949287e+00,-8.095138336396495049e+00,-8.018944065177464608e+00,-7.994894105273555596e+00
-1.409060463664734586e+00,-2.086637902115491716e+00,-3.426769636179641587e+00,-6.756740028924859587e+00,-7.502598702273203024e+00,-7.875244628204715269e+00,-7.910771323143512390e+00,-7.848752337495307430e+00,-7.838189367281778175e+00
-1.404083794734790391e+00,-2.076782911832854239e+00,-3.401662702962362506e+00,-6.649836014239298265e+00,-7.362308560342795793e+00,-7.700682865400093391e+00,-7.729088280105242070e+00,-7.680588676352484434e+00,-7.682662389270588754e+00
-1.399107125804846197e+00,-2.066927921550217206e+00,-3.376610749310836823e+00,-6.543730488422383473e+00,-7.223373975333894137e+00,-7.528464921038620083e+00,-7.550059559438032863e+00,-7.514441219986874643e+00,-7.528331721794581988e+00
-1.394130456874901780e+00,-2.057072931267579730e+00,-3.351613775225064540e+00,-6.438420804264424646e+00,-7.085787644937739493e+00,-7.358568572060894653e+00,-7.373655753240811350e+00,-7.350298020918285324e+00,-7.375215084810005983e+00
-1.389153787944957585e+00,-2.047217940984942697e+00,-3.326671780705046544e+00,-6.333904314555741877e+00,-6.949542283327518888e+00,-7.190971734405616544e+00,-7.199847692315177738e+00,-7.188147048739613965e+00,-7.223329383454607289e+00
-1.384177119015013391e+00,-2.037362950702305220e+00,-3.301784765750781503e+00,-6.230178372086641048e+00,-6.814630621158310753e+00,-7.025652462569571988e+00,-7.028606444928290564e+00,-7.027976192879982875e+00,-7.072690723642808486e+00
-1.379200450085068974e+00,-2.027507960419667743e+00,-3.276952730362269861e+00,-6.127240329647439587e+00,-6.681045405567132889e+00,-6.862588949167692576e+00,-6.859903315578714356e+00,-6.869773265340096025e+00,-6.923314427477598620e+00
-1.374223781155124779e+00,-2.017652970137030710e+00,-3.252175674539513395e+00,-6.025087540028454924e+00,-6.548779400172930032e+00,-6.701759524493062337e+00,-6.693709843765077494e+00,-6.713526003399819864e+00,-6.775215048480341729e+00
-1.369247112225180585e+00,-2.007797979854393677e+00,-3.227453598282510328e+00,-5.923717356019994718e+00,-6.417825385076549871e+00,-6.543142656076927466e+00,-6.529997802757597114e+00,-6.559222072298132034e+00,-6.628406386639807302e+00
-1.364270443295236168e+00,-1.997942989571755756e+00,-3.202786501591259327e+00,-5.823127130412369290e+00,-6.288176156860767918e+00,-6.386716948248727377e+00,-6.368739198372512789e+00,-6.406849067885580951e+00,-6.482901503281772726e+00
-1.359293774365291974e+00,-1.988087999289118724e+00,-3.178174384465764390e+00,-5.723314215995898735e+00,-6.159824528590293724e+00,-6.232461141696142626e+00,-6.209906267749374820e+00,-6.256394519249349528e+00,-6.338712735760394956e+00
-1.354317105435347779e+00,-1.978233009006481691e+00,-3.153617246906022409e+00,-5.624275965560896040e+00,-6.032763329811746011e+00,-6.080354113025070006e+00,-6.053471478131170258e+00,-6.107845891310973663e+00,-6.195851711972615306e+00
-1.349340436505403362e+00,-1.968378018723844214e+00,-3.129115088912032938e+00,-5.526009731897666200e+00,-5.906985406553662443e+00,-5.930374874319670475e+00,-5.899407525647355932e+00,-5.961190587396920648e+00,-6.054329364696953597e+00
-1.344363767575459168e+00,-1.958523028441207181e+00,-3.104667910483798643e+00,-5.428512867796531971e+00,-5.782483621326519163e+00,-5.782502572702407306e+00,-5.747687334099762069e+00,-5.816415951782109239e+00,-5.914155945757885391e+00
-1.339387098645514973e+00,-1.948668038158569704e+00,-3.080275711621316859e+00,-5.331782726047797460e+00,-5.659250853122694380e+00,-5.636716489894023852e+00,-5.598284053751320322e+00,-5.673509272206400667e+00,-5.775341040017044847e+00
-1.334410429715570556e+00,-1.938813047875932227e+00,-3.055938492324588474e+00,-5.235816659441779208e+00,-5.537279997416497679e+00,-5.492996041773612781e+00,-5.451171060117727230e+00,-5.532457782364331500e+00,-5.637893579192605031e+00
-1.329433760785626362e+00,-1.928958057593295194e+00,-3.031656252593615264e+00,-5.140612020768797308e+00,-5.416563966164168242e+00,-5.351320777938613382e+00,-5.306321952761928529e+00,-5.393248664368024414e+00,-5.501821855507968984e+00
-1.324457091855682167e+00,-1.919103067310657718e+00,-3.007428992428395897e+00,-5.046166162819159418e+00,-5.297095687803852648e+00,-5.211670381264821295e+00,-5.163710554091469618e+00,-5.255869051183509555e+00,-5.367133535171086045e+00
-1.319480422925737750e+00,-1.909248077028020241e+00,-2.983256711828928598e+00,-4.952476438383174084e+00,-5.178868107255619080e+00,-5.074024667466436433e+00,-5.023310908158758359e+00,-5.120306029040524010e+00,-5.233835671685644009e+00
-1.314503753995793556e+00,-1.899393086745383208e+00,-2.959139410795216474e+00,-4.859540200251162290e+00,-5.061874185921472424e+00,-4.938363584656079830e+00,-4.885097279464171827e+00,-4.986546639815922610e+00,-5.101934718995354778e+00
-1.309527085065849361e+00,-1.889538096462746175e+00,-2.935077089327257749e+00,-4.767354801213435245e+00,-4.946106901685324964e+00,-4.804667212904803364e+00,-4.749044151762012334e+00,-4.854577883390734705e+00,-4.971436544462533469e+00
-1.304550416135905166e+00,-1.879683106180109142e+00,-2.911069747425052867e+00,-4.675917594060304161e+00,-4.831559248913015914e+00,-4.672915763802118150e+00,-4.615126226869367798e+00,-4.724386719981088056e+00,-4.842346441682269464e+00
-1.299573747205960750e+00,-1.869828115897471665e+00,-2.887117385088600496e+00,-4.585225931582079362e+00,-4.718224238452302544e+00,-4.543089580016015816e+00,-4.483318423477822279e+00,-4.595960072443046940e+00,-4.714669143133368046e+00
-1.294597078276016555e+00,-1.859973125614834188e+00,-2.863220002317901969e+00,-4.495277166569079164e+00,-4.606094897632869056e+00,-4.415169134852998667e+00,-4.353595875968053974e+00,-4.469284828551472799e+00,-4.588408832667318471e+00
-1.289620409346072361e+00,-1.850118135332197156e+00,-2.839377599112958617e+00,-4.406068651811615666e+00,-4.495164270266323925e+00,-4.289135031818096522e+00,-4.225933933227277173e+00,-4.344347843253040686e+00,-4.463569157836450252e+00
-1.284643740416127944e+00,-1.840263145049559235e+00,-2.815590175473767331e+00,-4.317597740099999193e+00,-4.385425416646185681e+00,-4.164968004174872007e+00,-4.100308157469557457e+00,-4.221135940893491423e+00,-4.340153242062538830e+00
-1.279667071486183749e+00,-1.830408154766922202e+00,-2.791857731400331666e+00,-4.229861784224549837e+00,-4.276871413547906897e+00,-4.042648914505478253e+00,-3.976694323059029479e+00,-4.099635917419299780e+00,-4.218163696647084571e+00
-1.274690402556239555e+00,-1.820553164484285169e+00,-2.768180266892648955e+00,-4.142858136975575256e+00,-4.169495354228854644e+00,-3.922158754270644199e+00,-3.855068415335940912e+00,-3.979834542553762677e+00,-4.097602632624398389e+00
-1.269713733626295138e+00,-1.810698174201647692e+00,-2.744557781950719200e+00,-4.056584151143384886e+00,-4.063290348428313159e+00,-3.803478643369712309e+00,-3.735406629445582105e+00,-3.861718561947713457e+00,-3.978471672458756547e+00
-1.264737064696350943e+00,-1.800843183919010659e+00,-2.720990276574543731e+00,-3.971037179518301485e+00,-3.958249522367504269e+00,-3.686589829700677168e+00,-3.617685369170118292e+00,-3.745274699304943056e+00,-3.860771961586832557e+00
-1.259760395766406749e+00,-1.790988193636373627e+00,-2.697477750764122106e+00,-3.886214574890632711e+00,-3.854366018749558531e+00,-3.571473688720174344e+00,-3.501881245763219574e+00,-3.630489658482383142e+00,-3.744504179806493305e+00
-1.254783726836462332e+00,-1.781133203353735706e+00,-2.674020204519452548e+00,-3.802113690050686223e+00,-3.751632996759519667e+00,-3.458111723003519433e+00,-3.387971076787621882e+00,-3.517350125565262609e+00,-3.629668552513291235e+00
-1.249807057906518137e+00,-1.771278213071098673e+00,-2.650617637840538166e+00,-3.718731877788788331e+00,-3.650043632064383647e+00,-3.346485561804751541e+00,-3.275931884955562978e+00,-3.405842770917292928e+00,-3.516264861785760143e+00
-1.244830388976573943e+00,-1.761423222788461196e+00,-2.627270050727378070e+00,-3.636066490895243142e+00,-3.549591116813039626e+00,-3.236576960616611931e+00,-3.165740896972006446e+00,-3.295954251205938768e+00,-3.404292457320629239e+00
-1.239853720046629526e+00,-1.751568232505823719e+00,-2.603977443179970486e+00,-3.554114882160364530e+00,-3.450268659636303692e+00,-3.128367800730586623e+00,-3.057375542380830424e+00,-3.187671211403008353e+00,-3.293750267219288652e+00
-1.234877051116685331e+00,-1.741713242223186686e+00,-2.580739815198317189e+00,-3.472874404374469037e+00,-3.352069485646928193e+00,-3.021840088796950319e+00,-2.950813452413850513e+00,-3.080980286760590214e+00,-3.184636808626552629e+00
-1.229900382186741137e+00,-1.731858251940549653e+00,-2.557557166782418179e+00,-3.392342410327866986e+00,-3.254986836439569320e+00,-2.916975956384745494e+00,-2.846032458842679524e+00,-2.975868104762434907e+00,-3.076950198222900390e+00
-1.224923713256796720e+00,-1.722003261657912176e+00,-2.534429497932271236e+00,-3.312516252810870476e+00,-3.159013970090811529e+00,-2.813757659541835210e+00,-2.743010592833503125e+00,-2.872321287050958016e+00,-2.970688162571422541e+00
-1.219947044326852525e+00,-1.712148271375275144e+00,-2.511356808647879912e+00,-3.233393284613797380e+00,-3.064144161159167989e+00,-2.712167578354922615e+00,-2.641726083804714520e+00,-2.770326451329935047e+00,-2.865848048320574382e+00
-1.214970375396908331e+00,-1.702293281092638111e+00,-2.488339098929241544e+00,-3.154970858526957134e+00,-2.970370700685062371e+00,-2.612188216509558458e+00,-2.542157358287393087e+00,-2.669870213242974799e+00,-2.762426832263878751e+00
-1.209993706466963914e+00,-1.692438290810000190e+00,-2.465376368776355687e+00,-3.077246327340658283e+00,-2.877686896190840837e+00,-2.513802200850166813e+00,-2.444283038788675810e+00,-2.570939188227939098e+00,-2.660421131257786342e+00
-1.205017037537019720e+00,-1.682583300527362713e+00,-2.442468618189224561e+00,-3.000217043845227138e+00,-2.786086071680786702e+00,-2.416992280940092108e+00,-2.348081942658016175e+00,-2.473519993347405244e+00,-2.559827211998811247e+00
-1.200040368607075525e+00,-1.672728310244725680e+00,-2.419615847167847278e+00,-2.923880360830966918e+00,-2.695561567641088896e+00,-2.321741328621581779e+00,-2.253533080956250600e+00,-2.377599249095207146e+00,-2.460641000661033306e+00
-1.195063699677131108e+00,-1.662873319962088203e+00,-2.396818055712223394e+00,-2.848233631088191498e+00,-2.606106741039856622e+00,-2.228032337575830191e+00,-2.160615657327595862e+00,-2.283163581179290080e+00,-2.362858092395188070e+00
-1.190087030747186914e+00,-1.653018329679451170e+00,-2.374075243822353798e+00,-2.773274207407217418e+00,-2.517714965327134458e+00,-2.135848422883005249e+00,-2.069309066874501113e+00,-2.190199622280905256e+00,-2.266473760690441708e+00
-1.185110361817242719e+00,-1.643163339396814138e+00,-2.351387411498238045e+00,-2.698999442578356334e+00,-2.430379630434878813e+00,-2.045172820582257245e+00,-1.979592895035339417e+00,-2.098694013790252111e+00,-2.171482966599931785e+00
-1.180133692887298302e+00,-1.633308349114176661e+00,-2.328754558739874803e+00,-2.625406689391919013e+00,-2.344094142776965928e+00,-1.955988887231743689e+00,-1.891446916465003181e+00,-2.008633407518740199e+00,-2.077880367831293817e+00
-1.175157023957354108e+00,-1.623453358831539628e+00,-2.306176685547266736e+00,-2.552493300638222884e+00,-2.258851925249202974e+00,-1.868280099468664357e+00,-1.804851093918368399e+00,-1.920004467387930625e+00,-1.985660327703215433e+00
-1.170180355027409913e+00,-1.613598368548902151e+00,-2.283653791920411624e+00,-2.480256629107578270e+00,-2.174646417229312512e+00,-1.782030053569263472e+00,-1.719785577136589749e+00,-1.832793871095258487e+00,-1.894816923969144806e+00
-1.165203686097465496e+00,-1.603743378266264674e+00,-2.261185877859309024e+00,-2.408694027590295050e+00,-2.091471074576930711e+00,-1.697222465008856762e+00,-1.636230701736310245e+00,-1.746988311756703993e+00,-1.805343957509308428e+00
-1.160227017167521302e+00,-1.593888387983627197e+00,-2.238772943363961598e+00,-2.337802848876695538e+00,-2.009319369633639329e+00,-1.613841168021880268e+00,-1.554166988101733704e+00,-1.662574499526487060e+00,-1.717234960892125795e+00
-1.155250348237577107e+00,-1.584033397700990164e+00,-2.216414988434367572e+00,-2.267580445757087837e+00,-1.928184791222921302e+00,-1.531870115161868551e+00,-1.473575140279525630e+00,-1.579539163193854678e+00,-1.630483206806055740e+00
-1.150273679307632690e+00,-1.574178407418352688e+00,-2.194112013070526945e+00,-2.198024171021781825e+00,-1.848060844650181167e+00,-1.451293376861502615e+00,-1.394436044876630199e+00,-1.497869051757167114e+00,-1.545081716363094548e+00
-1.145297010377688496e+00,-1.564323417135715655e+00,-2.171864017272440606e+00,-2.129131377461098040e+00,-1.768941051702757727e+00,-1.372095140992635187e+00,-1.316730769960949399e+00,-1.417550935975323556e+00,-1.461023267274945026e+00
-1.140320341447744301e+00,-1.554468426853078622e+00,-2.149671001040108553e+00,-2.060899417865344141e+00,-1.690818950649901620e+00,-1.294259712426297781e+00,-1.240440563964863241e+00,-1.338571609896638925e+00,-1.378300401902929906e+00
-1.135343672517799885e+00,-1.544613436570441145e+00,-2.127532964373528568e+00,-1.993325645024831116e+00,-1.613688096242784420e+00,-1.217771512592729088e+00,-1.165546854591644976e+00,-1.260917892365321702e+00,-1.296905435182799549e+00
-1.130367003587855690e+00,-1.534758446287803668e+00,-2.105449907272703314e+00,-1.926407411729880170e+00,-1.537542059714510190e+00,-1.142615079041406911e+00,-1.092031247724752241e+00,-1.184576628505643381e+00,-1.216830462425477988e+00
-1.125390334657911495e+00,-1.524903456005166635e+00,-2.083421829737631903e+00,-1.860142070770798295e+00,-1.462374428780094160e+00,-1.068775065001052571e+00,-1.019875526339951488e+00,-1.109534691183878818e+00,-1.138067366994804264e+00
-1.120413665727967079e+00,-1.515048465722528714e+00,-2.061448731768312559e+00,-1.794526974937897146e+00,-1.388178807636468726e+00,-9.962362389396584028e-01,-9.490616494203498732e-01,-1.035778982448191110e+00,-1.060607827863394581e+00
-1.115436996798022884e+00,-1.505193475439891682e+00,-2.039530613364748834e+00,-1.729559477021497038e+00,-1.314948816962510758e+00,-9.249834841245303529e-01,-8.795717508742915136e-01,-9.632964349465378273e-01,-9.844433270476747877e-01
-1.110460327868078689e+00,-1.495338485157254649e+00,-2.017667474526938065e+00,-1.665236929811907185e+00,-1.242678093918994531e+00,-8.550017981822737312e-01,-8.113881384560883703e-01,-8.920740133226677804e-01,-9.095651569230917000e-01
-1.105483658938134495e+00,-1.485483494874617616e+00,-1.995859315254881583e+00,-1.601556686099441240e+00,-1.171360292148627025e+00,-7.862762926588429124e-01,-7.444932926896616898e-01,-8.220987155904134758e-01,-8.359644274206692316e-01
-1.100506990008190078e+00,-1.475628504591980139e+00,-1.974106135548578056e+00,-1.538516098674408861e+00,-1.100989081776031941e+00,-7.187921925795488498e-01,-6.788698657950322790e-01,-7.533575744863082457e-01,-7.636320731058771072e-01
-1.095530321078245883e+00,-1.465773514309343106e+00,-1.952407935408028816e+00,-1.476112520327129918e+00,-1.031558149407763025e+00,-6.525348360090950095e-01,-6.145006806176964709e-01,-6.858376588006853680e-01,-6.925588601409183864e-01
-1.090553652148301689e+00,-1.455918524026705629e+00,-1.930764714833233420e+00,-1.414343303847912292e+00,-9.630611981322880766e-01,-5.874896736115853280e-01,-5.513687295608415972e-01,-6.195260746873281210e-01,-6.227353931314301150e-01
-1.085576983218357494e+00,-1.446063533744068597e+00,-1.909176473824191644e+00,-1.353205802027072302e+00,-8.954919475199976109e-01,-5.236422682105508208e-01,-4.894571735204635843e-01,-5.544099669518316453e-01,-5.541521218587102116e-01
-1.080600314288413077e+00,-1.436208543461431120e+00,-1.887643212380902824e+00,-1.292697367654917606e+00,-8.288441336232035273e-01,-4.609782943489744156e-01,-4.287493408233316039e-01,-4.904765203187489986e-01,-4.867993478984452560e-01
-1.075623645358468883e+00,-1.426353553178794087e+00,-1.866164930503368513e+00,-1.232815353521769630e+00,-7.631115089761453252e-01,-3.994835378493140077e-01,-3.692287261678393051e-01,-4.277129606776551851e-01,-4.206672311270250320e-01
-1.070646976428524688e+00,-1.416498562896157054e+00,-1.844741628191587601e+00,-1.173557112417935144e+00,-6.982878425949778922e-01,-3.391438953735188555e-01,-3.108789895677093185e-01,-3.661065563082115393e-01,-3.557457961164255944e-01
-1.065670307498580271e+00,-1.406643572613519133e+00,-1.823373305445559200e+00,-1.114919997133726248e+00,-6.343669199777745016e-01,-2.799453739830490839e-01,-2.536839552985727941e-01,-3.056446190843737920e-01,-2.920249384187335595e-01
-1.060693638568636077e+00,-1.396788582330882100e+00,-1.802059962265285975e+00,-1.056901360459464811e+00,-5.713425431045457970e-01,-2.218740906989182804e-01,-1.976276108474381843e-01,-2.463145056578548431e-01,-2.294944307413260276e-01
-1.055716969638691882e+00,-1.386933592048245067e+00,-1.780801598650766815e+00,-9.994985551854569383e-01,-5.092085304372065968e-01,-1.649162720616859090e-01,-1.426941058649857652e-01,-1.881036186208921990e-01,-1.681439290136692022e-01
-1.050740300708747466e+00,-1.377078601765607146e+00,-1.759598214601999722e+00,-9.427089341020153945e-01,-4.479587169195989871e-01,-1.090582536914950218e-01,-8.886775112077271999e-02,-1.309994076485242465e-01,-1.079629783468395443e-01
-1.045763631778803271e+00,-1.367223611482970114e+00,-1.738449810118988026e+00,-8.865298499994578307e-01,-3.875869539774939865e-01,-5.428647984810197613e-02,-3.613301746129682357e-02,-7.498937062042343449e-02,-4.894101888671801431e-02
-1.040786962848859076e+00,-1.357368621200333081e+00,-1.717356385201729507e+00,-8.309586556680947922e-01,-3.280871095185736164e-01,-5.875029908803952594e-04,1.552546522908748727e-02,-2.006105472239838594e-02,8.932608438139422180e-03
-1.035810293918914660e+00,-1.347513630917695604e+00,-1.696317939850223944e+00,-7.759927038982374903e-01,-2.694530679324455003e-01,5.205201666114644965e-02,6.612290906436424365e-02,3.379794247229372939e-02,6.566865627291816609e-02
-1.030833624988970465e+00,-1.337658640635058571e+00,-1.675334474064473111e+00,-7.216293474802040198e-01,-2.116787300906435854e-01,1.036453115692781424e-01,1.156743691901822579e-01,8.659997194172730506e-02,1.212779652962701488e-01
-1.025856956059026270e+00,-1.327803650352421538e+00,-1.654405987844475678e+00,-6.678659392043031495e-01,-1.547580133466163466e-01,1.542055073151313849e-01,1.641947448143286081e-01,1.383573321740939610e-01,1.757714587823734353e-01
-1.020880287129081854e+00,-1.317948660069783617e+00,-1.633532481190230534e+00,-6.146998318608472012e-01,-9.868485153573566815e-02,2.037456230406067270e-01,2.116987802343177627e-01,1.890822681463438792e-01,2.291601372643012613e-01
-1.015903618199137659e+00,-1.308093669787146585e+00,-1.612713954101740788e+00,-5.621283782401553797e-01,-4.345319497530235331e-02,2.522785718878588490e-01,2.582010658621052279e-01,2.387869703225822260e-01,2.814550732977276759e-01
-1.010926949269193464e+00,-1.298238679504509552e+00,-1.591950406579004662e+00,-5.101489311325366760e-01,1.094298953547057432e-02,2.998171614392961537e-01,3.037160392459588021e-01,2.874835736721531587e-01,3.326674063240281920e-01
-1.005950280339249048e+00,-1.288383689221871631e+00,-1.571241838622020603e+00,-4.587588433283014133e-01,6.450971871544862457e-02,3.463740941575443877e-01,3.482579860894359225e-01,3.351841567072330053e-01,3.828083376317327202e-01
-1.000973611409304853e+00,-1.278528698939234598e+00,-1.550588250230791720e+00,-4.079554676177696848e-01,1.172529928015630940e-01,3.919619678254187001e-01,3.918410412674864229e-01,3.819007405398526234e-01,4.318891254153973125e-01
-9.959969424793605475e-01,-1.268673708656597121e+00,-1.529989641405316902e+00,-3.577361567912520357e-01,1.691787955488369133e-01,4.365932759859196821e-01,4.344791898397193375e-01,4.276452879582747779e-01,4.799210799309507891e-01
-9.910202735494162418e-01,-1.258818718373959644e+00,-1.509446012145594818e+00,-3.080982636390579010e-01,2.202930942303696904e-01,4.802804083821987646e-01,4.761862680607689136e-01,4.724297025225436819e-01,5.269155587464916524e-01
-9.860436046194720472e-01,-1.248963728091322611e+00,-1.488957362451627242e+00,-2.590391409515053756e-01,2.706018396373314761e-01,5.230356513975347177e-01,5.169759643877944733e-01,5.162658276791461942e-01,5.728839620876216010e-01
-9.810669356895277415e-01,-1.239108737808685134e+00,-1.468523692323412400e+00,-2.105561415189036722e-01,3.201109660789800970e-01,5.648711884953250273e-01,5.568618204851321085e-01,5.591654458946743178e-01,6.178377282763619638e-01
-9.760902667595835469e-01,-1.229253747526048102e+00,-1.448145001760952288e+00,-1.626466181315695536e-01,3.688263913826428375e-01,6.057991006590437433e-01,5.958572322260473619e-01,6.011402778083376752e-01,6.617883292626600689e-01
-9.711135978296392413e-01,-1.219398757243411069e+00,-1.427821290764245798e+00,-1.153079235798155633e-01,4.167540168937319267e-01,6.458313668322386292e-01,6.339754506916468468e-01,6.422019814032712270e-01,7.047472662476004235e-01
-9.661369288996949356e-01,-1.209543766960773592e+00,-1.407552559333292264e+00,-6.853741065395069221e-02,4.638997274757375444e-01,6.849798643585016666e-01,6.712295831668995127e-01,6.823621511964800268e-01,7.467260653973247786e-01
-9.611602599697507410e-01,-1.199688776678136559e+00,-1.387338807468093238e+00,-2.233243214429370127e-02,5.102693915102235467e-01,7.232563694214386718e-01,7.076325941337928693e-01,7.216323174473291413e-01,7.877362736467443671e-01
-9.561835910398064353e-01,-1.189833786395498638e+00,-1.367180035168647168e+00,2.330965915884641859e-02,5.558688608968378464e-01,7.606725574846640026e-01,7.431973062616328285e-01,7.600239453844839232e-01,8.277894545921307135e-01
-9.512069221098621297e-01,-1.179978796112861605e+00,-1.347076242434955162e+00,6.839151046515357102e-02,6.007039710533006449e-01,7.972400037317630694e-01,7.779364013944529699e-01,7.975484344511509782e-01,8.668971844716086839e-01
-9.462302531799179350e-01,-1.170123805830224573e+00,-1.327027429267017444e+00,1.129157689843158785e-01,6.447805409154157008e-01,8.329701835062806037e-01,8.118624215355745299e-01,8.342171175685537676e-01,9.050710482326771444e-01
-9.412535842499736294e-01,-1.160268815547587096e+00,-1.307033595664832459e+00,1.568850819260205753e-01,6.881043729370638351e-01,8.678744727516949364e-01,8.449877698292826977e-01,8.700412604174959652e-01,9.423226356857991037e-01
-9.362769153200294348e-01,-1.150413825264950063e+00,-1.287094741628401984e+00,2.003020964999533415e-01,7.306812530902015990e-01,9.019641484513931662e-01,8.773247115396356488e-01,9.050320607379164217e-01,9.786635377431563976e-01
-9.313002463900851291e-01,-1.140558834982312586e+00,-1.267210867157724241e+00,2.431694599158040759e-01,7.725169508648687122e-01,9.352503890686565402e-01,9.088853750264154208e-01,9.392006476463377052e-01,1.014105342741673965e+00
-9.263235774601408234e-01,-1.130703844699675553e+00,-1.247381972252801230e+00,2.854898193832546838e-01,8.136172192691761840e-01,9.677442749866276284e-01,9.396817527181913210e-01,9.725580809710648866e-01,1.048659632849367807e+00
-9.213469085301966288e-01,-1.120848854417038076e+00,-1.227608056913631618e+00,3.272658221119943978e-01,8.539877948293200793e-01,9.994567889483005896e-01,9.697257020825302831e-01,1.005115350605063185e+00,1.082337980554152645e+00
-9.163702396002523232e-01,-1.110993864134400599e+00,-1.207889121140215183e+00,3.685001153117117845e-01,8.936343975895724157e-01,1.030398816496491676e+00,9.990289465933284152e-01,1.036883375876370472e+00,1.115151945234184039e+00
-9.113935706703080175e-01,-1.101138873851763123e+00,-1.188225164932552369e+00,4.091953461920927460e-01,9.325627311122838270e-01,1.060581146413816622e+00,1.027603076695272621e+00,1.067873004935949721e+00,1.147113069808838315e+00
-9.064169017403638229e-01,-1.091283883569126090e+00,-1.168616188290644287e+00,4.493541619628209638e-01,9.707784824778800115e-01,1.090014471162670917e+00,1.055459550765435850e+00,1.098095014162870697e+00,1.178232877469461481e+00
-9.014402328104195172e-01,-1.081428893286489057e+00,-1.149062191214489825e+00,4.889792098335865589e-01,1.008287322284869614e+00,1.118709387325210525e+00,1.082609696072010408e+00,1.127560107586712324e+00,1.208522868488979718e+00
-8.964635638804752116e-01,-1.071573903003851580e+00,-1.129563173704088097e+00,5.280731370140766545e-01,1.045094904649839451e+00,1.146676396043325497e+00,1.109064709730152476e+00,1.156278916327059925e+00,1.237994517109489934e+00
-8.914868949505310169e-01,-1.061718912721214547e+00,-1.110119135759441100e+00,5.666385907139751543e-01,1.081206867207449740e+00,1.173925903458617581e+00,1.134835659654975126e+00,1.184261998050001985e+00,1.266659268506958647e+00
-8.865102260205867113e-01,-1.051863922438577070e+00,-1.090730077380546836e+00,6.046782181429727343e-01,1.116628831110445308e+00,1.200468221152383386e+00,1.159933485511664975e+00,1.211519836441516507e+00,1.294528535832159655e+00
-8.815335570906424056e-01,-1.042008932155939593e+00,-1.071395998567407082e+00,6.421946665107525209e-01,1.151366401029643383e+00,1.226313566585585324e+00,1.184368999662724686e+00,1.238062840697617073e+00,1.321613697326957215e+00
-8.765568881606982110e-01,-1.032153941873302561e+00,-1.052116899320020948e+00,6.791905830270030808e-01,1.185425165153944915e+00,1.251472063538836332e+00,1.208152888112357992e+00,1.263901345031178902e+00,1.347926093515102952e+00
-8.715802192307539054e-01,-1.022298951590665084e+00,-1.032892779638387992e+00,7.156686149014123144e-01,1.218810695190327253e+00,1.275953742552375481e+00,1.231295711447974117e+00,1.289045608195300563e+00,1.373477024466652541e+00
-8.666035503008097107e-01,-1.012443961308028051e+00,-1.013723639522509323e+00,7.516314093436650134e-01,1.251528546363843031e+00,1.299768541366041363e+00,1.253807905778824949e+00,1.313505813023113422e+00,1.398277747135159954e+00
-8.616268813708654051e-01,-1.002588971025390574e+00,-9.946094789723836094e-01,7.870816135634499666e-01,1.283584257417628161e+00,1.322926305359259258e+00,1.275699783671778942e+00,1.337292065983925804e+00,1.422339472766804835e+00
-8.566502124409210994e-01,-9.927339807427532081e-01,-9.755502979880121828e-01,8.220218747704520768e-01,1.314983350612893842e+00,1.345436787991008742e+00,1.296981535084216652e+00,1.360414396755575295e+00,1.445673364380578363e+00
-8.516735435109769048e-01,-9.828789904601161753e-01,-9.565460965693944884e-01,8.564548401743586892e-01,1.345731331728929225e+00,1.367309651239809742e+00,1.317663228294065014e+00,1.382882757812901264e+00,1.468290534318710483e+00
-8.466968745810325991e-01,-9.730240001774789205e-01,-9.375968747165304151e-01,8.903831569848572602e-01,1.375833690063104298e+00,1.388554466043698365e+00,1.337754810826955687e+00,1.404707024032209484e+00,1.490202041866479421e+00
-8.417202056510882935e-01,-9.631690098948414436e-01,-9.187026324294199631e-01,9.238094724116346912e-01,1.405295898430865220e+00,1.409180712740203401e+00,1.357266110380517921e+00,1.425896992311622036e+00,1.511418890940573467e+00
-8.367435367211440989e-01,-9.533140196122041887e-01,-8.998633697080632432e-01,9.567364336643775502e-01,1.434123413165738770e+00,1.429197781506323928e+00,1.376206835745799495e+00,1.446462381207210823e+00,1.531952027845173259e+00
-8.317668677911997932e-01,-9.434590293295669339e-01,-8.810790865524602555e-01,9.891666879527724054e-01,1.462321674119326120e+00,1.448614972798510259e+00,1.394586577725819065e+00,1.466412830584786997e+00,1.551812339094927662e+00
-8.267901988612554876e-01,-9.336040390469296790e-01,-8.623497829626110001e-01,1.021102882486506047e+00,1.489896104661310616e+00,1.467441497792638661e+00,1.412414810051252356e+00,1.485757901287257488e+00,1.571010649303995255e+00
-8.218135299313112929e-01,-9.237490487642924242e-01,-8.436754589385155878e-01,1.052547664475265599e+00,1.516852111679452220e+00,1.485686478823992518e+00,1.429700890293239990e+00,1.504507074817412526e+00,1.589557719140336278e+00
-8.168368610013669873e-01,-9.138940584816549473e-01,-8.250561144801735747e-01,1.083503681128738183e+00,1.543195085579590842e+00,1.503358949827237501e+00,1.446454060773337602e+00,1.522669753036059337e+00,1.607464243344440158e+00
-8.118601920714227926e-01,-9.040390681990179145e-01,-8.064917495875855158e-01,1.113973579656609703e+00,1.568930400285641902e+00,1.520467856776400062e+00,1.462683449470584041e+00,1.540255257875367434e+00,1.624740848811670135e+00
-8.068835231414784870e-01,-8.941840779163806596e-01,-7.879823642607510781e-01,1.143960007268568058e+00,1.594063413239600768e+00,1.537022058124848822e+00,1.478398070925713625e+00,1.557272831067334939e+00,1.641398092737430092e+00
-8.019068542115341813e-01,-8.843290876337431827e-01,-7.695279584996702615e-01,1.173465611174298928e+00,1.618599465401541426e+00,1.553030325245266852e+00,1.493606827142484939e+00,1.573731633887250236e+00,1.657446460824343770e+00
-7.969301852815899867e-01,-8.744740973511061499e-01,-7.511285323043436213e-01,1.202493038583489771e+00,1.642543881249616256e+00,1.568501342869633941e+00,1.508318508486151011e+00,1.589640746912047042e+00,1.672896365550644582e+00
-7.919535163516456810e-01,-8.646191070684686730e-01,-7.327840856747699361e-01,1.231044936705828485e+00,1.665901968780056031e+00,1.583443709529203991e+00,1.522541794579055807e+00,1.605009169793439661e+00,1.687758144498995971e+00
-7.869768474217013754e-01,-8.547641167858314182e-01,-7.144946186109503161e-01,1.259123952751000308e+00,1.688679019507168144e+00,1.597865937994481289e+00,1.536285255193357457e+00,1.619845821045722722e+00,1.702042058744932085e+00
-7.820001784917571808e-01,-8.449091265031941633e-01,-6.962601311128846504e-01,1.286732733928692030e+00,1.710880308463339938e+00,1.611776455715198342e+00,1.549557351140890882e+00,1.634159537848137056e+00,1.715758291304155359e+00
-7.770235095618128751e-01,-8.350541362205569085e-01,-6.780806231805723838e-01,1.313873927448591772e+00,1.732511094199037593e+00,1.625183605260299258e+00,1.562366435160154499e+00,1.647959075861676670e+00,1.728916945637892333e+00
-7.720468406318685695e-01,-8.251991459379194316e-01,-6.599560948140135164e-01,1.340550180520385659e+00,1.753576618782804353e+00,1.638095644757908698e+00,1.574720752800424783e+00,1.661253109060234934e+00,1.741528044215539195e+00
-7.670701717019243748e-01,-8.153441556552823988e-01,-6.418865460132090472e-01,1.366764140353759815e+00,1.774082107801261632e+00,1.650520748335317478e+00,1.586628443303011338e+00,1.674050229575975379e+00,1.753601527133820337e+00
-7.620935027719800692e-01,-8.054891653726449219e-01,-6.238719767781579773e-01,1.392518454158402363e+00,1.794032770359110129e+00,1.662467006558956406e+00,1.598097540479632928e+00,1.686358947558822319e+00,1.765147250791699207e+00
-7.571168338420357635e-01,-7.956341750900076670e-01,-6.059123871088606395e-01,1.417815769143999205e+00,1.813433799079129827e+00,1.673942426874377443e+00,1.609135973587929147e+00,1.698187691049951376e+00,1.776174986620262297e+00
-7.521401649120915689e-01,-7.857791848073706342e-01,-5.880077770053171449e-01,1.442658732520237130e+00,1.832290370102175547e+00,1.684954934046228647e+00,1.619751568204098824e+00,1.709544805869173789e+00,1.786694419866832417e+00
-7.471634959821472632e-01,-7.759241945247331573e-01,-5.701581464675268274e-01,1.467049991496804484e+00,1.850607643087184950e+00,1.695512370598233787e+00,1.629952047092675604e+00,1.720438555516108803e+00,1.796715148432544096e+00
-7.421868270522030686e-01,-7.660692042420959025e-01,-5.523634954954909082e-01,1.490992193283386058e+00,1.868390761211170092e+00,1.705622497253168390e+00,1.639745031073424286e+00,1.730877121085022452e+00,1.806246681762633033e+00
-7.372101581222587630e-01,-7.562142139594586476e-01,-5.346238240892083882e-01,1.514487985089669753e+00,1.885644851169224312e+00,1.715292993372842689e+00,1.649138039885376994e+00,1.740868601193232612e+00,1.815298439788696649e+00
-7.322334891923144573e-01,-7.463592236768213928e-01,-5.169391322486796003e-01,1.537540014125341914e+00,1.902375023174516455e+00,1.724531457398073009e+00,1.658138493047994988e+00,1.750421011922963288e+00,1.823879751922170556e+00
-7.272568202623702627e-01,-7.365042333941843600e-01,-4.993094199739048222e-01,1.560150927600089776e+00,1.918586370958296872e+00,1.733345407288664930e+00,1.666753710719459658e+00,1.759542286776535791e+00,1.831999856098297075e+00
-7.222801513324259570e-01,-7.266492431115466610e-01,-4.817346872648829992e-01,1.582323372723600796e+00,1.934283971769892752e+00,1.741742280963388900e+00,1.674990914552100474e+00,1.768240276644797770e+00,1.839667897869841307e+00
-7.173034824024816514e-01,-7.167942528289094062e-01,-4.642149341216150749e-01,1.604059996705560431e+00,1.949472886376707681e+00,1.749729436739957844e+00,1.682857228544943906e+00,1.776522749788661093e+00,1.846892929549823092e+00
-7.123268134725374567e-01,-7.069392625462723734e-01,-4.467501605441014378e-01,1.625363446755656138e+00,1.964158159064227416e+00,1.757314153775007659e+00,1.690359679893404188e+00,1.784397391833654423e+00,1.853683909402547014e+00
-7.073501445425931511e-01,-6.970842722636351185e-01,-4.293403665323412000e-01,1.646236370083574929e+00,1.978344817636012554e+00,1.764503632504071495e+00,1.697505199836093492e+00,1.791871805777371485e+00,1.860049700882202339e+00
-7.023734756126488454e-01,-6.872292819809976416e-01,-4.119855520863342502e-01,1.666681413899003594e+00,1.992037873413704752e+00,1.771304995081562028e+00,1.704300624498770622e+00,1.798953512009704214e+00,1.865999071918312158e+00
-6.973968066827046508e-01,-6.773742916983603868e-01,-3.946857172060817542e-01,1.686701225411628480e+00,2.005242321237022729e+00,1.777725285820744627e+00,1.710752695735414664e+00,1.805649948345751765e+00,1.871540694247329162e+00
-6.924201377527603452e-01,-6.675193014157231319e-01,-3.774408618915826019e-01,1.706298451831137042e+00,2.017963139463762712e+00,1.783771471633720740e+00,1.716868061966436487e+00,1.811968470071297466e+00,1.876683142789655090e+00
-6.874434688228161505e-01,-6.576643111330860991e-01,-3.602509861428372928e-01,1.725475740367215183e+00,2.030205289969800653e+00,1.789450442471401059e+00,1.722653279014010330e+00,1.817916350000736703e+00,1.881434895071391056e+00
-6.824667998928718449e-01,-6.478093208504486222e-01,-3.431160899598454939e-01,1.744235738229550803e+00,2.041973718149090899e+00,1.794769011763486022e+00,1.728114810934545442e+00,1.823500778547351375e+00,1.885804330690107777e+00
-6.774901309629275392e-01,-6.379543305678111453e-01,-3.260361733426071496e-01,1.762581092627830914e+00,2.053273352913665306e+00,1.799733916858443861e+00,1.733259030848284254e+00,1.828728863805812122e+00,1.889799730823946478e+00
-6.725134620329833446e-01,-6.280993402851741125e-01,-3.090112362911231481e-01,1.780514450771740975e+00,2.064109106693633677e+00,1.804351819463487772e+00,1.738092221766028844e+00,1.833607631646808622e+00,1.893429277783353681e+00
-6.675367931030390389e-01,-6.182443500025368577e-01,-2.920412788053925457e-01,1.798038459870969108e+00,2.074485875437185545e+00,1.808629306084553745e+00,1.742620577413002358e+00,1.838144025823687855e+00,1.896701054604764458e+00
-6.625601241730947333e-01,-6.083893597198993808e-01,-2.751263008854156755e-01,1.815155767135201215e+00,2.084408538610588835e+00,1.812572888466279508e+00,1.746850203049838512e+00,1.842344908090992828e+00,1.899623044685547546e+00
-6.575834552431505386e-01,-5.985343694372621259e-01,-2.582663025311924265e-01,1.831869019774124752e+00,2.093881959198188092e+00,1.816189004031981913e+00,1.750787116290701384e+00,1.846217058334792327e+00,1.902203131459535568e+00
-6.526067863132062330e-01,-5.886793791546248711e-01,-2.414612837427227154e-01,1.848180864997426509e+00,2.102910983702406700e+00,1.819484016323634767e+00,1.754437247918537279e+00,1.849767174714689322e+00,1.904449098112461769e+00
-6.476301173832619273e-01,-5.788243888719876162e-01,-2.247112445200069308e-01,1.864093950014792611e+00,2.111500442143748213e+00,1.822464215441848223e+00,1.757806442697454230e+00,1.853001873817397449e+00,1.906368627336634480e+00
-6.426534484533177327e-01,-5.689693985893503614e-01,-2.080161848630452393e-01,1.879610922035910292e+00,2.119655148060792360e+00,1.825135818485843497e+00,1.760900460182236449e+00,1.855927690821773446e+00,1.907969301124181394e+00
-6.376767795233734271e-01,-5.591144083067131065e-01,-1.913761047718369190e-01,1.894734428270466786e+00,2.127379898510197709e+00,1.827504969993435147e+00,1.763724975524985306e+00,1.858551079675202722e+00,1.909258600598202182e+00
-6.327001105934291214e-01,-5.492594180240756296e-01,-1.747910042463818869e-01,1.909467115928149328e+00,2.134679474066702998e+00,1.829577742381005789e+00,1.766285580278892597e+00,1.860878413281211952e+00,1.910243905881166215e+00
-6.277234416634849268e-01,-5.394044277414385968e-01,-1.582608832866812532e-01,1.923811632218643375e+00,2.141558638823121807e+00,1.831360136383485271e+00,1.768587783199142560e+00,1.862915983698213873e+00,1.910932495999907887e+00
-6.227467727335406211e-01,-5.295494374588011199e-01,-1.417857418927340185e-01,1.937770624351636606e+00,2.148022140390349222e+00,1.832858081494328939e+00,1.770637011040948838e+00,1.864670002349264166e+00,1.911331548826564974e+00
-6.177701038035964265e-01,-5.196944471761640871e-01,-1.253655800645406271e-01,1.951346739536815145e+00,2.154074709897357387e+00,1.834077436405495476e+00,1.772438609354715977e+00,1.866146600242722275e+00,1.911448141054816086e+00
-6.127934348736521208e-01,-5.098394568935266102e-01,-1.090003978021004544e-01,1.964542624983867114e+00,2.159721061991197288e+00,1.835023989447423842e+00,1.773997843278336761e+00,1.867351828203706487e+00,1.911289248210771952e+00
-6.078167659437078152e-01,-4.999844666108893554e-01,-9.269019510541431917e-02,1.977360927902478416e+00,2.164965894836996974e+00,1.835703459029012885e+00,1.775319898326615853e+00,1.868291657116229132e+00,1.910861744697890607e+00
-6.028400970137636206e-01,-4.901294763282521005e-01,-7.643497197448226310e-02,1.989804295502335840e+00,2.169813890117964217e+00,1.836121494077599170e+00,1.776409881177826389e+00,1.868971978175906878e+00,1.910172403875275426e+00
-5.978634280838193149e-01,-4.802744860456148457e-01,-6.023472840930355759e-02,2.001875374993126400e+00,2.174269713035384743e+00,1.836283674478932593e+00,1.777272820457397540e+00,1.869398603153127780e+00,1.909227898168732285e+00
-5.928867591538750093e-01,-4.704194957629773688e-01,-4.408946440987823040e-02,2.013576813584537106e+00,2.178338012308622673e+00,1.836195511517158208e+00,1.777913667518729479e+00,1.869577264666572702e+00,1.908034799213957022e+00
-5.879100902239308146e-01,-4.605645054803403360e-01,-2.799917997620707602e-02,2.024911258486254528e+00,2.182023420175119632e+00,1.835862448314790729e+00,1.778337297221143087e+00,1.869513616466973449e+00,1.906599578031239695e+00
-5.829334212939865090e-01,-4.507095151977028591e-01,-1.196387510828952547e-02,2.035881356907965678e+00,2.185330552390396530e+00,1.835289860272694584e+00,1.778548508704956621e+00,1.869213233731000123e+00,1.904928605231058558e+00
-5.779567523640422033e-01,-4.408545249150656042e-01,4.016450193874335391e-03,2.046489756059357124e+00,2.188264008228052671e+00,1.834483055510061522e+00,1.778552026163694455e+00,1.868681613365166472e+00,1.903028151249965161e+00
-5.729800834340980087e-01,-4.309995346324285714e-01,1.994179593028415354e-02,2.056739103150116321e+00,2.190828370479764420e+00,1.833447275304388446e+00,1.778352499613426785e+00,1.867924174319644859e+00,1.900904386616140362e+00
-5.680034145041537030e-01,-4.211445443497910945e-01,3.581216210094094465e-02,2.066632045389929395e+00,2.193028205455288759e+00,1.832187694531453914e+00,1.777954505659238071e+00,1.866946257911872076e+00,1.898563382244023989e+00
-5.630267455742093974e-01,-4.112895540671536176e-01,5.162754870584369132e-02,2.076171229988483358e+00,2.194868062982459733e+00,1.830709422105299966e+00,1.777362548258828889e+00,1.865753128159848284e+00,1.896011109757422597e+00
-5.580500766442652028e-01,-4.014345637845165848e-01,6.738795574499238661e-02,2.085359304155465221e+00,2.196352476407188004e+00,1.829017501418205516e+00,1.776581059483244074e+00,1.864349972125002974e+00,1.893253441840488716e+00
-5.530734077143208971e-01,-3.915795735018793300e-01,8.309338321838789787e-02,2.094198915100561553e+00,2.197485962593465736e+00,1.827116910780667958e+00,1.775614400274736493e+00,1.862741900264533346e+00,1.890296152615993375e+00
-5.480967387843767025e-01,-3.817245832192420751e-01,9.874383112602917734e-02,2.102692710033459367e+00,2.198273021923361270e+00,1.825012563861379444e+00,1.774466861201756673e+00,1.860933946793089433e+00,1.887144918050297715e+00
-5.431200698544323968e-01,-3.718695929366045982e-01,1.143392994679174185e-01,2.110843336163845674e+00,2.198718138297022229e+00,1.822709310127204940e+00,1.773142663211075831e+00,1.858931070053705170e+00,1.883805316384443040e+00
-5.381434009244880912e-01,-3.620146026539673434e-01,1.298797882440516360e-01,2.118653440701407042e+00,2.198825779132674629e+00,1.820211935283160276e+00,1.771645958377037866e+00,1.856738152897863037e+00,1.880282828590783772e+00
-5.331667319945438965e-01,-3.521596123713303106e-01,1.453652974544318022e-01,2.126125670855830041e+00,2.198600395366621996e+00,1.817525161712391313e+00,1.769980830647944092e+00,1.854360003074575047e+00,1.876582838854583102e+00
-5.281900630645995909e-01,-3.423046220886930557e-01,1.607958270990586525e-01,2.133262673836802126e+00,2.198046421453247135e+00,1.814653648916149553e+00,1.768151296589564936e+00,1.851801353628380165e+00,1.872710635080010011e+00
-5.232133941346552852e-01,-3.324496318060554678e-01,1.761713771779320481e-01,2.140067096854010309e+00,2.197168275365010359e+00,1.811601993953772416e+00,1.766161306125785480e+00,1.849066863306136232e+00,1.868671409419967677e+00
-5.182367252047110906e-01,-3.225946415234183240e-01,1.914919476910511009e-01,2.146541587117139827e+00,2.195970358592450822e+00,1.808374731882660402e+00,1.764014743276379082e+00,1.846161116972505400e+00,1.864470258829189486e+00
-5.132600562747667849e-01,-3.127396512407810691e-01,2.067575386384168379e-01,2.152688791835879467e+00,2.194457056144186513e+00,1.804976336198254705e+00,1.761715426891913294e+00,1.843088626034014688e+00,1.860112185640050875e+00
-5.082833873448224793e-01,-3.028846609581437033e-01,2.219681500200288149e-01,2.158511358219914911e+00,2.192632736546912486e+00,1.801411219274015929e+00,1.759267111385786064e+00,1.839853828871586439e+00,1.855602098160544333e+00
-5.033067184148782847e-01,-2.930296706755065594e-01,2.371237818358866989e-01,2.164011933478933170e+00,2.190501751845402190e+00,1.797683732801401035e+00,1.756673487463390693e+00,1.836461091281423652e+00,1.850944811293860681e+00
-4.983300494849339790e-01,-2.831746803928690825e-01,2.522244340859915446e-01,2.169193164822621256e+00,2.188068437602510130e+00,1.793798168229842060e+00,1.753938182848413074e+00,1.832914706924143156e+00,1.846145047179048149e+00
-4.933533805549897844e-01,-2.733196901102319387e-01,2.672701067703421307e-01,2.174057699460665738e+00,2.185337112899165213e+00,1.789758757206724837e+00,1.751064763006259462e+00,1.829218897782042941e+00,1.841207435852189045e+00
-4.883767116250454787e-01,-2.634646998275946839e-01,2.822607998889392622e-01,2.178608184602754072e+00,2.182312080334376958e+00,1.785569672017366161e+00,1.748056731864614299e+00,1.825377814624394412e+00,1.836136515927577539e+00
-4.834000426951012841e-01,-2.536097095449575400e-01,2.971965134417824950e-01,2.182847267458572382e+00,2.178997626025234169e+00,1.781235026024989843e+00,1.744917532531126581e+00,1.821395537480649196e+00,1.830936735298354323e+00
-4.784233737651568674e-01,-2.437547192623198411e-01,3.120772474288726617e-01,2.186777595237808125e+00,2.175398019606900935e+00,1.776758874110709430e+00,1.741650548008231159e+00,1.817276076121448591e+00,1.825612451856075458e+00
-4.734467048352126728e-01,-2.338997289796828083e-01,3.269030018502084856e-01,2.190401815150147424e+00,2.171517514232621515e+00,1.772145213113501372e+00,1.738259101905096804e+00,1.813023370547325763e+00,1.820167934228693163e+00
-4.684700359052684782e-01,-2.240447386970456645e-01,3.416737767057905217e-01,2.193722574405277292e+00,2.167360346573719454e+00,1.767397982270186185e+00,1.734746459146706554e+00,1.808641291484987867e+00,1.814607362536427626e+00
-4.634933669753240615e-01,-2.141897484144081876e-01,3.563895719956193808e-01,2.196742520212884742e+00,2.162930736819594468e+00,1.762521063655404951e+00,1.731115826680066361e+00,1.804133640891071977e+00,1.808934829165014690e+00
-4.585166980453798669e-01,-2.043347581317710437e-01,3.710503877196939526e-01,2.199464299782656784e+00,2.158232888677726447e+00,1.757518282621597594e+00,1.727370354177547807e+00,1.799504152463260009e+00,1.803154339555823604e+00
-4.535400291154356722e-01,-1.944797678491336779e-01,3.856562238780150698e-01,2.201890560324279988e+00,2.153270989373672784e+00,1.752393408238981154e+00,1.723513134737359564e+00,1.794756492158641858e+00,1.797269813012331019e+00
-4.485633601854912555e-01,-1.846247775664962010e-01,4.002070804705828433e-01,2.204023949047441366e+00,2.148049209651068381e+00,1.747150153735527178e+00,1.719547205581146931e+00,1.789894258719218367e+00,1.791285083522460075e+00
-4.435866912555470609e-01,-1.747697872838591682e-01,4.147029574973963850e-01,2.205867113161827486e+00,2.142571703771629199e+00,1.741792176936941328e+00,1.715475548748727208e+00,1.784920984204434236e+00,1.785203900596273652e+00
-4.386100223256028663e-01,-1.649147970012220243e-01,4.291438549584560835e-01,2.207422699877125361e+00,2.136842609515146485e+00,1.736323080706638766e+00,1.711301091789949824e+00,1.779840134530622286e+00,1.779029930118540825e+00
-4.336333533956584496e-01,-1.550598067185844364e-01,4.435297728537628825e-01,2.208693356403022001e+00,2.130866048179490768e+00,1.730746413385723548e+00,1.707026708453692088e+00,1.774655110017261173e+00,1.772766755215677170e+00
-4.286566844657142550e-01,-1.452048164359471816e-01,4.578607111833154497e-01,2.209681729949203977e+00,2.124646124580612749e+00,1.725065669232968224e+00,1.702655219373981454e+00,1.769369245939925506e+00,1.766417877136585268e+00
-4.236800155357700604e-01,-1.353498261533100377e-01,4.721366699471140072e-01,2.210390467725357411e+00,2.118186927052538415e+00,1.719284288864789012e+00,1.698189392753250093e+00,1.763985813089819610e+00,1.759986716146899610e+00
-4.187033466058256437e-01,-1.254948358706724498e-01,4.863576491451596651e-01,2.210822216941170648e+00,2.111492527447374368e+00,1.713405659695224958e+00,1.693631945042720632e+00,1.758508018339788315e+00,1.753476612436173809e+00
-4.137266776758814490e-01,-1.156398455880354170e-01,5.005236487774509246e-01,2.210979624806329369e+00,2.104566981135305159e+00,1.707433116375916438e+00,1.688985541619921094e+00,1.752939005216690216e+00,1.746890827037531402e+00
-4.087500087459372544e-01,-1.057848553053982732e-01,5.146346688439884520e-01,2.210865338530521029e+00,2.097414327004592405e+00,1.701369941236082539e+00,1.684252797463330786e+00,1.747281854480022822e+00,1.740232542759309275e+00
-4.037733398159928377e-01,-9.592986502276068528e-02,5.286907093447729133e-01,2.210482005323432197e+00,2.090038587461577890e+00,1.695219364722498678e+00,1.679436277824155610e+00,1.741539584706691013e+00,1.733504865128236982e+00
-3.987966708860486431e-01,-8.607487474012354145e-02,5.426917702798030874e-01,2.209832272394749886e+00,2.082443768430680020e+00,1.688984565839475982e+00,1.674538498895238536e+00,1.735715152881806889e+00,1.726710823343686974e+00
-3.938200019561044485e-01,-7.621988445748639762e-02,5.566378516490794182e-01,2.208918786954160218e+00,2.074633859354397813e+00,1.682668672588838454e+00,1.669561928477092616e+00,1.729811454995408893e+00,1.719853371242541895e+00
-3.888433330261602539e-01,-6.636489417484925379e-02,5.705289534526023498e-01,2.207744196211351095e+00,2.066612833193305576e+00,1.676274762409899699e+00,1.664508986641071608e+00,1.723831326644991613e+00,1.712935388274227533e+00
-3.838666640962158372e-01,-5.650990389221166588e-02,5.843650756903718824e-01,2.206311147376007753e+00,2.058384646426057785e+00,1.669805862619443637e+00,1.659382046389668464e+00,1.717777543643734361e+00,1.705959680485469532e+00
-3.788899951662716425e-01,-4.665491360957452205e-02,5.981462183623872386e-01,2.204622287657818980e+00,2.049953239049387754e+00,1.663264950851700119e+00,1.654183434313944101e+00,1.711652822634320170e+00,1.698928981514320258e+00
-3.739133262363274479e-01,-3.679992332693737822e-02,6.118723814686487517e-01,2.202680264266470900e+00,2.041322534578106751e+00,1.656654955498324311e+00,1.648915431248085151e+00,1.705459821708227519e+00,1.691845953593027918e+00
-3.689366573063830312e-01,-2.694493304429979030e-02,6.255435650091573097e-01,2.200487724411649637e+00,2.032496440045102215e+00,1.649978756148373638e+00,1.643580272921095986e+00,1.699201141030394435e+00,1.684713188559310071e+00
-3.639599883764388366e-01,-1.708994276166264648e-02,6.391597689839114693e-01,2.198047315303042648e+00,2.023478846001343978e+00,1.643239184028287170e+00,1.638180150605619501e+00,1.692879323469135500e+00,1.677533208875599202e+00
-3.589833194464946420e-01,-7.234952479025613670e-03,6.527209933929118968e-01,2.195361684150336945e+00,2.014273626515877158e+00,1.636439022441861457e+00,1.632717211763886844e+00,1.686496855231204073e+00,1.670308468655838707e+00
-3.540066505165502253e-01,2.620037803611974248e-03,6.662272382361593692e-01,2.192433478163218652e+00,2.004884639175824823e+00,1.629581007210231247e+00,1.627193560690798346e+00,1.680056166501891157e+00,1.663041354699404950e+00
-3.490299815866060307e-01,1.247502808624922910e-02,6.796785035136525543e-01,2.189265344551375225e+00,1.995315725086391767e+00,1.622667827111845096e+00,1.621611259154139395e+00,1.673559632090047655e+00,1.655734187531739066e+00
-3.440533126566618360e-01,2.233001836888637293e-02,6.930747892253917852e-01,2.185859930524493233e+00,1.985570708870857626e+00,1.615702124322444755e+00,1.615972327031917732e+00,1.667009572077917223e+00,1.648389222451277503e+00
-3.390766437267174194e-01,3.218500865152396084e-02,7.064160953713780611e-01,2.182219883292259244e+00,1.975653398670581762e+00,1.608686494855042781e+00,1.610278742946839703e+00,1.660408252475674917e+00,1.641008650582265638e+00
-3.340999747967732247e-01,4.203999893416110467e-02,7.197024219516100496e-01,2.178347850064360713e+00,1.965567586145002599e+00,1.601623488999900591e+00,1.604532444897914800e+00,1.653757885880556611e+00,1.633594599933062552e+00
-3.291233058668290301e-01,5.189498921679813748e-02,7.329337689660881949e-01,2.174246478050484210e+00,1.955317046471635400e+00,1.594515611764506069e+00,1.598735330889186512e+00,1.647060632140467273e+00,1.626149136459520861e+00
-3.241466369368846134e-01,6.174997949943572539e-02,7.461101364148133852e-01,2.169918414460315859e+00,1.944905538346074492e+00,1.587365323313551402e+00,1.592889259555599235e+00,1.640318599021962642e+00,1.618674265133060564e+00
-3.191699680069404188e-01,7.160496978207286922e-02,7.592315242977840661e-01,2.165366306503544003e+00,1.934336803981993258e+00,1.580175039408912907e+00,1.586996050785993040e+00,1.633533842882488152e+00,1.611171931013032577e+00
-3.141932990769962242e-01,8.145996006471001305e-02,7.722979326150012369e-01,2.160592801389854323e+00,1.923614569111142147e+00,1.572947131849626201e+00,1.581057486343229401e+00,1.626708369346766547e+00,1.603644020322995578e+00
-3.092166301470518075e-01,9.131495034734760097e-02,7.853093613664652306e-01,2.155600546328933831e+00,1.912742542983350447e+00,1.565683928911865586e+00,1.575075310481446555e+00,1.619844133987225598e+00,1.596092361530511372e+00
-3.042399612171076129e-01,1.011699406299848558e-01,7.982658105521750480e-01,2.150392188530469095e+00,1.901724418366526503e+00,1.558387715788924099e+00,1.569051230560446708e+00,1.612943043008350896e+00,1.588518726430090400e+00
-2.992632922871634182e-01,1.110249309126218886e-01,8.111672801721310222e-01,2.144970375204147572e+00,1.890563871546655506e+00,1.551060735031187132e+00,1.562986917657213759e+00,1.606006953934855375e+00,1.580924831228904814e+00
-2.942866233572190016e-01,1.208799211952594765e-01,8.240137702263339303e-01,2.139337753559655830e+00,1.879264562327802368e+00,1.543705186986113809e+00,1.556884007174559770e+00,1.599037676303554978e+00,1.573312337634900748e+00
-2.893099544272748069e-01,1.307349114778966204e-01,8.368052807147824401e-01,2.133496970806680881e+00,1.867830134032109735e+00,1.536323230238214155e+00,1.550744099446904611e+00,1.592036972358841673e+00,1.565682853946947395e+00
-2.843332854973306123e-01,1.405899017605337642e-01,8.495418116374773287e-01,2.127450674154909294e+00,1.856264213499799309e+00,1.528916982049026485e+00,1.544568760343183023e+00,1.585006557751634571e+00,1.558037936146653202e+00
-2.793566165673861956e-01,1.504448920431713521e-01,8.622233629944189293e-01,2.121201510814027635e+00,1.844570411089168971e+00,1.521488518797095679e+00,1.538359521866885293e+00,1.577948102241713002e+00,1.550379088991495014e+00
-2.743799476374420010e-01,1.602998823258084959e-01,8.748499347856063535e-01,2.114752127993723363e+00,1.832752320676598101e+00,1.514039876417951902e+00,1.532117882753226246e+00,1.570863230403303668e+00,1.542707767108912664e+00
-2.694032787074978064e-01,1.701548726084455843e-01,8.874215270110401566e-01,2.108105172903683044e+00,1.820813519656542256e+00,1.506573050844087547e+00,1.525845309063445621e+00,1.563753522333827473e+00,1.535025376091003535e+00
-2.644266097775536117e-01,1.800098628910826726e-01,8.999381396707201164e-01,2.101263292753593692e+00,1.808757568941535165e+00,1.499089998444935512e+00,1.519543234776238760e+00,1.556620514365682828e+00,1.527333273589490226e+00
-2.594499408476091951e-01,1.898648531737202605e-01,9.123997727646470102e-01,2.094229134753141430e+00,1.796588012962189840e+00,1.491592636466847255e+00,1.513213062376318030e+00,1.549465699780959271e+00,1.519632770410606959e+00
-2.544732719176650004e-01,1.997198434563574043e-01,9.248064262928197277e-01,2.087005346112013271e+00,1.784308379667198130e+00,1.484082843473071955e+00,1.506856163440104313e+00,1.542290529528977050e+00,1.511925131609576534e+00
-2.494966029877208058e-01,2.095748337389944926e-01,9.371581002552384909e-01,2.079594574039897115e+00,1.771922180523328949e+00,1.476562459783732129e+00,1.500473879218550133e+00,1.535096412946527211e+00,1.504211577584335657e+00
-2.445199340577763891e-01,2.194298240216320806e-01,9.494547946519044102e-01,2.071999465746478641e+00,1.759432910515429604e+00,1.469033287915803232e+00,1.494067521217091299e+00,1.527884718480715609e+00,1.496493285168191356e+00
-2.395432651278321945e-01,2.292848143042693354e-01,9.616965094828158200e-01,2.064222668441445308e+00,1.746844048146427575e+00,1.461497093023092164e+00,1.487638371772730839e+00,1.520656774414294032e+00,1.488771388721078726e+00
-2.345665961978879999e-01,2.391398045869064237e-01,9.738832447479736087e-01,2.056266829334483237e+00,1.734159055437326291e+00,1.453955603336213542e+00,1.481187684628252565e+00,1.513413869593366767e+00,1.481046981219095837e+00
-2.295899272679435832e-01,2.489947948695440116e-01,9.860150004473783314e-01,2.048134595635279886e+00,1.721381377927208689e+00,1.446410510602569088e+00,1.474716685503566049e+00,1.506157254157362235e+00,1.473321115342010490e+00
-2.246132583379993886e-01,2.588497851521811555e-01,9.980917765810286557e-01,2.039828614553522268e+00,1.708514444673236321e+00,1.438863470526324573e+00,1.468226572664180551e+00,1.498888140271164904e+00,1.465594804558419506e+00
-2.196365894080551939e-01,2.687047754348182438e-01,1.010113573148925248e+00,2.031351533298896506e+00,1.695561668250648468e+00,1.431316103208389201e+00,1.461718517486811253e+00,1.491607702859284901e+00,1.457869024208254372e+00
-2.146599204781107773e-01,2.785597657174558317e-01,1.022080390151068885e+00,2.022705999081089612e+00,1.682526444752762584e+00,1.423769993586391447e+00,1.455193665022113336e+00,1.484317080341968076e+00,1.450144712582332351e+00
-2.096832515481665826e-01,2.884147560000930310e-01,1.033992227587458013e+00,2.013894659109789487e+00,1.669412153790975406e+00,1.416226691874659993e+00,1.448653134554551913e+00,1.477017375373125496e+00,1.442422771998657094e+00
-2.047065826182223880e-01,2.982697462827301194e-01,1.045849085458093741e+00,2.004920160594681366e+00,1.656222158494761398e+00,1.408687714004199121e+00,1.442098020159394922e+00,1.469709655579974683e+00,1.434704069875164079e+00
-1.997299136882779713e-01,3.081247365653677073e-01,1.057650963762976071e+00,1.995785150745452485e+00,1.642959805511672755e+00,1.401154542062667652e+00,1.435529391256842757e+00,1.462394954304286010e+00,1.426989439798633352e+00
-1.947532447583337767e-01,3.179797268480048511e-01,1.069397862502104113e+00,1.986492276771790522e+00,1.629628425007341841e+00,1.393628624734357446e+00,1.428948293163286198e+00,1.455074271345118575e+00,1.419279682589475344e+00
-1.897765758283895821e-01,3.278347171306419949e-01,1.081089781675478534e+00,1.977044185883381378e+00,1.616231330665477195e+00,1.386111377740170569e+00,1.422355747639693746e+00,1.447748573702933195e+00,1.411575567362108430e+00
-1.847999068984451654e-01,3.376897074132795828e-01,1.092726721283099778e+00,1.967443525289912287e+00,1.602771819687866639e+00,1.378604184277597122e+00,1.415752753437131251e+00,1.440418796324979489e+00,1.403877832580656460e+00
-1.798232379685009708e-01,3.475446976959167267e-01,1.104308681324966956e+00,1.957692942201070263e+00,1.589253172794377500e+00,1.371108395460695739e+00,1.409140286839411838e+00,1.433085842851840042e+00,1.396187187109686478e+00
-1.748465690385567761e-01,3.573996879785538150e-01,1.115835661801080070e+00,1.947795083826541873e+00,1.575678654222953501e+00,1.363625330760066756e+00,1.402519302202874796e+00,1.425750586365019945e+00,1.388504311259718849e+00
-1.698699001086123594e-01,3.672546782611914029e-01,1.127307662711440228e+00,1.937752597376013686e+00,1.562051511729617204e+00,1.356156278442834706e+00,1.395890732493296094e+00,1.418413870135478927e+00,1.380829857827249096e+00
-1.648932311786681648e-01,3.771096685438286022e-01,1.138724684056046099e+00,1.927568130059173379e+00,1.548374976588470453e+00,1.348702496012625263e+00,1.389255489819930522e+00,1.411076508372983707e+00,1.373164453129018359e+00
-1.599165622487239702e-01,3.869646588264656906e-01,1.150086725834898349e+00,1.917244329085707077e+00,1.534652263591693488e+00,1.341265210649540851e+00,1.382614465966682582e+00,1.403739286976182887e+00,1.365508698030270196e+00
-1.549398933187795535e-01,3.968196491091032785e-01,1.161393788047997200e+00,1.906783841665301349e+00,1.520886571049542280e+00,1.333845619650141368e+00,1.375968532920407217e+00,1.396402964283278259e+00,1.357863168966754186e+00
-1.499632243888353589e-01,4.066746393917404223e-01,1.172645870695341985e+00,1.896189315007643872e+00,1.507081080790354743e+00,1.326444890867421789e+00,1.369318543396345067e+00,1.389068271823201917e+00,1.350228418960217613e+00
-1.449865554588911642e-01,4.165296296743775661e-01,1.183842973776932928e+00,1.885463396322421215e+00,1.493238958160545415e+00,1.319064163150788005e+00,1.362665331360682686e+00,1.381735915067165088e+00,1.342604978627144785e+00
-1.400098865289469696e-01,4.263846199570147100e-01,1.194985097292770471e+00,1.874608732819319723e+00,1.479363352024606559e+00,1.311704546786037984e+00,1.356009712550247492e+00,1.374406574180486285e+00,1.334993357180507267e+00
-1.350332175990025529e-01,4.362396102396522979e-01,1.206072241242854615e+00,1.863627971708026188e+00,1.465457394765109056e+00,1.304367123935336714e+00,1.349352484989331247e+00,1.367080904774582217e+00,1.327394043424286352e+00
-1.300565486690583583e-01,4.460946005222894417e-01,1.217104405627184471e+00,1.852523760198228064e+00,1.451524202282703957e+00,1.297052949077197148e+00,1.342694429503646258e+00,1.359759538659006894e+00,1.319807506740537706e+00
-1.250798797391141637e-01,4.559495908049265855e-01,1.228081590445760707e+00,1.841298745499612366e+00,1.437566873996118266e+00,1.289763049446455812e+00,1.336036310231408120e+00,1.352443084593432321e+00,1.312234198068773505e+00
-1.201032108091697470e-01,4.658045810875641735e-01,1.239003795698583765e+00,1.829955574821864772e+00,1.423588492842158049e+00,1.282498425474251080e+00,1.329378875131551618e+00,1.345132129039459112e+00,1.304674550877435557e+00
-1.151265418792255524e-01,4.756595713702013173e-01,1.249871021385652758e+00,1.818496895374673183e+00,1.409592125275708874e+00,1.275260051228003677e+00,1.322722856489079390e+00,1.337827236912147555e+00,1.297128982127247143e+00
-1.101498729492813577e-01,4.855145616528384611e-01,1.260683267506967686e+00,1.806925354367724390e+00,1.395580821269733596e+00,1.268048874851390728e+00,1.316068971417534650e+00,1.330528952331153869e+00,1.289597893226219538e+00
-1.051732040193369411e-01,4.953695519354760490e-01,1.271440534062529437e+00,1.795243599010704072e+00,1.381557614315272353e+00,1.260865819004326704e+00,1.309417922358611319e+00,1.323237799371368206e+00,1.282081670976117804e+00
-1.001965350893927464e-01,5.052245422181131929e-01,1.282142821052337345e+00,1.783454276513300574e+00,1.367525521421446122e+00,1.253711781302941253e+00,1.302770397578891126e+00,1.315954282812936693e+00,1.274580688510167370e+00
-9.521986615944855181e-02,5.150795325007503367e-01,1.292790128476391187e+00,1.771560034085199797e+00,1.353487543115452496e+00,1.246587634759555030e+00,1.296127071663709884e+00,1.308678888890558278e+00,1.267095306221803330e+00
-9.024319722950413514e-02,5.249345227833879246e-01,1.303382456334691852e+00,1.759563518936088533e+00,1.339446663442567242e+00,1.239494228222659089e+00,1.289488606008158289e+00,1.301412086041952021e+00,1.259625872684272174e+00
-8.526652829955994051e-02,5.347895130660250684e-01,1.313919804627238674e+00,1.747467378275654237e+00,1.325405849966146077e+00,1.232432386816894709e+00,1.282855649305210122e+00,1.294154325655374915e+00,1.252172725560884770e+00
-8.028985936961574588e-02,5.446445033486622123e-01,1.324402173354031431e+00,1.735274259313583478e+00,1.311368053767621555e+00,1.225402912383027676e+00,1.276228838030981638e+00,1.286906042816082341e+00,1.244736192505734529e+00
-7.531319043967132920e-02,5.544994936312996892e-01,1.334829562515070789e+00,1.722986809259562380e+00,1.297336209446504407e+00,1.218406583917928776e+00,1.269608796927122585e+00,1.279667657051628105e+00,1.237316592054698461e+00
-7.033652150972713457e-02,5.643544839139369440e-01,1.345201972110356525e+00,1.710607675323278842e+00,1.283313235120385531e+00,1.211444158014551853e+00,1.262996139480336621e+00,1.272439573075881070e+00,1.229914234506539250e+00
-6.535985257978293994e-02,5.742094741965739768e-01,1.355519402139888197e+00,1.698139504714419434e+00,1.269302032424932669e+00,1.204516369301909862e+00,1.256391468399031375e+00,1.265222181531653112e+00,1.222529422793931841e+00
-6.038318364983852327e-02,5.840644644792115647e-01,1.365781852603666691e+00,1.685584944642670058e+00,1.255305486513891067e+00,1.197623930885054921e+00,1.249795376087102339e+00,1.258015859731832942e+00,1.215162453344243110e+00
-5.540651471989432864e-02,5.939194547618487086e-01,1.375989323501690897e+00,1.672946642317719057e+00,1.241326466059087030e+00,1.190767534785055703e+00,1.243208445114843297e+00,1.250820972398908104e+00,1.207813616929901412e+00
-5.042984578995013401e-02,6.037744450444858524e-01,1.386141814833961483e+00,1.660227244949252112e+00,1.227367823250422818e+00,1.183947852378974597e+00,1.236631248686989037e+00,1.243637872402762357e+00,1.200483199508181720e+00
-4.545317686000571733e-02,6.136294353271234403e-01,1.396239326600478892e+00,1.647429399746956014e+00,1.213432393795879527e+00,1.177165534839846650e+00,1.230064351107890142e+00,1.236466901496646953e+00,1.193171483050261994e+00
-4.047650793006152270e-02,6.234844256097605841e-01,1.406281858801242013e+00,1.634555753920518661e+00,1.199522996921517981e+00,1.170421213576656960e+00,1.223508308243815179e+00,1.229308391051209703e+00,1.185878746359385172e+00
-3.549983900011732807e-02,6.333394158923977280e-01,1.416269411436251513e+00,1.621608954679626180e+00,1.185642435371475623e+00,1.163715500674319836e+00,1.216963667982385866e+00,1.222162662786467013e+00,1.178605265877979091e+00
-3.052317007017291139e-02,6.431944061750353159e-01,1.426201984505507836e+00,1.608591649233964915e+00,1.171793495407968067e+00,1.157048989333654410e+00,1.210430970689140961e+00,1.215030029501615871e+00,1.171351316483590033e+00
-2.554650114022871676e-02,6.530493964576724597e-01,1.436079578009009872e+00,1.595506484793222546e+00,1.157978946811291765e+00,1.150422254311366244e+00,1.203910749661233348e+00,1.207910795802572990e+00,1.164117172273487544e+00
-2.056983221028452213e-02,6.629043867403096035e-01,1.445902191946758286e+00,1.582356108567085862e+00,1.144201542879818900e+00,1.143835852360020722e+00,1.197403531578253189e+00,1.200805258827122746e+00,1.156903107337797776e+00
-1.559316328034032750e-02,6.727593770229467474e-01,1.455669826318752857e+00,1.569143167765241209e+00,1.130464020430001160e+00,1.137290322668025544e+00,1.190909836950186040e+00,1.193713708967577558e+00,1.149709396521040095e+00
-1.061649435039591083e-02,6.826143673055843353e-01,1.465382481124994252e+00,1.555870309597375156e+00,1.116769099796367293e+00,1.130786187299605450e+00,1.184430180562499713e+00,1.186636430590825020e+00,1.142536316171929078e+00
-5.639825420451716198e-03,6.924693575882214791e-01,1.475040156365481581e+00,1.542540181273175381e+00,1.103119484831527108e+00,1.124323951634782714e+00,1.177965071918360973e+00,1.179573702755662534e+00,1.135384144881325552e+00
-6.631564905075215677e-04,7.023243478708586229e-01,1.484642852040215066e+00,1.529155430002328453e+00,1.089517862906166368e+00,1.117904104809352317e+00,1.171515015677984106e+00,1.172525799927299772e+00,1.128253164208205428e+00
4.313512439436895107e-03,7.121793381534962109e-01,1.494190568149195153e+00,1.515718702994520273e+00,1.075966904909049227e+00,1.111527120154862436e+00,1.165080512095107323e+00,1.165492992688926588e+00,1.121143659393538439e+00
9.290181369381089738e-03,7.220343284361333547e-01,1.503683304692421396e+00,1.502232647459439185e+00,1.062469265247020012e+00,1.105193455638591615e+00,1.158662057450604577e+00,1.158475548450230042e+00,1.114055920061963079e+00
1.426685029932528437e-02,7.318893187187704985e-01,1.513121061669893797e+00,1.488699910606771537e+00,1.049027581844999668e+00,1.098903554303526819e+00,1.152260144483222115e+00,1.151473732152748397e+00,1.106990240911141399e+00
1.924351922926970104e-02,7.417443090014079754e-01,1.522503839081612798e+00,1.475123139646203008e+00,1.035644476145987536e+00,1.092657844708339709e+00,1.145875262817450224e+00,1.144487806971958621e+00,1.099946922388702841e+00
2.422018815921389567e-02,7.515992992840451192e-01,1.531831636927577955e+00,1.461504981787422164e+00,1.022322553111062904e+00,1.086456741367368695e+00,1.139507899388523926e+00,1.137518035015981255e+00,1.092926271356666534e+00
2.919685708915809030e-02,7.614542895666822631e-01,1.541104455207789270e+00,1.447848084240114908e+00,1.009064401219381457e+00,1.080300645190592546e+00,1.133158538864551756e+00,1.130564678020788749e+00,1.085928601743249899e+00
3.417352601910250698e-02,7.713092798493198510e-01,1.550322293922247407e+00,1.434155094213967585e+00,9.958725924681779418e-01,1.074189943923610224e+00,1.126827664065778167e+00,1.123627998041816900e+00,1.078954235181976085e+00
3.915019494904670161e-02,7.811642701319569948e-01,1.559485153070951036e+00,1.420428658918668097e+00,9.827496823727663866e-01,1.068125012587620493e+00,1.120515756380977335e+00,1.116708258141859034e+00,1.072003501637988077e+00
4.412686387899089624e-02,7.910192604145941386e-01,1.568593032653901265e+00,1.406671425563902789e+00,9.696982099665379939e-01,1.062106213919396858e+00,1.114223296180972822e+00,1.109805723075133699e+00,1.065076740021487334e+00
4.910353280893531291e-02,8.008742506972317265e-01,1.577645932671098317e+00,1.392886041359358007e+00,9.567206978009618057e-01,1.056133898811266958e+00,1.107950763229291313e+00,1.102920659967422390e+00,1.058174298788221446e+00
5.408020173887950754e-02,8.107292409798688704e-01,1.586643853122540859e+00,1.379075153514721652e+00,9.438196519455872568e-01,1.050208406751092394e+00,1.101698637089947974e+00,1.096053338992156734e+00,1.051296536526945546e+00
5.905687066882370218e-02,8.205842312625060142e-01,1.595586794008230003e+00,1.365241409239680070e+00,9.309975619880405118e-01,1.044330066262243006e+00,1.095467397532357667e+00,1.089204034042349223e+00,1.044443822533783317e+00
6.403353959876811885e-02,8.304392215451436021e-01,1.604474755328165747e+00,1.351387455743919164e+00,9.182569010340256854e-01,1.038499195343577153e+00,1.089257524933380461e+00,1.082373023398258916e+00,1.037616537373427628e+00
6.901020852871231348e-02,8.402942118277807459e-01,1.613307737082347204e+00,1.337515940237127277e+00,9.056001257073272859e-01,1.032716101909420425e+00,1.083069500676498320e+00,1.075560590390677751e+00,1.030815073427116868e+00
7.398687745865650811e-02,8.501492021104178898e-01,1.622085739270775262e+00,1.323629509928990533e+00,8.930296761498063285e-01,1.026981084229541930e+00,1.076903807548117875e+00,1.068767024059725124e+00,1.024039835427325018e+00
7.896354638860092479e-02,8.600041923930554777e-01,1.630808761893449921e+00,1.309730812029195279e+00,8.805479760214023344e-01,1.021294431369132560e+00,1.070760930131007704e+00,1.061992619809047245e+00,1.017291240979122158e+00
8.394021531854511942e-02,8.698591826756926215e-01,1.639476804950370292e+00,1.295822493747429194e+00,8.681574325001343295e-01,1.015656423628783944e+00,1.064641355194865691e+00,1.055237680055302274e+00,1.010569721068147464e+00
8.891688424848931405e-02,8.797141729583297654e-01,1.648089868441537265e+00,1.281907202293378845e+00,8.558604362820984024e-01,1.010067332984465605e+00,1.058545572084014896e+00,1.048502514872826641e+00,1.003875720555152729e+00
9.389355317843373072e-02,8.895691632409673533e-01,1.656647952366950616e+00,1.267987584876730356e+00,8.436593615814693692e-01,1.004527423527503238e+00,1.052474073102230845e+00,1.041787442633367311e+00,9.972096986570776478e-01
9.887022210837792535e-02,8.994241535236044971e-01,1.665151056726609902e+00,1.254066288707171850e+00,8.315565661305009959e-01,9.990369519045569913e-01,1.046427353894701096e+00,1.035092790640773197e+00,9.905721294146221378e-01
1.038468910383221200e-01,9.092791438062416409e-01,1.673599181520515566e+00,1.240145960994389451e+00,8.195543911795248881e-01,9.935961677575985140e-01,1.040405913827112228e+00,1.028418895760530916e+00,9.839635021462747044e-01
1.088235599682663146e-01,9.191341340888786737e-01,1.681992326748667610e+00,1.226229248948070172e+00,8.076551614969509352e-01,9.882053141638901250e-01,1.034410256361869784e+00,1.021766105044040085e+00,9.773843218887822148e-01
1.138002288982107313e-01,9.289891243715162616e-01,1.690330492411066032e+00,1.212318799777900136e+00,7.958611853692667548e-01,9.828646280759616438e-01,1.028440889431447847e+00,1.015134776347507373e+00,9.708351098240252108e-01
1.187768978281549259e-01,9.388441146541535165e-01,1.698613678507710834e+00,1.198417260693567021e+00,7.841747546010400249e-01,9.775743407615897773e-01,1.022498325808868902e+00,1.008525278945363368e+00,9.643164036922903248e-01
1.237535667580991205e-01,9.486991049367905493e-01,1.706841885038601569e+00,1.184527278904757397e+00,7.725981445149153748e-01,9.723346782437751745e-01,1.016583083475314897e+00,1.001937994138073273e+00,9.578287581919148197e-01
1.287302356880435372e-01,9.585540952194281372e-01,1.715015112003738906e+00,1.170651501621157609e+00,7.611336139516154953e-01,9.671458617407195923e-01,1.010695685984866810e+00,9.953733158542499293e-01,9.513727453652993660e-01
1.337069046179877319e-01,9.684090855020652810e-01,1.723133359403122622e+00,1.156792576052455335e+00,7.497834052699429153e-01,9.620081081058062811e-01,1.004836662826379179e+00,9.888316512469409458e-01,9.449489549712801750e-01
1.386835735479319265e-01,9.782640757847024249e-01,1.731196627236752494e+00,1.142953149408336921e+00,7.385497443467776701e-01,9.569216302675757069e-01,9.990065497824794916e-01,9.823134212839927937e-01,9.385579948438570463e-01
1.436602424778763432e-01,9.881190660673400128e-01,1.739204915504628746e+00,1.129135868898488937e+00,7.274348405770771908e-01,9.518866376697042719e-01,9.932058892857018595e-01,9.758190613323721729e-01,9.322004912372811036e-01
1.486369114078205378e-01,9.979740563499771566e-01,1.747158224206750932e+00,1.115343381732599282e+00,7.164408868738791902e-01,9.469033367109834787e-01,9.874352307717509936e-01,9.693490217363389672e-01,9.258770891575076600e-01
1.536135803377647324e-01,1.007829046632614300e+00,1.755056553343119496e+00,1.101578335120353636e+00,7.055700596682982217e-01,9.419719311852958743e-01,9.816951310298944744e-01,9.629037683893572064e-01,9.195884526800238712e-01
1.585902492677091491e-01,1.017684036915251777e+00,1.762899902913734884e+00,1.087843376271438789e+00,6.948245189095272334e-01,9.370926227215939930e-01,9.759861545504879832e-01,9.564837832996344602e-01,9.133352652540640548e-01
1.635669181976533437e-01,1.027539027197889032e+00,1.770688272918595985e+00,1.074141152395542864e+00,6.842064080648391222e-01,9.322656112238794091e-01,9.703088738696290516e-01,9.500895651491818583e-01,9.071182299932397664e-01
1.685435871275975384e-01,1.037394017480526065e+00,1.778421663357703464e+00,1.060474310702351763e+00,6.737178541195830705e-01,9.274910953111787926e-01,9.646638699109439941e-01,9.437216298462745012e-01,9.009380699525946223e-01
1.735202560575419550e-01,1.047249007763163764e+00,1.786100074231057544e+00,1.046845498401551833e+00,6.633609675771872105e-01,9.227692727575229625e-01,9.590517323245014714e-01,9.373805110712145616e-01,8.947955283921220637e-01
1.784969249874861497e-01,1.057103998045800797e+00,1.793723505538657559e+00,1.033257362702830751e+00,6.531378424591589571e-01,9.181003409319252739e-01,9.534730598228603471e-01,9.310667608152776165e-01,8.886913690267727040e-01
1.834735939174303443e-01,1.066958988328438052e+00,1.801291957280503953e+00,1.019712550815875307e+00,6.430505563050833429e-01,9.134844972383592276e-01,9.479284605142457298e-01,9.247809499127308541e-01,8.826263762629875664e-01
1.884502628473747610e-01,1.076813978611075528e+00,1.808805429456596947e+00,1.006213709950371626e+00,6.331011701726231289e-01,9.089219395557345260e-01,9.424185522328556441e-01,9.185236685658187961e-01,8.766013554217972903e-01
1.934269317773189556e-01,1.086668968893712783e+00,1.816263922066935876e+00,9.927634873160074980e-01,6.232917286375209143e-01,9.044128666778794567e-01,9.369439628663012165e-01,9.122955268626022907e-01,8.706171329485330457e-01
1.984036007072631502e-01,1.096523959176349816e+00,1.823667435111521185e+00,9.793645301224692679e-01,6.136242597935963605e-01,8.999574787535147280e-01,9.315053306801717170e-01,9.060971552875356494e-01,8.646745566091946777e-01
2.033802696372075669e-01,1.106378949458987293e+00,1.831015968590352871e+00,9.660194855794429492e-01,6.041007752527476349e-01,8.955559777262330767e-01,9.261033046397352253e-01,8.999292052246816720e-01,8.587744956735297031e-01
2.083569385671517615e-01,1.116233939741624548e+00,1.838309522503430715e+00,9.527310008966171084e-01,5.947232701449519654e-01,8.912085677744777668e-01,9.207385447287681490e-01,8.937923494534423252e-01,8.529178410848849978e-01
2.133336074970959562e-01,1.126088930024261803e+00,1.845548096850754938e+00,9.395017232836775367e-01,5.854937231182646418e-01,8.869154557515198656e-01,9.154117222655145936e-01,8.876872826367018243e-01,8.471055056168805830e-01
2.183102764270403728e-01,1.135943920306899280e+00,1.852731691632325761e+00,9.263342999503102471e-01,5.764140963388183492e-01,8.826768516254358543e-01,9.101235202157750281e-01,8.816147218012699849e-01,8.413384240169859973e-01
2.232869453569845675e-01,1.145798910589536312e+00,1.859860306848142297e+00,9.132313781062041391e-01,5.674863354908253887e-01,8.784929689190871249e-01,9.048746335031310206e-01,8.755754068105132681e-01,8.356175531370571008e-01
2.282636142869287621e-01,1.155653900872173567e+00,1.866933942498205212e+00,9.001956049610445598e-01,5.587123697765763453e-01,8.743640251500963689e-01,8.996657693162929403e-01,8.695701008290630529e-01,8.299438720509100254e-01
2.332402832168731788e-01,1.165508891154811266e+00,1.873952598582514950e+00,8.872296277245181884e-01,5.500941119164385329e-01,8.702902422708259644e-01,8.944976474135826194e-01,8.635995907794935533e-01,8.243183821590143179e-01
2.382169521468173734e-01,1.175363881437448299e+00,1.880916275101070401e+00,8.743360936063128142e-01,5.416334581488598809e-01,8.662718471083575844e-01,8.893710004245477529e-01,8.576646877908542521e-01,8.187421072803846567e-01
2.431936210767615680e-01,1.185218871720085332e+00,1.887824972053872230e+00,8.615176498161151164e-01,5.333322882303651591e-01,8.623090718044670311e-01,8.842865741487021536e-01,8.517662276389474929e-01,8.132160937317546301e-01
2.481702900067057627e-01,1.195073862002722587e+00,1.894678689440920438e+00,8.487769435636114412e-01,5.251924654355577538e-01,8.584021542556051765e-01,8.792451278514006319e-01,8.459050711782440946e-01,8.077414103941316093e-01
2.531469589366501793e-01,1.204928852285360286e+00,1.901477427262215247e+00,8.361166220584881348e-01,5.172158365571193350e-01,8.545513385528742401e-01,8.742474345568422844e-01,8.400821047653201923e-01,8.023191487668159816e-01
2.581236278665943740e-01,1.214783842567997318e+00,1.908221185517755769e+00,8.235393325104333195e-01,5.094042319058108559e-01,8.507568754220067309e-01,8.692942813382061873e-01,8.342982406737097234e-01,7.969504230089982100e-01
2.631002967965385686e-01,1.224638832850634573e+00,1.914909964207542892e+00,8.110477221291332306e-01,5.017594653104698876e-01,8.470190226633430575e-01,8.643864696049136098e-01,8.285544175000586486e-01,7.916363699690227573e-01
2.680769657264829853e-01,1.234493823133272050e+00,1.921543763331576393e+00,7.986444381242738810e-01,4.942833341180137285e-01,8.433380455918093599e-01,8.595248153870266306e-01,8.228516005614704421e-01,7.863781492014373375e-01
2.730536346564271799e-01,1.244348813415909305e+00,1.928122582889856496e+00,7.863321277055436154e-01,4.869776191934376275e-01,8.397142174768957856e-01,8.547101496167721635e-01,8.171907822839366009e-01,7.811769429719364055e-01
2.780303035863713745e-01,1.254203803698546338e+00,1.934646422882382089e+00,7.741134380826284467e-01,4.798440849198153391e-01,8.361478199826338775e-01,8.499433184071983893e-01,8.115729825817319387e-01,7.760339562503081323e-01
2.830069725163157912e-01,1.264058793981183815e+00,1.941115283309154727e+00,7.619910164652147211e-01,4.728844791982979023e-01,8.326391436075756269e-01,8.452251833279623705e-01,8.059992492276757403e-01,7.709504166915185364e-01
2.879836414462599858e-01,1.273913784263821070e+00,1.947529164170172855e+00,7.499675100629903390e-01,4.661005334481168050e-01,8.291884881247709727e-01,8.405566216782481836e-01,8.004706582141372095e-01,7.659275746050473455e-01
2.929603103762041805e-01,1.283768774546458324e+00,1.953888065465437807e+00,7.380455660856417577e-01,4.594939626065796534e-01,8.257961630217448556e-01,8.359385267568130162e-01,7.949883141046818480e-01,7.609667029126042648e-01
2.979369793061485971e-01,1.293623764829095801e+00,1.960191987194949359e+00,7.262278317428551011e-01,4.530664651290735034e-01,8.224624879404769384e-01,8.313718081291672224e-01,7.895533503762451888e-01,7.560690970943675371e-01
3.029136482360927918e-01,1.303478755111732834e+00,1.966440929358706402e+00,7.145169542443182698e-01,4.468197229890638056e-01,8.191877931173787708e-01,8.268573918918828980e-01,7.841669297517240844e-01,7.512360751238709167e-01
3.078903171660369864e-01,1.313333745394370089e+00,1.972634891956710268e+00,7.029155807997173877e-01,4.407554016780943495e-01,8.159724198232706227e-01,8.223962209340333063e-01,7.788302445228710846e-01,7.464689773916897142e-01
3.128669860959814031e-01,1.323188735677007788e+00,1.978773874988960513e+00,6.914263586187392452e-01,4.348751502057862650e-01,8.128167208033620916e-01,8.179892551957630431e-01,7.735445168633872104e-01,7.417691666180663557e-01
3.178436550259255977e-01,1.333043725959644821e+00,1.984857878455456470e+00,6.800519349110714096e-01,4.291806010998407972e-01,8.097210607172274921e-01,8.136374719239883868e-01,7.683109991321004362e-01,7.371380277546281112e-01
3.228203239558697923e-01,1.342898716242281854e+00,1.990886902356199251e+00,6.687949568864000049e-01,4.236733704060359207e-01,8.066858165787853530e-01,8.093418659252286096e-01,7.631309741661124191e-01,7.325769678753492054e-01
3.277969928858142090e-01,1.352753706524919552e+00,1.996860946691188410e+00,6.576580717544115995e-01,4.183550576882287264e-01,8.037113781962756942e-01,8.051034498155672514e-01,7.580057555638155531e-01,7.280874160569175135e-01
3.327736618157584036e-01,1.362608696807556585e+00,2.002780011460423726e+00,6.466439267247939826e-01,4.132272460283547000e-01,8.007981486122391912e-01,8.009232542677447997e-01,7.529366879576583349e-01,7.236708232486698256e-01
3.377503307457025983e-01,1.372463687090193840e+00,2.008644096663904755e+00,6.357551690072336115e-01,4.082915020264272221e-01,7.979465445434932303e-01,7.968023282553805542e-01,7.479251472765515718e-01,7.193286621322569907e-01
3.427269996756470150e-01,1.382318677372831317e+00,2.014453202301632828e+00,6.249944458114167212e-01,4.035493758005382903e-01,7.951569968211115169e-01,7.927417392943256758e-01,7.429725409978087391e-01,7.150624269712175796e-01
3.477036686055912096e-01,1.392173667655468350e+00,2.020207328373606614e+00,6.143644043470309901e-01,3.990024009868584076e-01,7.924299508304017969e-01,7.887425736811483068e-01,7.380803083885056903e-01,7.108736334506304821e-01
3.526803375355354042e-01,1.402028657938105827e+00,2.025906474879827002e+00,6.038676918237627644e-01,3.946520947396362500e-01,7.897658669508831331e-01,7.848059367287453236e-01,7.332499207361471427e-01,7.067638185070268531e-01
3.576570064654798209e-01,1.411883648220743304e+00,2.031550641820293990e+00,5.935069554512986123e-01,3.904999577311984993e-01,7.871652209962642921e-01,7.809329529990889363e-01,7.284828815685346903e-01,7.027345401487481436e-01
3.626336753954240155e-01,1.421738638503380336e+00,2.037139829195007135e+00,5.832848424393263231e-01,3.865474741519505653e-01,7.846285046544221320e-01,7.771247665331011412e-01,7.237807268627245438e-01,6.987873772669334071e-01
3.676103443253682101e-01,1.431593628786017369e+00,2.042674037003965992e+00,5.732039999975321320e-01,3.827961117103762523e-01,7.821562259273793227e-01,7.733825410776588027e-01,7.191450252429555379e-01,6.949239294373333875e-01
3.725870132553124048e-01,1.441448619068654624e+00,2.048153265247171451e+00,5.632670753356023852e-01,3.792473216330375374e-01,7.797489095712816232e-01,7.697074603097311396e-01,7.145773781674515934e-01,6.911458167131454555e-01
3.775636821852568215e-01,1.451303609351292323e+00,2.053577513924623510e+00,5.534767156632246499e-01,3.759025386645748479e-01,7.774070975363773783e-01,7.661007280576447309e-01,7.100794201039763998e-01,6.874546794090683477e-01
3.825403511152010161e-01,1.461158599633929356e+00,2.058946783036321282e+00,5.438355681900856053e-01,3.727631810677067836e-01,7.751313494069940191e-01,7.625635685194824820e-01,7.056528186940314029e-01,6.838521778767859827e-01
3.875170200451452107e-01,1.471013589916566389e+00,2.064261072582265655e+00,5.343462801258717088e-01,3.698306506232303392e-01,7.729222428415170043e-01,7.590972264786101098e-01,7.012992749055915187e-01,6.803399922720884119e-01
3.924936889750896274e-01,1.480868580199204088e+00,2.069520382562456629e+00,5.250114986802698613e-01,3.671063326300210150e-01,7.707803740123675418e-01,7.557029675163345894e-01,6.970205231742629959e-01,6.769198223138385151e-01
3.974703579050338220e-01,1.490723570481841342e+00,2.074724712976893315e+00,5.158338710629677415e-01,3.645915959050323729e-01,7.687063580459800871e-01,7.523820782216932290e-01,6.928183315327534064e-01,6.735933870350110375e-01
4.024470268349780167e-01,1.500578560764478375e+00,2.079874063825577046e+00,5.068160444836513623e-01,3.622877927832965361e-01,7.667008294627813969e-01,7.491358663983725963e-01,6.886945017285441839e-01,6.703624245260185743e-01
4.074236957649224333e-01,1.510433551047115852e+00,2.084968435108506490e+00,4.979606661520075139e-01,3.601962591179238560e-01,7.647644426171676946e-01,7.459656612687584065e-01,6.846508693296544656e-01,6.672286916705522097e-01
4.124003646948666280e-01,1.520288541329753107e+00,2.090007826825682535e+00,4.892703832777229866e-01,3.583183142801032450e-01,7.628978721374827243e-01,7.428728136751157063e-01,6.806893038183876588e-01,6.641939638741733987e-01
4.173770336248108226e-01,1.530143531612390140e+00,2.094992238977104293e+00,4.807478430704854588e-01,3.566552611591018995e-01,7.611018133659959162e-01,7.398586962778997966e-01,6.768117086729431575e-01,6.612600347858808014e-01
4.223537025547552393e-01,1.539998521895027839e+00,2.099921671562773096e+00,4.723956927399806105e-01,3.552083861622645777e-01,7.593769827988807730e-01,7.369247037511967857e-01,6.730200214367911826e-01,6.584287160129004279e-01
4.273303714846994339e-01,1.549853512177664872e+00,2.104796124582688055e+00,4.642165794958961200e-01,3.539789592150158759e-01,7.577241185261920364e-01,7.340722529752971015e-01,6.693162137756955010e-01,6.557018368289397880e-01
4.323070404146436285e-01,1.559708502460302126e+00,2.109615598036848727e+00,4.562131505479186666e-01,3.529682337608572307e-01,7.561439806718440737e-01,7.313027832263955252e-01,6.657022915222720050e-01,6.530812438761494088e-01
4.372837093445880452e-01,1.569563492742939603e+00,2.114380091925256444e+00,4.483880531057344854e-01,3.521774467613691950e-01,7.546373518335889319e-01,7.286177563634259613e-01,6.621802947079753476e-01,6.505688008610485129e-01
4.422603782745322398e-01,1.579418483025576858e+00,2.119089606247909874e+00,4.407439343790311437e-01,3.516078186962108831e-01,7.532050375229950578e-01,7.260186570120237270e-01,6.587522975824016136e-01,6.481663882446693226e-01
4.472370472044764345e-01,1.589273473308213891e+00,2.123744141004809460e+00,4.332834415774953207e-01,3.512605535631192488e-01,7.518478666054232429e-01,7.235069927456195815e-01,6.554204086197970014e-01,6.458759029271774477e-01
4.522137161344208511e-01,1.599128463590851368e+00,2.128343696195956092e+00,4.260092219108132516e-01,3.511368388779097516e-01,7.505666917400064531e-01,7.210842942636640496e-01,6.521867705126593862e-01,6.436992579272361459e-01
4.571903850643650458e-01,1.608983453873488623e+00,2.132888271821348436e+00,4.189239225886725038e-01,3.512378456744762456e-01,7.493623898196281052e-01,7.187521155669821527e-01,6.490535601523265141e-01,6.416383820563821283e-01
4.621670539943092404e-01,1.618838444156125878e+00,2.137377867880986937e+00,4.120301908207596453e-01,3.515647285047904802e-01,7.482358624108979006e-01,7.165120341302599893e-01,6.460229885964344776e-01,6.396952195886829173e-01
4.671437229242536571e-01,1.628693434438763354e+00,2.141812484374872039e+00,4.053306738167610224e-01,3.521186254389035986e-01,7.471880361941318771e-01,7.143656510716578367e-01,6.430973010231411102e-01,6.378717299259579754e-01
4.721203918541978517e-01,1.638548424721400387e+00,2.146192121303003741e+00,3.988280187863646464e-01,3.529006580649438063e-01,7.462198634033295752e-01,7.123145913195603196e-01,6.402787766719991724e-01,6.361698872588397169e-01
4.770970607841420463e-01,1.648403415004037642e+00,2.150516778665381157e+00,3.925248729392561975e-01,3.539119314891187584e-01,7.453323222661520919e-01,7.103605037764497698e-01,6.375697287713718575e-01,6.345916802239633947e-01
4.820737297140864630e-01,1.658258405286675119e+00,2.154786456462005173e+00,3.864238834851229099e-01,3.551535343357137831e-01,7.445264174438996907e-01,7.085050614799157653e-01,6.349725044522780415e-01,6.331391115575738526e-01
4.870503986440306576e-01,1.668113395569312374e+00,2.159001154692875790e+00,3.805276976336517958e-01,3.566265387470924364e-01,7.438031804714912987e-01,7.067499617607928553e-01,6.324894846485570321e-01,6.318141977458435754e-01
4.920270675739748523e-01,1.677968385851949407e+00,2.163160873357992120e+00,3.748389625945296455e-01,3.583320003836973355e-01,7.431636701974402293e-01,7.050969263984275814e-01,6.301230839832415720e-01,6.306189686722005749e-01
4.970037365039190469e-01,1.687823376134586884e+00,2.167265612457354607e+00,3.693603255774430272e-01,3.602709584240487706e-01,7.426089732238336794e-01,7.035477017730794591e-01,6.278757506410302947e-01,6.295554672619698700e-01
5.019804054338634636e-01,1.697678366417224360e+00,2.171315371990964138e+00,3.640944337920785090e-01,3.624444355647455929e-01,7.421402043463111164e-01,7.021040590154488115e-01,6.257499662267451690e-01,6.286257491246280971e-01
5.069570743638076582e-01,1.707533356699861393e+00,2.175310151958818938e+00,3.590439344481237693e-01,3.648534380204651595e-01,7.417585069940403342e-01,7.007677941533377863e-01,6.237482456096684613e-01,6.278318821939963268e-01
5.119337432937518528e-01,1.717388346982498426e+00,2.179249952360920783e+00,3.542114747552651544e-01,3.674989555239630001e-01,7.414650536696979488e-01,6.995407282554400030e-01,6.218731367536420862e-01,6.271759463666685130e-01
5.169104122236960475e-01,1.727243337265135459e+00,2.183134773197268785e+00,3.495997019231895653e-01,3.703819613260728727e-01,7.412610463894453439e-01,6.984247075722621600e-01,6.201272205328247633e-01,6.266600331390120848e-01
5.218870811536404641e-01,1.737098327547773380e+00,2.186964614467863388e+00,3.452112631615835703e-01,3.735034121957072628e-01,7.411477171229070571e-01,6.974216036741753832e-01,6.185131105329927381e-01,6.262862452430497662e-01
5.268637500835848808e-01,1.746953317830410857e+00,2.190739476172704148e+00,3.410488056801342927e-01,3.768642484198561626e-01,7.411263282331501667e-01,6.965333135865970915e-01,6.170334528382723782e-01,6.260566962815612424e-01
5.318404190135288534e-01,1.756808308113047445e+00,2.194459358311790620e+00,3.371149766885287447e-01,3.804653938035889582e-01,7.411981729166606803e-01,6.957617599223033800e-01,6.156909258031992849e-01,6.259735103627304120e-01
5.368170879434732701e-01,1.766663298395685366e+00,2.198124260885124137e+00,3.334124233964531614e-01,3.843077556700531527e-01,7.413645756433220324e-01,6.951088910108726981e-01,6.144882398099845711e-01,6.260388217346755102e-01
5.417937568734176867e-01,1.776518288678322843e+00,2.201734183892703367e+00,3.299437930135946662e-01,3.883922248604738670e-01,7.416268925963933611e-01,6.945766810252591572e-01,6.134281370108871645e-01,6.262547744202088262e-01
5.467704258033616593e-01,1.786373278960959432e+00,2.205289127334528754e+00,3.267117327496404933e-01,3.927196757341548938e-01,7.419865121124874507e-01,6.941671301054955778e-01,6.125133910555738970e-01,6.266235218521583050e-01
5.517470947333060760e-01,1.796228269243596909e+00,2.208789091210601185e+00,3.237188898142767668e-01,3.972909661684789762e-01,7.424448551215476755e-01,6.938822644795299421e-01,6.117468068033600215e-01,6.271472265096124099e-01
5.567237636632504927e-01,1.806083259526234386e+00,2.212234075520919774e+00,3.209679114171908321e-01,4.021069375589065853e-01,7.430033755868283851e-01,6.937241365811885885e-01,6.111312200202196898e-01,6.278280595554353027e-01
5.617004325931944653e-01,1.815938249808870975e+00,2.215624080265484075e+00,3.184614447680694793e-01,4.071684148189759767e-01,7.436635609448696282e-01,6.936948251652725883e-01,6.106694970604534811e-01,6.286682004754104991e-01
5.666771015231388819e-01,1.825793240091508896e+00,2.218959105444294977e+00,3.162021370765993877e-01,4.124762063803058543e-01,7.444269325454787589e-01,6.937964354197850847e-01,6.103645345329042904e-01,6.296698367193747092e-01
5.716537704530832986e-01,1.835648230374146372e+00,2.222239151057352036e+00,3.141926355524670145e-01,4.180311041925910964e-01,7.452950460917051601e-01,6.940310990752857068e-01,6.102192589516121091e-01,6.308351633447104589e-01
5.766304393830272712e-01,1.845503220656782961e+00,2.225464217104655695e+00,3.124355874053601489e-01,4.238338837236047540e-01,7.462694920798202958e-01,6.944009745113782772e-01,6.102366263707892369e-01,6.321663826625620874e-01
5.816071083129716879e-01,1.855358210939420882e+00,2.228634303586205512e+00,3.109336398449645822e-01,4.298853039592009928e-01,7.473518962392949883e-01,6.949082468603303697e-01,6.104196220040184473e-01,6.336657038871562619e-01
5.865837772429161046e-01,1.865213201222058359e+00,2.231749410502001929e+00,3.096894400809676595e-01,4.361861074033093755e-01,7.485439199727771387e-01,6.955551281078189430e-01,6.107712598275492066e-01,6.353353427885983784e-01
5.915604461728600771e-01,1.875068191504694948e+00,2.234809537852044059e+00,3.087056353230566152e-01,4.427370200779381926e-01,7.498472607960707803e-01,6.963438571908102670e-01,6.112945821675921376e-01,6.371775213495368684e-01
5.965371151028044938e-01,1.884923181787332425e+00,2.237814685636332790e+00,3.079848727809171294e-01,4.495387515231764053e-01,7.512636527781124673e-01,6.972767000925685910e-01,6.119926592714954872e-01,6.391944674260733317e-01
6.015137840327489105e-01,1.894778172069970346e+00,2.240764853854867233e+00,3.075297996642372134e-01,4.565919947971891490e-01,7.527948669809515492e-01,6.983559499347968824e-01,6.128685888626922429e-01,6.413884144133129572e-01
6.064904529626928831e-01,1.904633162352606490e+00,2.243660042507648722e+00,3.073430631827031023e-01,4.638974264762191213e-01,7.544427118997246717e-01,6.995839270669050869e-01,6.139254956793118723e-01,6.437616009159549124e-01
6.114671218926372998e-01,1.914488152635244411e+00,2.246500251594676367e+00,3.074273105460018085e-01,4.714557066545905784e-01,7.562090339026379393e-01,7.009629791524130127e-01,6.151665309963409989e-01,6.463162704243196055e-01
6.164437908225817164e-01,1.924343142917881888e+00,2.249285481115950613e+00,3.077851889638201222e-01,4.792674789447033401e-01,7.580957176709417489e-01,7.024954812524800696e-01,6.165948721312253245e-01,6.490546709962103922e-01
6.214204597525256890e-01,1.934198133200518477e+00,2.252015731071470572e+00,3.084193456458447224e-01,4.873333704770360097e-01,7.601046866389098433e-01,7.041838359065668573e-01,6.182137219328012190e-01,6.519790549450312778e-01
6.263971286824701057e-01,1.944053123483156398e+00,2.254691001461236688e+00,3.093324278017626217e-01,4.956539919001470840e-01,7.622379034338180315e-01,7.060304732102291592e-01,6.200263082534432924e-01,6.550916785345631821e-01
6.313737976124145224e-01,1.953908113765793875e+00,2.257311292285248960e+00,3.105270826412604990e-01,5.042299373806713447e-01,7.644973703159212430e-01,7.080378508900389001e-01,6.220358834043249185e-01,6.583948016808152115e-01
6.363504665423584949e-01,1.963763104048430463e+00,2.259876603543508278e+00,3.120059573740254777e-01,5.130617846033227458e-01,7.668851296184305832e-01,7.102084543756373991e-01,6.242457235936725857e-01,6.618906876613791512e-01
6.413271354723029116e-01,1.973618094331067940e+00,2.262386935236013752e+00,3.137716992097441260e-01,5.221500947708946905e-01,7.694032641874943845e-01,7.125447968689210265e-01,6.266591283479061580e-01,6.655816028327086187e-01
6.463038044022473283e-01,1.983473084613705861e+00,2.264842287362765383e+00,3.158269553581032341e-01,5.314954126042576998e-01,7.720538978221732629e-01,7.150494194103531598e-01,6.292794199155588020e-01,6.694698163557465387e-01
6.512804733321913009e-01,1.993328074896342450e+00,2.267242659923763171e+00,3.181743730287895922e-01,5.410982663423591355e-01,7.748391957144191711e-01,7.177248909424097656e-01,6.321099426538563382e-01,6.735575999303448080e-01
6.562571422621357176e-01,2.003183065178979927e+00,2.269588052919007115e+00,3.208165994314904346e-01,5.509591677422289724e-01,7.777613648890540077e-01,7.205738083701567209e-01,6.351540623978576550e-01,6.778472275389085810e-01
6.612338111920801342e-01,2.013038055461617404e+00,2.271878466348497660e+00,3.237562817758923295e-01,5.610786120789714726e-01,7.808226546437462279e-01,7.235987966189517673e-01,6.384151658120319484e-01,6.823409751997053796e-01
6.662104801220241068e-01,2.022893045744253993e+00,2.274113900212234363e+00,3.269960672716819561e-01,5.714570781457701809e-01,7.840253569889894525e-01,7.268025086892837550e-01,6.418966597241733130e-01,6.870411207302894452e-01
6.711871490519685235e-01,2.032748036026891914e+00,2.276294354510217222e+00,3.305386031285464377e-01,5.820950282538898124e-01,7.873718070880821873e-01,7.301876257087396294e-01,6.456019704415369986e-01,6.919499435214936378e-01
6.761638179819129402e-01,2.042603026309529390e+00,2.278419829242447125e+00,3.343865365561722314e-01,5.929929082326690359e-01,7.908643836971024355e-01,7.337568569810990482e-01,6.495345430490843119e-01,6.970697243224326378e-01
6.811404869118569128e-01,2.052458016592165979e+00,2.280490324408922742e+00,3.385425147642462385e-01,6.041511474295270245e-01,7.945055096048881937e-01,7.375129400325649565e-01,6.536978406897299143e-01,7.024027450369921821e-01
6.861171558418013294e-01,2.062313006874803456e+00,2.282505840009644515e+00,3.430091849624556932e-01,6.155701587099625671e-01,7.982976520730151737e-01,7.414586406551211262e-01,6.580953438264813826e-01,7.079512885322577498e-01
6.910938247717453020e-01,2.072167997157440489e+00,2.284466376044612446e+00,3.477891943604871638e-01,6.272503384575501828e-01,8.022433232757734123e-01,7.455967529470198807e-01,6.627305494863519053e-01,7.137176384593475476e-01
6.960704937016897187e-01,2.082022987440077966e+00,2.286371932513826977e+00,3.528851901680274405e-01,6.391920665739455609e-01,8.063450807401474352e-01,7.499300993504045554e-01,6.676069704859483034e-01,7.197040790871348515e-01
7.010471626316341354e-01,2.091877977722715443e+00,2.288222509417287664e+00,3.582998195947636466e-01,6.513957064788798990e-01,8.106055277857917574e-01,7.544615306860548154e-01,6.727281346386110306e-01,7.259128951493178938e-01
7.060238315615781080e-01,2.101732968005352475e+00,2.290018106754994953e+00,3.640357298503816841e-01,6.638616051101634552e-01,8.150273139650108245e-01,7.591939261852709286e-01,6.780975839430033458e-01,7.323463717053347866e-01
7.110005004915225246e-01,2.111587958287989952e+00,2.291758724526948399e+00,3.700955681445698975e-01,6.765900929236872141e-01,8.196131355027365117e-01,7.641301935188837824e-01,6.837188737530399685e-01,7.390067940155977677e-01
7.159771694214669413e-01,2.121442948570627429e+00,2.293444362733148001e+00,3.764819816870141889e-01,6.895814838934186675e-01,8.243657357365058447e-01,7.692732688233950844e-01,6.895955719290329800e-01,7.458964474315318283e-01
7.209538383514109139e-01,2.131297938853264018e+00,2.295075021373593760e+00,3.831976176874004603e-01,7.028360755114004821e-01,8.292879055564381652e-01,7.746261167242497470e-01,6.957312579699601596e-01,7.530176173009255347e-01
7.259305072813553306e-01,2.141152929135901495e+00,2.296650700448286120e+00,3.902451233554180554e-01,7.163541487877610470e-01,8.343824838452157389e-01,7.801917303562400097e-01,7.021295221267354059e-01,7.603725888890789930e-01
7.309071762112997472e-01,2.151007919418538972e+00,2.298171399957224637e+00,3.976271459007513220e-01,7.301359682507005955e-01,8.396523579180585894e-01,7.859731313810367492e-01,7.087939644963685559e-01,7.679636473162483323e-01
7.358838451412437198e-01,2.160862909701176005e+00,2.299637119900409310e+00,4.053463325330880496e-01,7.441817819464994210e-01,8.451004639627041071e-01,7.919733700018516398e-01,7.157281940969116851e-01,7.757930775119049605e-01
7.408605140711881365e-01,2.170717899983813481e+00,2.301047860277840584e+00,4.134053304621155833e-01,7.584918214395189873e-01,8.507297874793861014e-01,7.981955249752357151e-01,7.229358279230782003e-01,7.838631641863111899e-01
7.458371830011325532e-01,2.180572890266450958e+00,2.302403621089518460e+00,4.218067868975204915e-01,7.730663018121954888e-01,8.565433637208105244e-01,8.046427036199985672e-01,7.304204899824158215e-01,7.921761918199210495e-01
7.508138519310765258e-01,2.190427880549087991e+00,2.303704402335442047e+00,4.305533490489881210e-01,7.879054216650434039e-01,8.625442781321341901e-01,8.113180418232661673e-01,7.381858103119385284e-01,8.007344446711371910e-01
7.557905208610209424e-01,2.200282870831725468e+00,2.304950204015611792e+00,4.396476641262078155e-01,8.030093631166596024e-01,8.687356667909440500e-01,8.182247040436677610e-01,7.462354239750940144e-01,8.095402068029396991e-01
7.607671897909653591e-01,2.210137861114362945e+00,2.306141026130027694e+00,4.490923793388649221e-01,8.183782918037160181e-01,8.751207168472345810e-01,8.253658833116481741e-01,7.545729700389576244e-01,8.185957621289092767e-01
7.657438587209093317e-01,2.219992851396999534e+00,2.307276868678690640e+00,4.588901418966457868e-01,8.340123568809612031e-01,8.817026669633826197e-01,8.327448012269158539e-01,7.632020905315470838e-01,8.279033944791847066e-01
7.707205276508537484e-01,2.229847841679637011e+00,2.308357731661599299e+00,4.690435990092385321e-01,8.499116910212278775e-01,8.884848077541324107e-01,8.403647079530237596e-01,7.721264293791481048e-01,8.374653876868891622e-01
7.756971965807981650e-01,2.239702831962274931e+00,2.309383615078755003e+00,4.795553978863297262e-01,8.660764104154214937e-01,8.954704822265664443e-01,8.482288822090695568e-01,7.813496313235265278e-01,8.472840256955486149e-01
7.806738655107421376e-01,2.249557822244911520e+00,2.310354518930156420e+00,4.904281857376044940e-01,8.825066147725274535e-01,9.026630862200860639e-01,8.563406312585397639e-01,7.908753408189356238e-01,8.573615926880739924e-01
7.856505344406865543e-01,2.259412812527548997e+00,2.311270443215803549e+00,5.016646097727527343e-01,8.992023873196129946e-01,9.100660688463926284e-01,8.647032908952768659e-01,8.007072009087966569e-01,8.677003732378326673e-01
7.906272033706309710e-01,2.269267802810186474e+00,2.312131387935697724e+00,5.132673172014592389e-01,9.161637948018178657e-01,9.176829329294594606e-01,8.733202254265759468e-01,8.108488520819370216e-01,8.783026524823662751e-01
7.956038723005749436e-01,2.279122793092823507e+00,2.312937353089838055e+00,5.252389552334100209e-01,9.333908874823628743e-01,9.255172354455143413e-01,8.821948276534166133e-01,8.213039311082925842e-01,8.891707163203202979e-01
8.005805412305193602e-01,2.288977783375460984e+00,2.313688338678224543e+00,5.375821710782943130e-01,9.508836991425497764e-01,9.335725879630170088e-01,8.913305188478248819e-01,8.320760698539452216e-01,9.003068516321357517e-01
8.055572101604637769e-01,2.298832773658098461e+00,2.314384344700857632e+00,5.502996119457973512e-01,9.686422470817555030e-01,9.418526570826353250e-01,9.007307487273593649e-01,8.431688940753928607e-01,9.117133465250719659e-01
8.105338790904077495e-01,2.308687763940735049e+00,2.315025371157736878e+00,5.633939250456054815e-01,9.866665321174330483e-01,9.503611648772231080e-01,9.103989954267336371e-01,8.545860221929445499e-01,9.233924906031272251e-01
8.155105480203521662e-01,2.318542754223372970e+00,2.315611418048862280e+00,5.768677575874073815e-01,1.004956538585121129e+00,9.591018893318022931e-01,9.203387654665731166e-01,8.663310640431274301e-01,9.353465752624438023e-01
8.204872169502965829e-01,2.328397744506010447e+00,2.316142485374233839e+00,5.907237567808892864e-01,1.023512234338429971e+00,9.680786647835355474e-01,9.305535937192891405e-01,8.784076196099823708e-01,9.475778940127449479e-01
8.254638858802405554e-01,2.338252734788647036e+00,2.316618573133851999e+00,6.049645698357359880e-01,1.042333570749049532e+00,9.772953823617063218e-01,9.410470433720957706e-01,8.908192777351626734e-01,9.600887428254214484e-01
8.304405548101849721e-01,2.348107725071284513e+00,2.317039681327716760e+00,6.195928439616373851e-01,1.061420482706751489e+00,9.867559904277002358e-01,9.518227058871561175e-01,9.035696148067072775e-01,9.728814205088335276e-01
8.354172237401293888e-01,2.357962715353922434e+00,2.317405809955827234e+00,6.346112263682792687e-01,1.080772888619383698e+00,9.964644950149764702e-01,9.628842009588496342e-01,9.166621934263732285e-01,9.859582291114125097e-01
8.403938926700733614e-01,2.367817705636558578e+00,2.317716959018183864e+00,6.500223642653456535e-01,1.100390690412867745e+00,1.006424960269049151e+00,9.742351764681778103e-01,9.301005610554324843e-01,9.993214743531757538e-01
8.453705616000177780e-01,2.377672695919196499e+00,2.317973128514787540e+00,6.658289048625279927e-01,1.120273773531215156e+00,1.016641508887470291e+00,9.858793084343067115e-01,9.438882486388232573e-01,1.012973466086249053e+00
8.503472305299621947e-01,2.387527686201833976e+00,2.318174318445636928e+00,6.820334953695103009e-01,1.140422006936502974e+00,1.027118322559797514e+00,9.978203009632197196e-01,9.580287692075126760e-01,1.026916518784974475e+00
8.553238994599061673e-01,2.397382676484471009e+00,2.318320528810732917e+00,6.986387829959792573e-01,1.160835243108893078e+00,1.037859642407578997e+00,1.010061886193521108e+00,9.725256164590085906e-01,1.041152952066250803e+00
8.603005683898505840e-01,2.407237666767108486e+00,2.318411759610074618e+00,7.156474149516233174e-01,1.181513318046626626e+00,1.048869769424332077e+00,1.022607824239363250e+00,9.873822633158758633e-01,1.055685091240693430e+00
8.652772373197950007e-01,2.417092657049745963e+00,2.318448010843663365e+00,7.330620384461284944e-01,1.202456051266021175e+00,1.060153064915517085e+00,1.035461903130498129e+00,1.002602160462150005e+00,1.070515267895225664e+00
8.702539062497389732e-01,2.426947647332382552e+00,2.318429282511498268e+00,7.508853006891803572e-01,1.223663245801470678e+00,1.071713950938517179e+00,1.048627938749467470e+00,1.018188734857550681e+00,1.085645820507739723e+00
8.752305751796833899e-01,2.436802637615020029e+00,2.318355574613578884e+00,7.691198488904684716e-01,1.245134688205452367e+00,1.083556910742618173e+00,1.062109774765922943e+00,1.034145388229381402e+00,1.101079095094439131e+00
8.802072441096278066e-01,2.446657627897657949e+00,2.318226887149906545e+00,7.877683302596785175e-01,1.266870148548517871e+00,1.095686489208984149e+00,1.075911282568069227e+00,1.050475495541984161e+00,1.116817445890488703e+00
8.851839130395717792e-01,2.456512618180294538e+00,2.318043220120479475e+00,8.068333920064940656e-01,1.288869380419295663e+00,1.108107293290633955e+00,1.090036361191244252e+00,1.067182403443667216e+00,1.132863236064613810e+00
8.901605819695161959e-01,2.466367608462932015e+00,2.317804573525299450e+00,8.263176813406081234e-01,1.311132120924500599e+00,1.120823992452426365e+00,1.104488937243635505e+00,1.084269428690988635e+00,1.149218838468291759e+00
8.951372508994606125e-01,2.476222598745569492e+00,2.317510947364365581e+00,8.462238454717028180e-01,1.333658090688916165e+00,1.133841319111027923e+00,1.119272964829108652e+00,1.101739856550252528e+00,1.165886636420138123e+00
9.001139198294045851e-01,2.486077589028206525e+00,2.317162341637678313e+00,8.665545316094653838e-01,1.356446993855408456e+00,1.147164069074898096e+00,1.134392425467183552e+00,1.119596939176161543e+00,1.182869024526192359e+00
9.050905887593490018e-01,2.495932579310844002e+00,2.316758756345237202e+00,8.873123869635848315e-01,1.379498518084924186e+00,1.160797101984267998e+00,1.149851328010139673e+00,1.137843893967475983e+00,1.200168409536707337e+00
9.100672576892934185e-01,2.505787569593481479e+00,2.316300191487041804e+00,9.085000587437475073e-01,1.402812334556485352e+00,1.174745341751112226e+00,1.165653708557237822e+00,1.156483901899570288e+00,1.217787211240105805e+00
9.150439266192373911e-01,2.515642559876118067e+00,2.315786647063093451e+00,9.301201941596368705e-01,1.426388097967190349e+00,1.189013776999130023e+00,1.181803630366087932e+00,1.175520105833798734e+00,1.235727863394775694e+00
9.200205955491818077e-01,2.525497550158755544e+00,2.315218123073390810e+00,9.521754404209445966e-01,1.450225446532223517e+00,1.203607461503727993e+00,1.198305183761143367e+00,1.194955608803544456e+00,1.253992814699358638e+00
9.249972644791262244e-01,2.535352540441393465e+00,2.314594619517934326e+00,9.746684447373561433e-01,1.474324001984841370e+00,1.218531514631989499e+00,1.215162486039317979e+00,1.214793472276831432e+00,1.272584529802185394e+00
9.299739334090701970e-01,2.545207530724030054e+00,2.313916136396725332e+00,9.976018543185545262e-01,1.498683369576375490e+00,1.233791121782655154e+00,1.232379681372740121e+00,1.235036714395409740e+00,1.291505490350548291e+00
9.349506023390146137e-01,2.555062521006667975e+00,2.313182673709761605e+00,1.020978316374232753e+00,1.523303138076246732e+00,1.249391534826111094e+00,1.249960940708646939e+00,1.255688308190204161e+00,1.310758196080493265e+00
9.399272712689585862e-01,2.564917511289304564e+00,2.312394231457044480e+00,1.044800478114071840e+00,1.548182879771942355e+00,1.265338072544347048e+00,1.267910461666380773e+00,1.276751179772970701e+00,1.330345165947754094e+00
9.449039401989030029e-01,2.574772501571942040e+00,2.311550809638573067e+00,1.069070986747762575e+00,1.573322150469038450e+00,1.281636121070955259e+00,1.286232468431552256e+00,1.298228206504128179e+00,1.350268939300605098e+00
9.498806091288474196e-01,2.584627491854579517e+00,2.310652408254348256e+00,1.093792489484990860e+00,1.598720489491181729e+00,1.298291134331093222e+00,1.304931211647303746e+00,1.320122215136573018e+00,1.370532077095225398e+00
9.548572780587913922e-01,2.594482482137216106e+00,2.309699027304370045e+00,1.118967633535441708e+00,1.624377419680098633e+00,1.315308634481468619e+00,1.324010968302717028e+00,1.342435979935426626e+00,1.391137163154333889e+00
9.598339469887358089e-01,2.604337472419853583e+00,2.308690666788638435e+00,1.144599066108804575e+00,1.650292447395599993e+00,1.332694212350318042e+00,1.343476041618357986e+00,1.365172220773577916e+00,1.412086805469765283e+00
9.648106159186802255e-01,2.614192462702491060e+00,2.307627326707152982e+00,1.170689434414765362e+00,1.676465062515566151e+00,1.350453527877380155e+00,1.363330760928932239e+00,1.388333601202902168e+00,1.433383637549674905e+00
9.697872848486241981e-01,2.624047452985128093e+00,2.306509007059913241e+00,1.197241385663008417e+00,1.702894738435960509e+00,1.368592310553876867e+00,1.383579481563088631e+00,1.411922726501071645e+00,1.455030319811103423e+00
9.747639537785686148e-01,2.633902443267765570e+00,2.305335707846919657e+00,1.224257567063224972e+00,1.729580932070826860e+00,1.387116359862494486e+00,1.404226584720349669e+00,1.435942141693833385e+00,1.477029541018605174e+00
9.797406227085130315e-01,2.643757433550403491e+00,2.304107429068173118e+00,1.251740625825100706e+00,1.756523083852284728e+00,1.406031545717354003e+00,1.425276477345164494e+00,1.460394329552627601e+00,1.499384019769621101e+00
9.847172916384570041e-01,2.653612423833039635e+00,2.302824170723672292e+00,1.279693209158317302e+00,1.783720617730525815e+00,1.425343808903992038e+00,1.446733591998096591e+00,1.485281708567462777e+00,1.522096506027359020e+00
9.896939605684014207e-01,2.663467414115677112e+00,2.301485932813418511e+00,1.308117964272568656e+00,1.811172941173834428e+00,1.445059161519347768e+00,1.468602386724155995e+00,1.510606630894939295e+00,1.545169782701888650e+00
9.946706294983458374e-01,2.673322404398315033e+00,2.300092715337409999e+00,1.337017538377538894e+00,1.838879445168560833e+00,1.465183687411725222e+00,1.490887344918233604e+00,1.536371380281261523e+00,1.568606667280141531e+00
9.996472984282898100e-01,2.683177394680951622e+00,2.298644518295648087e+00,1.366394578682912586e+00,1.866839504219137247e+00,1.485723542620781989e+00,1.513592975187688205e+00,1.562578169960195051e+00,1.592410013505601407e+00
1.004623967358234227e+00,2.693032384963589543e+00,2.297141341688133220e+00,1.396251732398380963e+00,1.895052476348079384e+00,1.506684955817506832e+00,1.536723811212063584e+00,1.589229140525818540e+00,1.616582713108389635e+00
1.009600636288178643e+00,2.702887375246227020e+00,2.295583185514863622e+00,1.426591646733628593e+00,1.923517703095972919e+00,1.528074228744192631e+00,1.560284411599918597e+00,1.616326357779951373e+00,1.641127697586471701e+00
1.014577305218122616e+00,2.712742365528863608e+00,2.293970049775841069e+00,1.457416968898338938e+00,1.952234509521484807e+00,1.549897736654414659e+00,1.584279359742805315e+00,1.643871810554183188e+00,1.666047940038760000e+00
1.019553974148067033e+00,2.722597355811501085e+00,2.292301934471064673e+00,1.488730346102205004e+00,1.981202204201365058e+00,1.572161928753017746e+00,1.608713263666377014e+00,1.671867408506371167e+00,1.691346457050843188e+00
1.024530643078011449e+00,2.732452346094138562e+00,2.290578839600534433e+00,1.520534425554910030e+00,2.010420079230437196e+00,1.594873328636082777e+00,1.633590755878610690e+00,1.700314979891475842e+00,1.717026310634074848e+00
1.029507312007955422e+00,2.742307336376775595e+00,2.288800765164250794e+00,1.552831854466140138e+00,2.039887410221599584e+00,1.618038534730908529e+00,1.658916493215174093e+00,1.729216269306669052e+00,1.743090610218815506e+00
1.034483980937899839e+00,2.752162326659413072e+00,2.286967711162212424e+00,1.585625280045584784e+00,2.069603456305841860e+00,1.641664220735995716e+00,1.684695156681928818e+00,1.758572935410579241e+00,1.769542514702564517e+00
1.039460649867844255e+00,2.762017316942050549e+00,2.285079677594421099e+00,1.618917349502929426e+00,2.099567460132218066e+00,1.665757136061015053e+00,1.710931451294540828e+00,1.788386548616540006e+00,1.796385234553733001e+00
1.044437318797788228e+00,2.771872307224687138e+00,2.283136664460876375e+00,1.652710710047859521e+00,2.129778647867864194e+00,1.690324106266789528e+00,1.737630105915243250e+00,1.818658588759781924e+00,1.823622033971859846e+00
1.049413987727732644e+00,2.781727297507325058e+00,2.281138671761576919e+00,1.687008008890066080e+00,2.160236229198004398e+00,1.715372033505279781e+00,1.764795873086727251e+00,1.849390442738424234e+00,1.851256233105020188e+00
1.054390656657677061e+00,2.791582287789962535e+00,2.279085699496524953e+00,1.721811893239233227e+00,2.190939397325927462e+00,1.740907896959547063e+00,1.792433528863142556e+00,1.880583402128142456e+00,1.879291210325195971e+00
1.059367325587621034e+00,2.801437278072599124e+00,2.276977747665718699e+00,1.757125010305043977e+00,2.221887328973005449e+00,1.766938753283740393e+00,1.820547872638259346e+00,1.912238660770446241e+00,1.907730404562416604e+00
1.064343994517565450e+00,2.811292268355236601e+00,2.274814816269159046e+00,1.792950007297192672e+00,2.253079184378693700e+00,1.793471737043080827e+00,1.849143726970742030e+00,1.944357312334423549e+00,1.936577317698436218e+00
1.069320663447509867e+00,2.821147258637874078e+00,2.272596905306844661e+00,1.829289531425362547e+00,2.284514107300519292e+00,1.820514061153824859e+00,1.878225937406550194e+00,1.976940347851829927e+00,1.965835517020726675e+00
1.074297332377453840e+00,2.831002248920511111e+00,2.270324014778777322e+00,1.866146229899236175e+00,2.316191225014089916e+00,1.848073017323249356e+00,1.907799372298481622e+00,2.009988653225452282e+00,1.995508637737606561e+00
1.079274001307398256e+00,2.840857239203148588e+00,2.267996144684956583e+00,1.903522749928507896e+00,2.348109648313094322e+00,1.876155976489637389e+00,1.937868922622846490e+00,2.043503006710610137e+00,2.025600385555294647e+00
1.084250670237342673e+00,2.850712229485786064e+00,2.265613295025382001e+00,1.941421738722861612e+00,2.380268471509297878e+00,1.904770389262241848e+00,1.968439501793254998e+00,2.077484076369672916e+00,2.056114539317662082e+00
1.089227339167286646e+00,2.860567219768422653e+00,2.263175465800053576e+00,1.979845843491980339e+00,2.412666772432536799e+00,1.933923786361269936e+00,1.999516045471552594e+00,2.111932417499508219e+00,2.087054953709535088e+00
1.094204008097231062e+00,2.870422210051060574e+00,2.260682657008971308e+00,2.018797711445558640e+00,2.445303612430742568e+00,1.963623779057868557e+00,2.031103511375889070e+00,2.146848470031753386e+00,2.118425562024337960e+00
1.099180677027175479e+00,2.880277200333698051e+00,2.258134868652134752e+00,2.058279989793279086e+00,2.478178036369907300e+00,1.993878059614087928e+00,2.063206879085891288e+00,2.182232555905743610e+00,2.150230378996859759e+00
1.104157345957119452e+00,2.890132190616334640e+00,2.255532100729545242e+00,2.098295325744823359e+00,2.511289072634108166e+00,2.024694401722867187e+00,2.095831149844996411e+00,2.218084876414075257e+00,2.182473503702031081e+00
1.109134014887063868e+00,2.899987180898972117e+00,2.252874353241202332e+00,2.138846366509887353e+00,2.544635733125508725e+00,2.056080660948020444e+00,2.128981346359908322e+00,2.254405509520625017e+00,2.215159122520479418e+00
1.114110683817008285e+00,2.909842171181609594e+00,2.250161626187105579e+00,2.179935759298152753e+00,2.578217013264339830e+00,2.088044775164197731e+00,2.162662512597166575e+00,2.291194407150920043e+00,2.248291512171693984e+00
1.119087352746952257e+00,2.919697161464246626e+00,2.247393919567254983e+00,2.221566151319305682e+00,2.612031891988911170e+00,2.120594764996872605e+00,2.196879713576864290e+00,2.328451392454788493e+00,2.281875042815664223e+00
1.124064021676896674e+00,2.929552151746884103e+00,2.244571233381649655e+00,2.263740189783038037e+00,2.646079331755621933e+00,2.153738734262325760e+00,2.231638035163501677e+00,2.366176157041153250e+00,2.315914181223815316e+00
1.129040690606841091e+00,2.939407142029521580e+00,2.241693567630291817e+00,2.306460521899031946e+00,2.680358278538934158e+00,2.187484870407610860e+00,2.266942583853944537e+00,2.404368258184835128e+00,2.350413494020039185e+00
1.134017359536785063e+00,2.949262132312158169e+00,2.238760922313180135e+00,2.349729794876973976e+00,2.714867661831399381e+00,2.221841444950535926e+00,2.302798486562532609e+00,2.443027116005301203e+00,2.385377650992733134e+00
1.138994028466729480e+00,2.959117122594796090e+00,2.235773297430314166e+00,2.393550655926557802e+00,2.749606394643648422e+00,2.256816813919654052e+00,2.339210890403328413e+00,2.482152010617234783e+00,2.420811428478658822e+00
1.143970697396673897e+00,2.968972112877433567e+00,2.232730692981695242e+00,2.437925752257461998e+00,2.784573373504378502e+00,2.292419418294218580e+00,2.376184962469458206e+00,2.521742079252764057e+00,2.456719712819448453e+00
1.148947366326617869e+00,2.978827103160070155e+00,2.229633108967322475e+00,2.482857731079374020e+00,2.819767478460373678e+00,2.328657784444177814e+00,2.413725889609628084e+00,2.561796313355332089e+00,2.493107503891679677e+00
1.153924035256562286e+00,2.988682093442708076e+00,2.226480545387195864e+00,2.528349239601986653e+00,2.855187573076499952e+00,2.365540524570155068e+00,2.451838878201745509e+00,2.602313555645027421e+00,2.529979918711334541e+00
1.158900704186506703e+00,2.998537083725345553e+00,2.223273002241314966e+00,2.574402925034983802e+00,2.890832504435695505e+00,2.403076337143414953e+00,2.490529153923670247e+00,2.643292497155262488e+00,2.567342195113493375e+00
1.163877373116450675e+00,3.008392074007982142e+00,2.220010479529681113e+00,2.621021434588047150e+00,2.926701103138974247e+00,2.441274007345839436e+00,2.529801961521101816e+00,2.684731674240740329e+00,2.605199695508189972e+00
1.168854042046395092e+00,3.018247064290619619e+00,2.216692977252293417e+00,2.668207415470872590e+00,2.962792183305438698e+00,2.480142407509928759e+00,2.569662564572611885e+00,2.726629465556571041e+00,2.643557910713261627e+00
1.173830710976339509e+00,3.028102054573257096e+00,2.213320495409151878e+00,2.715963514893141806e+00,2.999104542572263110e+00,2.519690497558752629e+00,2.610116245251775879e+00,2.768984089008390992e+00,2.682422463865067552e+00
1.178807379906283481e+00,3.037957044855893685e+00,2.209893034000256939e+00,2.764292380064539145e+00,3.035636962094694802e+00,2.559927325445938262e+00,2.651168304086452210e+00,2.811793598673444805e+00,2.721799114407980280e+00
1.183784048836227898e+00,3.047812035138531606e+00,2.206410593025607714e+00,2.813196658194760502e+00,3.072388206546073253e+00,2.600862027595661985e+00,2.692824059715213991e+00,2.855055881692478259e+00,2.761693762163544008e+00
1.188760717766172315e+00,3.057667025421169082e+00,2.202873172485205089e+00,2.862678996493483563e+00,3.109357024117802126e+00,2.642503829342597754e+00,2.735088848640853776e+00,2.898768655132299976e+00,2.802112451480131217e+00
1.193737386696116287e+00,3.067522015703806115e+00,2.199280772379049065e+00,2.912742042170395784e+00,3.146542146519369698e+00,2.684862045371921635e+00,2.777968024981083417e+00,2.942929462818989261e+00,2.843061375464082996e+00
1.198714055626060704e+00,3.077377005986443592e+00,2.195633392707138309e+00,2.963388442435190839e+00,3.183942288978347968e+00,2.727946080159283859e+00,2.821466960216327813e+00,2.987535672141563570e+00,2.884546880293165749e+00
1.203690724556004676e+00,3.087231996269080181e+00,2.191931033469475043e+00,3.014620844497546415e+00,3.221556150240374450e+00,2.771765428410769783e+00,2.865591042934642729e+00,3.032584470825997691e+00,2.926575469613247105e+00
1.208667393485949093e+00,3.097086986551717658e+00,2.188173694666057489e+00,3.066441895567159293e+00,3.259382412569178822e+00,2.816329675502910135e+00,2.910345678573800665e+00,3.078072863679552018e+00,2.969153809019166701e+00
1.213644062415893510e+00,3.106941976834355135e+00,2.184361376296886537e+00,3.118854242853711156e+00,3.297419741746562494e+00,2.861648497922624212e+00,2.955736289160459052e+00,3.123997669305204283e+00,3.012288730620610089e+00
1.218620731345837482e+00,3.116796967116991723e+00,2.180494078361961741e+00,3.171860533566884133e+00,3.335666787072399053e+00,2.907731663707215919e+00,3.001768313046494718e+00,3.170355516786152350e+00,3.055987237693999159e+00
1.223597400275781899e+00,3.126651957399629200e+00,2.176571800861282657e+00,3.225463414916374560e+00,3.374122181364652029e+00,2.954589032884360034e+00,3.048447204642467323e+00,3.217142842340247721e+00,3.100256509421277951e+00
1.228574069205726316e+00,3.136506947682267121e+00,2.172594543794850175e+00,3.279665534111865455e+00,3.412784540959358903e+00,3.002230557912062281e+00,3.095778434148185543e+00,3.264355885944224767e+00,3.145103905716482018e+00
1.233550738135670288e+00,3.146361937964903710e+00,2.168562307162664737e+00,3.334469538363037167e+00,3.451652465710627116e+00,3.050666284118636717e+00,3.143767487280421769e+00,3.311990687927647059e+00,3.190536972141092331e+00
1.238527407065614705e+00,3.156216928247541631e+00,2.164475090964724568e+00,3.389878074879587810e+00,3.490724538990660708e+00,3.099906350142714651e+00,3.192419864997785961e+00,3.360043085536490892e+00,3.236563444909082765e+00
1.243504075995559122e+00,3.166071918530179108e+00,2.160332895201031445e+00,3.445893790871197737e+00,3.529999327689725241e+00,3.149960988373176285e+00,3.241741083222660080e+00,3.408508709466135045e+00,3.283191255982528034e+00
1.248480744925503094e+00,3.175926908812815697e+00,2.156135719871584477e+00,3.502519333547549962e+00,3.569475382216166004e+00,3.200840525389160529e+00,3.291736672560329424e+00,3.457382980363803426e+00,3.330428538258844551e+00
1.253457413855447511e+00,3.185781899095453173e+00,2.151883564976382779e+00,3.559757350118340824e+00,3.609151236496420889e+00,3.252555382400043271e+00,3.342412178015222501e+00,3.506661105300242554e+00,3.378283630850505315e+00
1.258434082785391928e+00,3.195636889378090650e+00,2.147576430515428569e+00,3.617610487793252894e+00,3.649025407974991531e+00,3.305116075685396559e+00,3.393773158704262105e+00,3.556338074210540601e+00,3.426765084458200938e+00
1.263410751715335900e+00,3.205491879660727683e+00,2.143214316488720517e+00,3.676081393781966078e+00,3.689096397614461065e+00,3.358533217034977536e+00,3.445825187567366221e+00,3.606408656304002758e+00,3.475881666838430473e+00
1.268387420645280317e+00,3.215346869943365160e+00,2.138797222896258621e+00,3.735172715294179824e+00,3.729362689895496796e+00,3.412817514188713819e+00,3.498573851075094332e+00,3.656867396442986529e+00,3.525642368366481261e+00
1.273364089575224734e+00,3.225201860226002637e+00,2.134325149738042438e+00,3.794887099539574926e+00,3.769822752816840428e+00,3.467979771276668011e+00,3.552024748933381382e+00,3.707708611490502904e+00,3.576056407695697104e+00
1.278340758505168706e+00,3.235056850508639226e+00,2.129798097014073743e+00,3.855227193727829516e+00,3.810475037895304951e+00,3.524030889259010202e+00,3.606183493785434013e+00,3.758926386626570526e+00,3.627133237514081454e+00
1.283317427435113123e+00,3.244911840791277147e+00,2.125216064724350318e+00,3.916195645068647480e+00,3.851317980165797739e+00,3.580981866366033106e+00,3.661055710910773087e+00,3.810514571633179415e+00,3.678882550399177997e+00
1.288294096365057539e+00,3.254766831073914624e+00,2.120579052868872605e+00,3.977795100771706949e+00,3.892349998181294790e+00,3.638843798538079266e+00,3.716647037921343433e+00,3.862466777147695041e+00,3.731314284772162537e+00
1.293270765295001512e+00,3.264621821356551212e+00,2.115887061447642825e+00,4.040028208046688718e+00,3.933569494012841172e+00,3.697627879865551748e+00,3.772963124454825401e+00,3.914776370884690770e+00,3.784438630952195570e+00
1.298247434224945929e+00,3.274476811639188689e+00,2.111140090460658758e+00,4.102897614103290458e+00,3.974974853249579443e+00,3.757345403028892417e+00,3.830009631865042508e+00,3.967436473826040366e+00,3.838266037311989898e+00
1.303224103154890345e+00,3.284331801921826166e+00,2.106338139907920848e+00,4.166405966151193851e+00,4.016564444998721228e+00,3.818007759738541118e+00,3.887792232909488721e+00,4.020439956379137314e+00,3.892807216535542736e+00
1.308200772084834318e+00,3.294186792204463199e+00,2.101481209789429538e+00,4.230555911400082358e+00,4.058336621885550777e+00,3.879626441174921503e+00,3.946316611434006916e+00,4.073779434503192576e+00,3.948073151979087925e+00
1.313177441014778735e+00,3.304041782487100676e+00,2.096569300105183498e+00,4.295350097059649208e+00,4.100289720053440945e+00,3.942213038428438843e+00,4.005588462054610943e+00,4.127447265803477094e+00,4.004075104136251007e+00
1.318154109944723151e+00,3.313896772769738597e+00,2.091602410855184502e+00,4.360791170339583189e+00,4.142422059163841652e+00,4.005779242939425444e+00,4.065613489836384709e+00,4.181435545593345182e+00,4.060824617208345977e+00
1.323130778874667124e+00,3.323751763052375185e+00,2.086580542039432551e+00,4.426881778449559768e+00,4.184731942396268778e+00,4.070336846938127806e+00,4.126397409969563057e+00,4.235736102924012592e+00,4.118333525780908388e+00
1.328107447804611541e+00,3.333606753335012662e+00,2.081503693657924980e+00,4.493624568599275726e+00,4.227217656448332583e+00,4.135897743884713762e+00,4.187945947442742067e+00,4.290340496581936947e+00,4.176613961607437808e+00
1.333084116734555957e+00,3.343461743617650139e+00,2.076371865710664899e+00,4.561022187998416300e+00,4.269877471535714619e+00,4.202473928909210343e+00,4.250264836713174788e+00,4.345240011053673079e+00,4.235678360501311523e+00
1.338060785664499930e+00,3.353316733900286728e+00,2.071185058197651863e+00,4.629077283856660507e+00,4.312709641392166837e+00,4.270077499251497599e+00,4.313359821374240788e+00,4.400425652458110903e+00,4.295539469336978833e+00
1.343037454594444347e+00,3.363171724182924205e+00,2.065943271118884095e+00,4.697792503383706908e+00,4.355712403269536459e+00,4.338720654701303303e+00,4.377236653820042456e+00,4.455888144446018551e+00,4.356210353161419135e+00
1.348014123524388763e+00,3.373026714465561682e+00,2.060646504474362040e+00,4.767170493789236296e+00,4.398883977937738443e+00,4.408415698038148811e+00,4.441901094907094283e+00,4.511617924066695373e+00,4.417704402416822163e+00
1.352990792454332736e+00,3.382881704748198715e+00,2.055294758264087474e+00,4.837213902282930356e+00,4.442222569684766142e+00,4.479175035471349986e+00,4.507358913613193963e+00,4.567605137601725040e+00,4.480035340275660971e+00
1.357967461384277152e+00,3.392736695030836191e+00,2.049888032488058620e+00,4.907925376074488533e+00,4.485726366316697522e+00,4.551011177079999470e+00,4.573615886693396249e+00,4.623839636365640438e+00,4.543217230089072523e+00
1.362944130314221569e+00,3.402591685313474112e+00,2.044426327146275479e+00,4.979307562373593399e+00,4.529393539157680060e+00,4.623936737252918761e+00,4.640677798333107340e+00,4.680310972473417763e+00,4.607264482949624984e+00
1.367920799244165542e+00,3.412446675596110701e+00,2.038909642238739828e+00,5.051363108389921308e+00,4.573222243049943181e+00,4.697964435128648475e+00,4.708550439798323772e+00,4.737008394574688808e+00,4.672191865369528685e+00
1.372897468174109958e+00,3.422301665878748178e+00,2.033337977765450333e+00,5.124094661333169043e+00,4.617210616353796482e+00,4.773107095035451053e+00,4.777239609083034466e+00,4.793920843554602129e+00,4.738014507075341442e+00
1.377874137104054375e+00,3.432156656161385655e+00,2.027711333726406995e+00,5.197504868413023615e+00,4.661356780947627065e+00,4.849377646931251284e+00,4.846751110553672248e+00,4.851036948201103094e+00,4.804747908920172783e+00
1.382850806033998348e+00,3.442011646444022244e+00,2.022029710121608925e+00,5.271596376839164044e+00,4.705658842227897765e+00,4.926789126843626576e+00,4.917090754590772050e+00,4.908345020838667416e+00,4.872407950914495522e+00
1.387827474963942764e+00,3.451866636726659721e+00,2.016293106951057901e+00,5.346371833821288888e+00,4.750114889109157801e+00,5.005354677309808764e+00,4.988264357227736312e+00,4.965833052928287472e+00,4.941010900376609172e+00
1.392804143893887181e+00,3.461721627009297642e+00,2.010501524214753921e+00,5.421833886569077166e+00,4.794722994024025908e+00,5.085087547816618425e+00,5.060277739786704032e+00,5.023488710633609244e+00,5.010573420203802364e+00
1.397780812823831154e+00,3.471576617291934230e+00,2.004654961912695654e+00,5.497985182292213224e+00,4.839481212923197440e+00,5.166001095240477348e+00,5.133136728511579427e+00,5.081299330353139965e+00,5.081112577265291641e+00
1.402757481753775570e+00,3.481431607574571707e+00,1.998753420044883544e+00,5.574828368200392958e+00,4.884387585275461241e+00,5.248108784287381923e+00,5.206847154198205097e+00,5.139251914218406547e+00,5.152645850918056603e+00
1.407734150683719987e+00,3.491286597857209628e+00,1.992796898611317369e+00,5.652366091503298051e+00,4.929440134067666790e+00,5.331424187932864989e+00,5.281414851821617518e+00,5.197333125557925371e+00,5.225191141646543969e+00
1.412710819613663960e+00,3.501141588139846217e+00,1.986785397611998016e+00,5.730600999410611962e+00,4.974636865804744623e+00,5.415960987861978104e+00,5.356845660160457712e+00,5.255529284326888373e+00,5.298766779827405848e+00
1.417687488543608376e+00,3.510996578422483694e+00,1.980718917046924155e+00,5.809535739132027032e+00,5.019975770509721436e+00,5.501732974909295137e+00,5.433145421418553944e+00,5.313826362502511280e+00,5.373391534620392207e+00
1.422664157473552793e+00,3.520851568705121171e+00,1.974597456916097338e+00,5.889172957877230274e+00,5.065454821723679224e+00,5.588754049498854570e+00,5.510319980843545906e+00,5.372209979444815708e+00,5.449084622986328341e+00
1.427640826403496765e+00,3.530706558987758203e+00,1.968421017219517122e+00,5.969515302855900707e+00,5.111071976505790815e+00,5.677038222084149766e+00,5.588375186342717349e+00,5.430665397222838031e+00,5.525865718833454565e+00
1.432617495333441182e+00,3.540561549270395680e+00,1.962189597957182619e+00,6.050565421277735112e+00,5.156825175433303876e+00,5.766599613588130779e+00,5.667316888095939476e+00,5.489177515906126459e+00,5.603754962293133524e+00
1.437594164263385599e+00,3.550416539553033157e+00,1.955903199129094938e+00,6.132325960352415173e+00,5.202712342601548912e+00,5.857452455843142225e+00,5.747150938165706435e+00,5.547730868821362016e+00,5.682772969125991835e+00
1.442570833193329571e+00,3.560271529835669746e+00,1.949561820735252526e+00,6.214799567289623461e+00,5.248731385623925050e+00,5.949611092030918869e+00,5.827883190104346411e+00,5.606309617774076770e+00,5.762940840259706654e+00
1.447547502123273988e+00,3.570126520118307223e+00,1.943165462775657160e+00,6.297988889299058535e+00,5.294880195631923137e+00,6.043089977122589218e+00,5.909519498558369222e+00,5.664897548235328983e+00,5.844280171459491413e+00
1.452524171053217961e+00,3.579981510400943812e+00,1.936714125250308394e+00,6.381896573590394972e+00,5.341156647275097313e+00,6.137903678318602729e+00,5.992065718869879376e+00,5.723478064493148665e+00,5.926813063132317261e+00
1.457500839983162377e+00,3.589836500683581733e+00,1.930207808159205118e+00,6.466525267373333108e+00,5.387558598721096104e+00,6.234066875488762705e+00,6.075527706675215356e+00,5.782034184768795271e+00,6.010562130266223768e+00
1.462477508913106794e+00,3.599691490966219209e+00,1.923646511502348666e+00,6.551877617857551073e+00,5.434083891655631327e+00,6.331594361612145505e+00,6.159911317500609940e+00,5.840548536297536231e+00,6.095550512505480967e+00
1.467454177843050767e+00,3.609546481248856242e+00,1.917030235279738815e+00,6.637956272252728773e+00,5.480730351282499413e+00,6.430501043217125456e+00,6.245222406355084743e+00,5.899003350374028898e+00,6.181801884363153476e+00
1.472430846772995183e+00,3.619401471531493719e+00,1.910358979491374676e+00,6.724763877768566545e+00,5.527495786323583182e+00,6.530801940821348239e+00,6.331466827320422652e+00,5.957380457362022597e+00,6.269340465571836774e+00
1.477407515702939600e+00,3.629256461814131196e+00,1.903632744137256250e+00,6.812303081614743405e+00,5.574377989018830526e+00,6.632512189371677636e+00,6.418650433138255451e+00,6.015661281668348792e+00,6.358191031573890761e+00
1.482384184632883573e+00,3.639111452096767785e+00,1.896851529217385091e+00,6.900576531000942815e+00,5.621374735126272171e+00,6.735647038684200005e+00,6.506779074794311057e+00,6.073826836681120334e+00,6.448378924152271985e+00
1.487360853562827989e+00,3.648966442379405262e+00,1.890015334731760310e+00,6.989586873136867773e+00,5.668483783922022567e+00,6.840221853884207448e+00,6.595858601099813256e+00,6.131857719671977236e+00,6.539930062203146655e+00
1.492337522492772406e+00,3.658821432662042739e+00,1.883124160680381465e+00,7.079336755232189304e+00,5.715702878200268344e+00,6.946252115846150765e+00,6.685894858269943342e+00,6.189734106662247548e+00,6.632870952651302332e+00
1.497314191422716156e+00,3.668676422944679327e+00,1.876178007063248998e+00,7.169828824496591757e+00,5.763029744273270971e+00,7.053753421633620846e+00,6.776893689499476459e+00,6.247435747252984228e+00,6.727228701509678999e+00
