x,y
-0.6421303726491276,-1.9544667182877666
0.2798263314303091,0.5048284234526461
-0.06546319771302977,-0.10791125849012073
-0.2589989457839039,-1.0288650761060563
-0.29016533138069756,-0.8363968837503342
0.58103649170653,0.3765545894037322
0.8102876733543478,0.8788718727168623
-0.6452936163539027,-1.9838590244297583
0.3055696053702639,0.3577043131491672
-0.40339446528886147,-2.1248785994867285
0.9339244003247811,1.2580706875894936
0.8397003210745564,1.1499984731701114
0.2717416082893027,0.9953884487388356
0.5054641941581732,1.1514515151247209
0.0303073926447035,0.7258261397975478
0.65179051675114,1.1899420847085855
-0.10323890919979362,0.6350763530329336
-0.3223750933724763,-1.084052020751762
-0.4442015689996819,-2.7535753419579936
-0.5473338863131931,-1.6008749000636147
0.05163368669049673,0.9918174689565515
-0.13817587863113712,-0.08092498240261231
0.3263612409451908,0.7130403639668208
-0.9743190352663869,-0.3699565281645223
-0.1045961969225584,-0.05111875286779838
-0.26963839773521725,-0.8010233553744905
-0.6092048002568919,-1.3735961643623458
0.18973174201210563,0.23289598183699045
-0.12937368809871086,-0.08779568245298393
-0.40001699250970035,-1.1775706658919871
-0.5811677575275609,-1.4760263013223156
0.749248114384359,2.042123509878434
0.5949246310428653,0.7278748274464188
0.213419353369958,0.4796341799305273
-0.3097988426654157,-0.9425599979884016
0.8936395819592968,1.6099531275550096
0.1267547490050911,0.45503083484051143
-0.13447452076009592,-0.22307882608968307
0.8008991980084441,1.2115615674282962
-0.3613163921962752,-1.3504902131711465
0.3919897402675667,1.3781749018648597
-0.37235934547525984,-0.690272642650559
-0.47689390737640003,-2.017758856631374
0.40168177900171087,0.8036215507663063
-0.5442160421852846,-2.3593679210143685
-0.013779354030238444,0.6754115234652948
0.16005690604111233,0.46420079893648686
-0.6221872704910831,-1.608096034443229
0.4624813167168893,1.0848189416916136
0.09696612924926051,1.2481567716068844
0.24300651925187533,0.9156157856289479
-0.2557113664063402,-1.1466530976051028
-0.15961348015873233,-0.6236386561061166
-0.010340644165887536,0.7641629057398757
-0.06005817518766032,0.046603281908876276
0.35127844569924616,0.9473118839538579
0.1543550089923984,1.1446429593389489
-0.1674587140150674,0.03379307744398269
-0.996395292786362,0.5079200429904067
0.5880621215510085,0.4650309540089562
0.03876844228867116,0.1993921140106386
-0.34691067237746,-1.3126396891589085
-8.995517761212213e-05,0.6586640699079036
-0.8131081330107639,-0.675786554921572
0.8094081451067057,1.5984612402045222
0.9794723351690069,1.4262894780528146
-0.8825295649688341,-0.4363755389294578
-0.2835375628172372,-1.0610045421422685
0.46012915563816703,1.311319216414685
-0.3715237375642346,-1.22884741845671
0.13409951672889786,0.4722061710773323
-0.16685807536994024,-0.9053200041606122
0.5484243152617498,0.30714063449608964
0.9169288019280677,1.014873376439254
0.7767908526333533,0.9053584847381029
0.241870930400099,0.6854055589678769
-0.6794513746638604,-2.005282276049122
0.8941241666233255,1.0363345888059725
-0.9527351426564479,-0.6315629176750214
-0.4045810871582771,-2.0873107160812094
-0.4367730137988084,-1.8778489121121351
0.3436519634454094,1.091758880299737
-0.025273867854977095,0.34715414794562693
-0.8142229024851055,-0.5267746761525829
-0.9742842245101393,-0.02324898187551281
0.20863149354727573,0.7618786415575619
-0.01703333531814777,0.25369679443510096
0.2027642426808023,0.5865003244697558
0.12804772773106898,0.830535098630418
0.78091821659936,1.539086177208353
0.8367937157411935,1.3724290005901212
-0.62348567779527,-1.3993396298317786
0.8842417389410684,1.1998207691637979
0.5754532526455671,1.0420380041284019
0.27805250444593277,0.9666699093386002
0.31921453498189867,0.5422805325231833
0.09212045980128503,0.3438256706494462
0.8345265992856814,0.7704488390944069
-0.5334735875997225,-1.4955808562925812
0.19863198453916175,0.680880723765974
0.628486123743301,1.2288499044841519
-0.7304770967577401,-1.6239910607251522
0.23101654871773403,0.8248815086082157
-0.19433304894085213,-0.9568732507502904
0.5320726829325657,1.1757092409064824
-0.8645712787589188,0.18919046883901758
0.21362876206840675,0.4756135026351168
0.7141573799732936,1.183749290696242
0.2566957247261812,0.6363562640760079
-0.3573246090929585,-1.2424904423454566
0.31159211184377833,1.5229492941346774
-0.3236943145279785,-1.5268674700553153
0.33718557682018013,1.280314431056175
-0.743311197115893,-1.1908262491042823
-0.44001651160821464,-2.012802030343182
-0.9345632436061693,-0.3006198955816408
-0.8321812220746183,-0.26152663134189214
0.10953923963301304,0.9404998581719366
-0.5366035572153856,-1.8459756018394764
0.0321651752754637,0.5131268509832375
0.3191390661456821,0.7139115754819617
0.762372358699047,1.3496898618686677
-0.28987797082292266,-0.39263899601312124
-0.3626420671225097,-1.5670516791756253
-0.37266651687238395,-1.9169660625581117
-0.7643007109512094,-0.8981946617442587
0.3263667293145289,1.125625657257489
0.6393091628744207,1.410086336742664
-0.053990278274022474,-0.22642779126061924
0.11659479389709482,0.912831607230005
0.9169602273912367,0.7197054178654619
0.39783034330497724,1.4122860578851237
0.49006977329530366,1.1948361247945016
0.7789967146090568,1.0568198468402081
-0.5684188478317622,-2.2125967996901075
0.30033211664138126,1.620945227441009
0.4347890106527872,0.8641380293893411
0.6844558594470516,1.3903610242217799
-0.31242890799621126,-1.962297461788867
0.37758941142609537,0.9715133032892334
0.2088012116052116,1.2007877237973152
-0.18127793235466938,-1.2933582400812775
-0.7966284858356734,-0.7637109270251629
-0.2939031324337191,-0.7251040740910175
0.9269694962409576,0.4767405475394988
-0.5669529967744029,-1.8266952220123782
-0.7727240128236488,-1.1145222502026153
-0.26464115052598447,-1.243373507551974
-0.7980384157880358,-1.0786017148694533
-0.4656021363274572,-2.114463454010224
0.8289122442058492,0.8452530444744777
-0.362435837108841,-1.5306311352328479
0.17177902909365161,0.9170038599095978
-0.5225104408900969,-2.301004993304713
0.3359598487970097,0.7161166119797764
-0.744687224670235,-1.1027395515934062
0.5796187665510097,1.3959352380327752
-0.15410791045681438,0.07186975129441164
-0.6326792258171374,-1.6310796865817705
0.516499131296982,0.9722575758870791
0.10856507805446558,0.2858077025213287
-0.12370997933806183,-0.15055783930295238
-0.5187479163724535,-2.4965567886398654
0.5627317863894354,0.8211960274645974
-0.26942988659307887,-1.5123722072844
-0.9138186187308086,-0.5256417292492697
0.9307385396893599,1.040765878842228
-0.9390703837502099,-0.06731274559690945
-0.7590618447522517,-0.6202944096523026
-0.06837493800924133,0.20594201502604104
-0.5842901168561325,-1.9337404152863678
-0.32972992482780916,-1.140128261414361
0.13513048386668136,0.2459650182207348
0.9156839045179064,1.6134551792762615
0.8726244485156895,0.3272314189103124
-0.8522080483095296,-0.33582555396819647
0.7066273125199987,1.2704553247176484
-0.6643526897355096,-1.7159929056294618
0.622865745006467,0.8459157893698009
-0.40730556430360143,-2.1977311291384045
0.43566871456579626,0.9481597580469955
0.4375864100550535,1.1001484130166292
0.7011025195127101,0.8821814073150643
0.959251697702987,1.0697505264877591
-0.44903829427399655,-1.532740154839383
0.2566169173487822,0.6621963021597268
0.47852159127406835,1.213689719562256
-0.8407413248487865,-0.47069161214001437
0.3259226755376978,0.9535003073570868
-0.3569689693835041,-1.220452909257195
-0.6770619146780983,-1.3500123310819545
0.09894311566951819,0.5084060307206946
-0.07623280584486469,-0.14260141132047244
0.15415966591981212,0.9417790888214731
0.28383518080671366,1.3213552608729469
-0.0026622773029965074,0.4973537407753713
0.8103014148782723,0.9811652399276382
-0.6441716032179912,-1.5721446011618383
-0.4224167019811491,-2.1265567015740325
-0.28755671763982993,-0.7522733504895416
0.5487640401573219,1.4388544444588132
0.30419623373190885,1.5146227701940855
-0.587154639874377,-1.440137380645109
0.48888378118783216,0.67873906365515
0.5430740758134884,0.8931428782255693
0.5404829311449044,0.7980659762391236
-0.8432541901556276,-0.4707030997342624
-0.5757217023484549,-1.3048641195193968
0.7907700542652418,0.259688778382844
0.7588641197434214,1.2501660593473152
-0.5888546848066545,-1.6624125002797292
0.1027513166294316,0.8655770202342778
-0.4746334831046377,-1.5829537999860013
-0.16743045686773828,-0.7500917760463092
-0.9581103116751879,0.26106014486448
-0.43647952652649646,-1.6400311100476084
-0.45863819710817966,-1.8649174235049517
0.8382609819041482,1.1127152649436585
0.1759404332656509,0.7345145777964107
-0.6449670131367684,-1.5563374098726086
-0.1448709149173204,-0.10733317853656127
-0.014127675620091873,-0.065016211207157
0.2747202348521127,0.8095253115931982
0.06489569969671738,0.5074416575352391
-0.1580145853113133,-0.40181754648997386
-0.37841397644939123,-1.6783182807083787
0.14999901760377554,0.23949130192030121
0.9516640273414583,1.0966967877197327
0.10597392877243261,1.1890974096092222
0.7740242934368888,0.8685077856913801
-0.9694551296327019,0.03545190928420426
-0.5938051943540068,-1.9791697492479103
0.7295359586460957,1.1591768457933613
0.13894579398953866,0.762070447700198
-0.02488384272592281,0.7144301935237488
-0.2623914226373427,-1.2099318240056813
-0.4094685742209987,-1.4596162354836153
0.35765959310709894,0.6669092792655731
-0.2685298888399994,-1.2384477487904029
-0.12953058518677008,-0.1817893270538688
0.5536965758551728,0.3760857636696987
0.8923659450415902,0.7449730106013308
0.987313706829291,1.1213707447847272
-0.03016952598573419,0.07064927780581076
-0.7236618899989862,-1.7201178614741428
-0.9501527951297895,-0.5998127667220463
-0.010686588883823456,0.4237019337371098
-0.8472900170293438,-0.7962346199633021
-0.764573840035311,-1.0279198872153041
-0.5303218410203001,-2.8060909087270405
0.9839861958829956,0.5621399131004771
-0.6755428849588683,-1.7457388717946045
-0.7797357620051679,-0.70626834736666
0.8318475489539034,1.4094965711721485
0.24413948190567747,1.1493064160312156
0.4798014047016781,0.2044256153302041
-0.290533089059271,-0.8862435807719617
0.8676650179783887,1.492941928292537
0.9522012707141367,0.6474344254916086
0.11691140355574103,0.8847884496725229
0.9736805530557742,1.0135655007894273
0.011588705637513907,0.3338835016862423
-0.12051943213114913,-0.13197073577185464
0.570868002919803,0.6643162209030959
0.28849533866067767,0.9743044899832993
-0.5989392866335286,-1.781430893129876
0.029878571991361458,0.6399249764336585
-0.9670810810270307,0.6208194278797631
0.7513197031263574,0.7260928556383732
0.08489177239274226,1.1303419426231194
-0.9076259429131377,-0.26758445250713786
0.8755178521656233,1.0728210285946682
0.9988729355423693,0.05052408359769822
0.474610850574521,1.2431978756818693
-0.1373530923822961,-0.6764942393271584
0.18283856406960064,0.5563407476610385
-0.9795361956866597,-0.08247136235318006
-0.7831013539745719,-1.0646208859310542
-0.3380011236590239,-1.7188414364656794
-0.17746262302275162,-0.004651337936793176
0.5118976647139577,1.1511445485708331
-0.6585404468234914,-0.6983814012091609
-0.767790527808178,-1.2892891254696621
0.3949278666172782,0.632044814294402
0.7760642399739284,1.79949676509959
0.7593345045951474,0.6638975751209397
0.4838324020628173,1.0110640966327882
0.9671346001693417,0.7907094394621254
0.04418421318155552,0.5187561729444309
0.5489375459509587,0.4498886746429583
-0.16564513122381896,-0.6683349627693913
-0.29348867876682383,-0.49764183334388
0.8216441843319329,1.175368688065716
-0.1385859925103945,0.26302639022425756
0.49294207391747213,0.7015417287543262
-0.005954768599164995,0.4735694409539171
-0.7755741518633641,-0.749083749661633
-0.7462478441868794,-0.9072296350588116
0.0202451726540005,0.46503804548110983
0.41535579580074056,0.9408621615683086
0.4849684233464808,1.3051452712788771
-0.32860583277709665,-1.2440439462071802
-0.9815786840068577,-0.5838454110704034
0.06671285244222847,0.4731511718131354
-0.6208660162555899,-2.0427669262300028
-0.3597600649649231,-2.0881337876622417
0.13289827436273116,1.1202943186135357
-0.21633405537840456,-0.3579634058040837
-0.08199672731516738,-0.21024084220363976
-0.8990821027790818,-0.43476468252776357
-0.6339691703358101,-0.9211721386340884
0.6837911675038504,1.0105006058071366
0.023762854730589478,0.5153770964392566
0.7702354120502986,1.2317788847522424
0.7146020017731938,1.5473981720076198
-0.6136600486026811,-1.4999511099648848
-0.2008063215499396,-0.2623142048354002
0.05155660015913921,0.30387874006857835
-0.8049697007292915,-0.5136072248018229
-0.829287676547031,-0.7137838928229453
0.6829731168073641,0.7856470395289749
0.6534272403176304,1.2337773041641966
-0.23342127385659328,0.055777367841337355
0.413169364425755,0.9972017828233584
0.03586621987133087,0.9532896339536734
0.49530703951887767,0.8373223764762068
-0.36962979316257916,-2.0737323537692607
-0.05192755548101946,0.4108884658290884
0.7859126614262515,0.7771763908250174
0.6332881410581457,0.9449374754484527
-0.38007248965759666,-0.8836233508213713
0.7635421616966227,0.4936467788866895
-0.2025621271161302,-0.5192469095916773
0.3647598896887949,1.1107751764221556
0.42302110162659945,1.0343219776115804
-0.1966300621499797,-0.8137134051869684
0.6541876140267184,1.1088425776425057
-0.06929656584855515,-0.2014338902206917
0.9213774040554759,1.561753256369731
0.8733978694960742,1.1495418405178164
0.8005308343057236,1.592694003352891
0.8167069221086454,1.0286043241795029
-0.7059069081165164,-1.0158499636512253
0.2966682022101539,1.1868281411622315
0.48222908016544297,0.5276929914695834
0.05751833449157928,1.2197246323314483
0.05844197132553153,1.6141727632007914
-0.5971381829260998,-1.340698251700373
-0.6784269909437743,-1.9108936213956265
0.5662686585543018,0.6752738923297942
-0.7007888468134136,-2.1215882790697522
0.4563939426043766,0.6405799198702995
-0.8458630241691572,0.02966534308991975
-0.17549577837296648,-0.11578906264324096
-0.9519773370128879,-0.4120958193875287
0.3207453429879341,0.49982885899768165
-0.414168248124011,-1.9059999680234978
-0.0645998314291707,0.537249459151141
-0.427102560019051,-1.540276130611681
0.031548865285299765,1.103132146742157
0.3152935200159548,0.7184509706027964
-0.6661732824290489,-1.4471618987102508
0.5540980414084993,0.7121144773298801
0.5650307325815058,0.9000112445387347
0.8843312633186988,0.9728824328704155
-0.2386095199868279,-0.9633931231005081
0.7462625240831797,1.3246276031257695
-0.8126290140513692,-0.9342915008236785
0.987812618867782,0.7998595603652177
-0.5755850502920627,-2.0697516328399064
-0.25230171117872624,-0.5174840059183781
-0.8129930904508158,-0.16268480789315432
0.6702834684151149,1.7463526290357603
-0.028134043147323595,0.6235098315296641
0.924802887371797,1.0041767701709576
-0.7107685902533007,-1.6190439650914368
0.7836435284664407,0.7662149843315295
-0.2809077621353169,-1.1270077280405526
-0.5274186326150754,-2.2454978705386077
0.31424631031517336,1.213703609267815
-0.9396230614810208,-0.036505185117836084
0.050939449654899605,0.1791630582274789
-0.05278962386772523,0.14595156815520127
-0.9029897348357625,0.0032561332606104165
-0.13163553355842295,0.19418887118318096
-0.39016163468275344,-1.5222194596629752
-0.5027036016706947,-1.587663911381388
0.8605874978261558,1.2279637371745051
0.19659368998100368,0.7713351423576595
-0.6916849941144876,-1.321588394826919
0.5142632506704365,0.9932845028204441
-0.2608666196268421,-1.1828311800182882
0.1977013276325983,1.0187643986144934
-0.24013013164232455,-0.8653827467443341
0.27709170620192713,1.091721834828299
0.36387407514721204,0.948821096678673
-0.4329314673597875,-1.7184763566542853
0.6621153752265119,0.43384105420073593
0.23626149937051566,1.7729368140630224
0.2105371890149088,1.1932007869397057
-0.5639881399074638,-1.614279703160327
-0.49207490839164003,-1.1860948065691965
-0.2092458952417886,-0.32392891735150386
-0.932254603636576,0.018385171880577533
-0.8905377133985548,-0.11766262354310192
0.32536413723812796,1.5355120004950225
-0.3670428794629266,-1.4133243789595364
0.44048895206099403,0.46711704881618576
-0.8503471148915562,-1.079082820456453
0.4802624999258598,1.423597836288197
-0.5716423397589223,-1.821440349429195
0.739103111156699,1.31511503358888
0.8130644849149973,1.1157808242423684
0.3786266117246575,1.0994322819177054
-0.2114266574196566,-0.9779812334389135
-0.9487042057440735,0.08818550531804481
0.5222263456836636,0.16463437604180253
0.1256351419367021,0.7482586975371578
-0.8354175011809459,-1.1062692891574484
0.14147437380533767,0.871303922212049
-0.9876886613294233,0.1097523675939775
-0.09724678420360244,-0.06010532015495809
0.22651336334038397,1.000507536321277
0.6053172504931812,0.3964780741460353
-0.4187881844635146,-2.0579064802547165
-0.535908967760031,-1.876006025618103
-0.3378126385730831,-1.2512091721096008
-0.8816107065792109,-0.3072118329116067
0.8629989335563086,0.5149636482891002
0.7612701618004563,1.5842265250171774
0.20427234036262032,0.8919508400070122
-0.8508251515560721,0.0037720045850331285
-0.8327446970853021,-0.420148398481651
0.8641648171564758,1.5108855720417869
-0.7500008826854538,-0.9140632755912288
-0.7086625162904625,-1.4645355922643628
0.5709404032231815,0.8839980389122092
-0.3969371956739056,-1.3207416353281798
-0.17689163440070055,-0.6097377899784078
-0.1799531382398858,-1.1672484326953063
0.40013211193784004,0.9261603602247103
-0.05533548279006251,0.2894671613219487
0.6244100302524915,1.1747539503453384
-0.008121711624648587,0.668644668111193
-0.41908076742824774,-0.9939319679529743
-0.6108462247684117,-2.2015666771587155
0.5100265038361069,1.5546309685260657
-0.5609840169717044,-1.5332279734349206
0.21781562175318747,0.9292189268607282
0.2028083582577369,0.45122131766606793
0.9264951796964873,1.0340821026887193
-0.8207585391240901,-0.5179389927546363
-0.5849591545405364,-1.7578219582565082
0.32310611443962944,0.7763442489882815
-0.3382010300046463,-1.6076008441928167
-0.7428342562656232,-1.420156873146589
0.7907372059031459,1.353230599962749
0.4629527879847515,1.1207874713386605
-0.5548956954880562,-1.4603770245549708
-0.8095793915574274,-1.061741906374957
0.6848245732068954,1.535320811221758
0.1399239010477109,1.7189927487645682
0.8591572501749709,1.138046154980652
0.034363074243492386,0.9854089382882658
-0.5382432758762186,-2.2759397959839003
-0.7328757877160215,-0.36173296892577644
-0.16417416774853133,-0.19506448594010173
0.36803497757151926,1.3578469366154255
-0.9913996184990295,0.17591741953028628
-0.2092963884790866,-1.2434300750263743
-0.19234309770159141,-0.41366770118557855
0.34202262080530055,0.9297714011178547
-0.6100761495585394,-1.3630879141275138
0.7521428976534368,0.8221794630469748
-0.3498237543322327,-2.5125170257983154
0.6536159616749766,1.0129562492435569
0.6552452464368215,0.9221608762214905
0.7697601942004391,1.377522746621945
-0.4823418446483929,-2.112700034693902
0.6797315485302098,0.9284611336808164
-0.5389852644463129,-1.943678476472747
-0.20111399599930557,-0.8983372483788783
-0.6446337578283603,-1.3818535617930978
-0.03173817881128205,0.21464092913503105
-0.8496111473927819,-0.7501170357359211
0.9136843323010064,0.7892256459428245
-0.9740067767159144,-0.09924499644968111
-0.006807711327380561,0.9615354514796892
0.6761905907849748,0.9752203198760877
-0.7349701547018384,-1.4152484397539424
0.19420365664276074,0.9495507104299591
0.0621650598665735,0.9529678767771381
0.5150731290696775,0.9367701065349188
0.3971894834720542,1.0657134547697673
0.6500269356111554,1.256718579250289
0.5865673306789001,1.2436815760865316
0.1657198907892914,0.9643055254651323
-0.30007162447990265,-1.6963309346794888
-0.785143293740082,-0.9641212260794856
-0.6723644140485059,-1.698923736570285
0.7424151489768214,1.3651336520846336
-0.46699874813523534,-1.3456628850128824
0.7880613396795721,0.9956613831903819
-0.38782731399430026,-1.3432527968570462
-0.885485881796283,-0.2603216899865112
-0.42000503383273236,-1.7809660648450494
-0.23069884937419993,-0.331172408476495
-0.792639784934599,-1.0437296171466568
-0.14047741397186875,-0.5126009028501357
0.5958858157177311,0.682170022941474
-0.17236022734273138,-0.09775719009917944
-0.012531705519343461,0.13901099167514697
0.9975459003504255,0.5459117139036016
-0.569360945702877,-1.403033292543401
0.08782931542922223,0.8649519910199827
0.9755125715139805,0.824676778550056
-0.008551133006407197,0.11731241254152203
0.1828386133175839,0.9826447524821886
0.09341283184994498,0.38429836629740305
-0.7694615975243544,-0.9411508519637939
0.43227104863115406,0.9656085825439704
0.8241472699778187,1.0955948484888076
0.8531527657293014,1.1708227904085486
0.17333750103715206,1.104506166282056
-0.2949774259430904,-1.8166906204935185
0.35102060714077754,0.5622299412139802
0.8892342087084428,1.3184486985947197
0.9562717189067795,0.8791380495598244
-0.4340897475868044,-1.442385565189821
0.8713731116816532,1.6792385103924559
0.46057818274885887,1.45717571829573
0.7436742351455481,1.4528225380662256
-0.665037983665425,-1.4674028859642534
0.9524934052820864,1.3563949103277755
0.507035413826038,0.7214649754749941
-0.6669652438215861,-1.4250593097045314
0.08024162438712423,0.635144116711755
-0.776933164901819,-1.1295876810517889
0.44917559672124097,0.6613418690953972
0.19036127874795228,1.0582005779635932
0.15657427321387218,0.34094824159562154
0.6944584680398209,0.40091825100236
0.5394583866539162,1.293967328031278
-0.8165692903902559,-0.6125478915741156
0.5242781722458341,1.2245515313591773
0.08293133562152999,0.6896437548271938
-0.6224387063849017,-1.4865635099654013
-0.30564144193353515,-1.4126377407465696
0.018388166550787455,0.3441730571549182
0.7176915595396074,0.7040935795076857
0.7638057368051194,1.7420123691249247
-0.7957956734873863,-1.2000002900412836
-0.11569108812469509,0.41725826260910814
0.6870583873144804,0.647502963134827
0.20472745973216755,0.6054618712456579
0.7103237556003761,1.5106191912982063
0.19452023239882577,1.113667085890355
-0.5539282288624605,-1.656124950800575
0.005705141407593706,0.15255747932762914
0.03030968153625513,0.9037304475342884
0.7881558324263374,0.8263791045734094
-0.28849545233079055,-1.046678866762257
-0.5300207600935589,-2.0710660594426513
0.4977159404601208,1.4633202230917361
-0.160838139323082,-0.25786015857147593
-0.031298683622900336,0.7808535570679239
0.95317296966799,0.8878801215708035
0.34929079230374094,0.6812608734228951
0.34369791022105667,0.4548673032502889
0.867776657099794,1.180693592333487
0.4325896287753668,1.3298170389226527
0.9095447512302304,1.2209556350207227
0.266606009929772,0.692265443290181
0.1748298097031713,0.7374531117594529
-0.4315471469368044,-1.8871142425377267
-0.5384078326004369,-1.825671934163384
0.06300472946603941,0.9161844528670595
-0.88188736204342,-0.3627835528974318
-0.6634240099313007,-1.261510941492123
0.4167384447306197,1.070104241992107
0.35802249017601473,0.5731530410935555
-0.9433137213312763,-0.08737607802254632
-0.6736696041797157,-1.8162538882814205
0.23564869171035596,0.966786167270023
-0.18469169633914606,-0.3902016964328314
0.17793177628651868,0.6260599475916953
-0.7425966305306011,-1.6065679371950965
0.7249713347168918,1.1708818615062335
-0.4821296649920104,-1.853779140167541
-0.2511914775430433,-0.536675592224457
-0.10125995563138379,-0.2748632535796158
0.1856585121320935,1.4735880499465828
0.9610372797204965,1.149734007054648
-0.5811416413225026,-2.2802648629597724
-0.6752296076216597,-1.6951280317218274
-0.7093267511512344,-1.2995985163192836
0.5494660973658247,0.9098224322846171
-0.2350886009386437,-1.1551494265906814
0.8539334145692297,0.473699829108985
-0.8668813358698704,-0.5950750908670888
0.06311285299662406,0.5970073267348914
0.5144727296048481,1.132168373993047
0.014170870424884408,0.5745974836853687
-0.1868021372482378,-0.9283496183304727
0.6230317559290808,1.278884181962281
0.01820779647975468,0.31716600196542233
0.8130731053793923,1.4573227538689364
-0.5227944566769351,-1.986844477433823
0.19691145717130132,0.7226281928917689
0.26895844760220444,0.9369414610075651
0.8142616982462869,1.3919374594448628
-0.8134887665809214,-0.6814642044528945
0.6114407934292971,0.5466621495997321
0.36697947622851324,1.2625101909912413
0.7212188275532736,0.8616178182024808
0.21771721010230904,0.4241738013508507
-0.09245468576327931,-0.590121007594419
0.5926527938453545,1.4353086361007887
-0.43163105037651994,-1.2016272118697364
-0.8891635924983081,-0.5638610522977978
0.4999301504406126,0.8245967253435875
0.6247477488009958,0.9910071866525135
0.6573583929682119,0.6015506218700692
-0.10462205842034389,-0.02072655381683887
0.46534780068667403,1.1090814833014624
0.42728527326922094,0.7675448126646499
-0.42290152787244617,-1.6273827488810262
0.5310780660574834,0.7946358156548787
0.9283818388711815,1.3535690578486457
-0.29579147194051103,-1.512276533724722
-0.4531089837420432,-1.9391175028537366
0.1677167905090684,1.3833153514463283
0.7556203742956411,1.1778505878981935
0.2165832128745162,1.7653251257518574
0.9400962102569548,1.230803909608082
0.8452277930508931,1.5166123305767412
0.42143957666609055,1.141890848650719
0.4137877193355475,0.6519105652809933
-0.6438925514938685,-1.2555805512589373
-0.31790111798387355,-1.652427880565244
0.6202914593884352,0.43257006402591747
-0.1990873084049416,-0.4941146199621122
-0.543886609698633,-1.4629260967728623
-0.8737534281048542,-0.02049869593928738
-0.5539070342135353,-1.6562345476986784
0.15422604748851243,0.8435120984316612
0.848273736554626,1.0606137688068003
-0.2169574216427781,-0.5534565569344947
0.579070535015854,1.3211158120362436
-0.7424092062292045,-1.1402953787911654
0.6454726425359425,1.2505511086975372
0.8550660328334301,1.5080756600549048
0.005121213608298536,0.8912595757839264
-0.09044991767708876,0.41946149586423637
0.8162190669773901,1.415307387474227
-0.5443614547891089,-1.2052885554315669
0.8412547544248308,0.8054509980327256
0.8350004306913856,1.7037118479751139
0.9150914680301045,1.0512057871611635
0.7822545390372662,0.5835348233508885
0.05146926580467248,0.6819502756065139
0.3635348675093091,1.037011341833804
0.06599298103365969,0.22084076468992747
-0.3965060663961235,-1.6236505337190315
0.98127920281959,0.09602475240227026
-0.9500578908055854,0.5030283175920798
-0.49694434524325803,-1.914459037192911
0.8572907734225645,1.0994588360416278
0.9046170993656426,1.377430260806823
-0.44236935986021675,-1.7521336297307393
0.9995666122252074,0.36143138742265074
0.6252879154192534,0.3338421212404221
0.5537171156148741,1.1837560063422305
0.14369093169332325,1.1321202329144047
-0.21145537647222645,-0.8575693844472384
-0.981518157629427,-0.6672672669700395
-0.26883891296555196,-0.9303463968335857
-0.25043270054280353,-0.9445701709999743
-0.8370243060806037,-0.43118327686158164
-0.8309915540784838,-0.9569599114842657
-0.4732626800631621,-2.5373190556227714
-0.01129392357657788,0.21022068216283007
0.5482390191173239,1.2189573592942287
0.17775813892845016,1.2593901868230863
0.08192503895173964,0.6041192231487872
0.5931942899599119,0.784589461492444
0.696002497084415,0.44100229993087847
-0.1203121659253974,0.2586559709925803
0.21433340417552404,0.7644319870544486
0.8425468720526781,0.8606870673305798
-0.840379222731134,-0.9421496335047216
0.21781312556316657,0.7851962195311112
0.5530251634354002,1.0963232697369987
-0.14533311424577877,-0.43903400171356427
0.49988305675208666,1.396323094254254
0.6800736405377916,1.2854145412860072
0.5286879316924578,1.065309427205063
0.07361384746838784,1.155713519172966
0.4487402285222044,0.4921940214082549
0.41867176067403644,0.9633705804927142
-0.2332678994673265,-0.561117595830754
-0.957466222399264,0.22464003330933668
0.8994331662143926,0.9016573709658804
-0.0646096803993379,-0.27133762979347825
-0.4029860502634992,-2.3046902178037407
-0.4989365147517546,-1.6520442328742737
-0.20101312180292452,-0.6724404219174055
0.15576058752655486,0.8085227435381666
0.03551304712352765,0.6466227033936146
-0.23561075867948555,-0.8686945738742154
-0.8444613434031072,-0.7844324275317381
0.9615150424486352,1.1804205657961273
-0.9685761648691651,-0.48643947897660395
0.8395326733029009,0.7211626502706862
-0.9364271362029166,-0.6072163783627984
0.010853848933536359,0.37384311768179557
0.5709355706097043,1.182156440218244
0.3271511560444773,0.6651720393948872
0.41148476247203125,0.966755577500459
-0.8050155614334904,-0.4913163943506035
0.7281041660962848,1.7162936865115883
0.29965215574321924,1.2356333132903634
0.8835087670482089,0.8998191679439378
0.9904975296731096,0.3120556065558072
0.509283060745358,0.05740792842305664
0.6103078768363326,0.7948304978890718
0.9220610192370806,1.0524800219144343
0.43864523452241877,0.7658996750589773
0.22339946175090142,1.6111950685202368
0.053911164987485494,0.19999617467875586
0.04566479415494906,0.4101383681655328
0.27990583566502014,0.14322175837658224
0.24935733497138846,1.3414285465880451
-0.9971711879193998,-0.11813091651989593
-0.7014875368780131,-1.9777209898403467
-0.16647583027763413,-0.48971391220939525
-0.42481550988758165,-1.2071895204177818
0.3490348877178502,1.6152058365792106
0.9813307292735622,0.7733427346213377
-0.46832134496729827,-1.5810087868603466
0.6213900568706547,0.8571524263228072
-0.25727253253119,-1.0566839185756018
0.44758858869424856,0.7319921354420426
-0.8225183658555142,-0.17826333503914782
0.24786608693427992,0.6897702574097614
0.041145480534741985,-0.10347311925836888
0.6581592966094612,0.6451038525331163
-0.7628716589044746,-1.260062822779184
0.04347664504675519,0.6707636251002093
0.7267300488507735,0.8982207268882969
0.3895004438073757,0.9835744561261685
-0.6784961086707038,-1.3783626749807105
0.7067237183204591,0.9504451331367303
-0.5380207952284721,-1.5848444863798186
-0.8525997979461892,-0.888883927679243
-0.8302357541618777,-1.0408251275727687
0.5685034826351414,1.286436066318222
0.6807244231270648,1.0796720799991233
0.7612751424598105,0.10630704287116388
0.5087809913602475,0.7698831927378659
0.7880569995028504,1.314422578488209
0.8552037068427407,1.6122602481092803
0.07432589740308648,0.9395296579413667
0.2645180484690344,1.048462879029046
0.906875384299682,1.3952603987527918
0.02839650847141484,0.9096600750152949
-0.5185086098155849,-1.4284973375714745
0.8772362905826576,0.6837971159564413
-0.8986468945991604,-0.3612632891970885
0.1666928661092768,0.3561276330852903
0.8589125639488759,1.466875088396655
0.48872489538247543,0.6849397997248893
0.21096328168808443,0.5651162936521172
-0.027125747604515915,0.9577090239320307
-0.45485890135216955,-2.1590565701970164
0.12667112539129,0.6799939515379763
0.4771691802250255,0.912244771596742
0.1224274458287764,0.7460233551690763
0.5327839811557729,1.3274150930152988
0.9342310365683604,1.188811023685741
0.2788362640621349,0.5846989901170794
0.4157561859747838,1.1837677316064976
0.6985691745629434,0.9689209329867037
0.10633646134649055,0.5779187387542556
-0.4233004637793907,-1.5173086309223374
0.5869885359357669,1.1164563565222354
0.6496627047611698,1.0688628689470532
0.9597457805268144,0.6171055327147588
-0.9576150280655391,-0.0422556020511132
0.014061983378004905,0.07435895243299373
-0.8775190149810732,-0.18333302285551895
-0.007428948924340206,0.30580169461020307
-0.04509537185305179,0.20203775254286144
-0.5604607525454266,-1.5657590786854425
0.9983615934636543,0.7229341846402203
0.48567094018509516,1.071654792658573
-0.22783601560553368,-1.067244502781386
0.5897331938876775,1.0612536515235287
-0.5063699971369935,-1.519956751359168
-0.43090141012049865,-2.3846724300777464
0.552776660867222,0.7795567561932353
0.39036572402755,0.9371217005546744
0.5696306077146629,0.8882178611491429
-0.22132626881183004,-0.620571680769956
-0.6303981890678203,-1.2468818915337967
-0.13095822431115978,-0.20461667842115636
0.4813650314711395,1.0622354369821863
0.6926584187882487,1.1964375942023304
0.8044706936535955,1.454213342632617
0.9853424951016072,1.0944575086653734
-0.3735204048556464,-1.044480334764566
0.6761000182462398,1.4231468389832767
0.9970040429293983,0.5878638843982198
-0.4407761612434775,-1.6730014849970543
-0.9898785392768332,0.38921687703506924
-0.7150367426703967,-1.2487600727053259
0.555364697613483,-0.02031529957286482
0.6077467727626262,1.6063171730708434
-0.4804964171885753,-1.6702754873223395
0.8804317721547041,1.1684770960899993
-0.5270792328425662,-1.7202539928295983
0.4571209750677294,0.623125870461021
-0.6310259524449839,-1.6268793149293312
0.5144806753915745,0.7992427784199656
-0.8983618918353304,-0.6250084672852333
0.1803326211965235,0.939380321483149
-0.3020562257071764,-1.0929602749221985
0.3182027701080008,1.3091426885617612
0.7735867392972307,1.2127769759687292
-0.3557428598019161,-1.5344834375520575
0.9021403605113143,1.2441797060599689
-0.09625952908289537,0.3474449125042393
-0.20022097090724866,-0.29799151804442114
-0.5909480644446308,-1.8167881025933215
-0.8886985246096717,-0.3463445769595865
-0.8778275093795143,-0.5322193314763546
0.7002900423595728,1.8228899062261594
-0.9853797647346505,0.3935695775548507
0.29660086611370073,1.3647629457929051
0.2192632637839449,0.5850528326081863
0.1744705498010457,1.0235957666584627
-0.08025835232831202,0.5581336503379362
-0.8721335283372533,-0.8964621952133385
-0.615159214122815,-1.7051780669010959
0.38916174932457026,0.2539321336936129
0.7819764787142465,2.176195726333289
-0.03559827650343106,0.378803015611284
-0.21917707080328142,-0.9243485717043208
0.6668351397926005,1.3658959207649817
-0.9196440697443706,-0.3588763284612081
0.19715166917439664,1.1462451533866946
0.9424602167909137,0.8124824203943862
-0.13992126177212216,0.13481157865344479
-0.3962979349958642,-1.8539812423600233
-0.25513984589297234,-0.9052257178754815
0.14914772554004063,0.5153941340888429
0.7635028952628067,1.1837202871255335
0.45850530739659723,0.8843920937516763
-0.315071154656577,-1.7220041689530872
-0.2348191147832126,-0.20764073505767666
0.27005457466707994,0.878059862849913
0.2561216717340882,0.9431787024215139
-0.7722216675454303,-0.659586275658563
0.15381848684641386,0.5431245887366511
0.49402815069485007,0.5536319881275464
-0.745578611095792,-1.3546502323937775
0.5517528735323298,1.3326842554799008
-0.7028385848321199,-1.6745599821204524
-0.8270458016507469,0.2165734235648651
0.11441570936309886,0.8952337806483148
0.5619716174723499,1.101600524085579
0.23274790300513803,1.1112068608343868
0.2134465730976829,0.7165465018314381
-0.815436682774483,-0.7607544253572877
0.15812572232044508,0.6758556495487319
0.02976454693638164,0.5463209080461959
-0.9713865797876464,-0.07264648345614931
0.5319074078489716,1.451098577027338
-0.5607451752130157,-1.7071593062836277
-0.0728659665856386,0.1292420450540483
-0.08596404542306146,-0.005116940544202232
0.3605788020219245,0.6814970119365339
0.7242778421986227,0.7876797772232286
0.5600501891240657,0.8957317474731267
-0.5758427042403804,-1.3212490817126306
-0.5424955022114397,-1.6282196880782334
-0.14298786861564095,-0.4922323443000814
-0.26916495206984936,-1.3043916796289183
0.43769073291038163,0.8214648052426683
0.09566698390203343,1.129958278170358
-0.09913610224865477,0.32514893095615616
0.20880724317664456,0.7951528828053959
-0.23804490498489317,-1.0668169399681835
0.7162261635283462,1.269310976976406
0.49521864992150433,0.6680379462685639
0.5920279399393187,0.9039456089121601
0.9827085206232828,1.4229569564389544
0.37421557428604646,0.7104513845912543
0.30413064887568697,0.985952544802682
0.5325242823456746,0.9428298265105549
0.2654508063847172,1.2630646282653122
0.9100895787539447,1.1274216212847377
-0.18676461466066163,-1.0368356647466606
-0.26144723197209463,-1.3577131276341547
-0.8285190863309422,-0.4907590481226983
0.8857474374088097,1.0579616380286694
-0.8361788511212749,-0.8122640248533534
0.8203922599898541,0.6601760207340034
-0.2907719315277437,-1.068132915591787
0.9827754745951254,0.703892618262194
-0.737296487475624,-0.9279974653151154
-0.5163004013376402,-1.7101847488928006
0.5811060059982143,0.6640678302885457
-0.2216586947590864,-1.199392006435226
-0.11808708793917466,-0.3333154611425013
-0.5980003938984784,-1.5897896118553474
-0.6874275008398125,-1.1653481173018085
0.7173117582154365,0.425138970161025
0.18359275466301606,1.3765477649368876
0.572438043863186,1.0586524441053355
-0.2668335819239238,-1.1428670768401805
-0.02662421169920015,-0.3433212999072775
0.8316369934277963,0.7610487733557232
0.8104872810496473,1.5274772304573863
0.1911549442691114,0.9312536720010457
0.36282828782394283,0.9584202878541948
-0.8503609731565394,-0.6932592990554689
-0.31191654286800885,-1.4478076182166792
0.1346235880299418,0.7230390039790956
-0.11606997200235702,0.1755301375930505
-0.38510670986236595,-1.2974752268962977
0.40563390574828895,1.1380822706205453
-0.5286449756038942,-1.9035361634389187
0.8201977888785714,1.2622037724395068
-0.5858229718162411,-1.2050245231583223
0.43581297459093626,1.2211526781747069
-0.011344054436760453,0.878336299644264
0.46601539766290734,0.4415793384018121
-0.1888724204331098,-1.244238930140948
-0.2925312087579519,-0.8882082365538391
0.28875220574849214,0.8966424904036548
0.9263949530527049,-0.2445882540711981
0.37702283557706706,1.1947906903922982
-0.9677921867948323,0.37616788384804833
-0.9381723860349778,-0.01969383707608048
-0.5733850495863055,-1.7125860409146798
-0.29348388357155675,-1.70290037989139
-0.6810518387903228,-1.050071726198409
0.9069916657161339,1.9306583137038555
-0.468442257309992,-0.8820031584978751
-0.08269101842263193,0.07983611341585817
-0.718618753569729,-1.2030601314406786
-0.3898193356729387,-1.3250060813073539
0.09162658807032531,0.35920405423902363
-0.1628835263247499,-0.5875501053277972
-0.8222727697070944,-0.467247512663586
0.49565101445055326,1.0354017374184539
0.939185639274795,0.800061875976453
-0.5289202616931306,-1.8420611522483825
-0.5568469011347537,-2.20917508628471
0.5104319886788204,0.8051651203094904
-0.09158988905974508,0.41224787011872144
-0.9192585857118383,-0.43694568224612973
-0.9037203375439888,-0.5457115115705934
0.9627544957377399,0.7780416333516031
0.44668851485211114,0.5087231288374516
0.03062988434925762,0.8153792568249845
-0.6836684502569539,-1.9549118220622095
0.8206865958420719,0.8047320038500421
-0.2496579706779134,-0.8341141039563529
-0.3437390792282622,-2.1204421555300006
0.5801172701762867,1.516782242491308
0.636342867713011,1.49942667219892
-0.9614882643764993,-0.015094706577524628
0.10041125826163788,1.221514953556822
-0.29794835735718217,-1.08374897380868
0.9405638433917347,1.2098605054655143
-0.3709043512389891,-1.1202341280523567
-0.3986793547023053,-0.8431183527327498
0.3167730346984916,1.0421689871924813
0.8074805590942449,1.985238469778701
0.28409703499184036,1.3585681110785524
0.11964918811056635,1.4083129957724017
-0.7584293024317181,-1.0205678943826528
-0.4858342739696686,-1.6478146992839589
0.5976624767814571,1.8102322619013478
-0.7277904508012218,-1.4055819797128852
0.8804648564843633,0.6865261365891984
0.8946886981724909,1.901371305716585
0.2781065554584985,0.24995783320510379
-0.3955618154687963,-1.2631597708264426
0.8482089220561195,0.8937435215632812
0.5951947904405899,0.9393841733585974
0.47397912077289184,0.30112970257324667
-0.7166985841686266,-1.3292832225845463
0.2209292355818333,0.46143122800380687
0.6347015297408178,1.0083219750623567
-0.5363748620257391,-1.6508811436643445
-0.4829712306720695,-2.315996667969088
-0.10495955852517325,0.286084033574064
0.6070133147329675,1.3265014915011542
-0.8070271023312345,-1.5508193905443763
0.4044964828896398,0.7476449538527796
0.15323913616129503,0.5978234206542575
0.41862294705745473,2.1824012120014626
-0.6916148219819946,-1.3812268553446245
0.9304341711576856,0.5028257911942009
-0.6890687473656008,-1.3328716914372607
0.6487126005837476,0.5742015472893902
-0.9816536635710897,-0.22807458262834163
0.4390009900831846,1.3904363953708132
-0.39068646942815644,-1.6090047349338392
-0.24314274352327647,-0.8469213987387506
0.7593511449018056,1.5175882910739247
-0.2130145001170689,0.0023412608015851433
0.06787699435690686,0.8176844660761636
0.2326031934449715,0.5500168536115011
-0.9768141309490521,0.004964603935626822
0.3828869978966465,1.0422825254941597
0.8975895172010993,1.0118466968135302
-0.1966001780096156,-0.3663183269966036
0.6847575657012186,0.8117126311820836
-0.5415021315597406,-1.1416169704684793
0.0920554415675483,0.9435936157632878
-0.5096812864915747,-2.3950964010102807
-0.5843901898504205,-1.7335940487584771
0.27357819038801856,1.211447367105826
-0.9428787491212847,0.04445587407635668
0.9795865964372206,1.4386082574818562
0.40225348283780105,0.5596872970007873
-0.461859720573192,-2.3370030677321103
0.2089512663218258,1.240034800484409
-0.8900121535385777,-0.5135366427736688
0.32962198287133937,0.8100458647884176
0.6867205071782696,1.3813572710038307
0.6156442839401401,0.660686749920208
-0.7419921015687223,-1.6247413208338373
-0.7041408546344512,-1.738269456937298
0.3164236286872544,1.196712859033875
-0.4298527611683842,-1.7764743027523484
0.8595014481039034,0.8383810308699611
0.14190772549684683,0.10856102013073199
0.12683989578801724,1.0757647902374368
0.5189545879781412,0.5521823191403836
0.7655071225917363,1.3563150575190697
-0.07619197465041605,-0.05986152899977798
0.12377799204913509,0.926686074511362
-0.8447666574061414,-0.8582017960136007
0.8489059562995571,1.2315362522040494
0.788836989615666,0.3749627663650118
-0.8904209320639931,-0.645768493151996
-0.2970177709468862,-1.0072197908822569
0.7858069484299355,1.6605878963014349
0.17327967858285387,1.063625507891851
-0.3607111259802196,-1.7485026900965923
-0.2936007224219097,-1.4060279727280864
0.329413379316462,0.96706361846782
0.37853265438346506,0.49207361711179537
-0.7041368028995612,-0.9619662214756517
-0.10599651834208568,0.6498279032105302
0.6695191490983337,0.8678279108259344
0.6673067963922217,0.25076762492897153
0.3977350397913815,0.637444323614154
0.6168201946103182,0.9312593516672332
0.37334496342026546,0.7215192713212264
0.6727017897782457,1.497585485795199
-0.2888242221272157,-0.7908895101899822
-0.8578901795837224,-0.8294003684196303
-0.8098219348563815,-0.36262302302466304
0.1871625523259326,1.5092552738119471
-0.9749265131919782,-0.5879977646302169
0.682052288130294,0.9786107917595944
-0.6203918665860031,-1.6124953249569158
0.6337029798056364,1.5320202992390333
-0.2885101652610358,-1.7092761911972771
-0.78680146494515,-1.0300637955558507
-0.260412795003782,-1.243560293813148
-0.9818140742497341,-0.2778074905634369
-0.5982796099275374,-1.7901796084717132
-0.7073929109576857,-1.0503424047051606
0.9513203550308016,1.1730865315980925
-0.1336619483361423,0.24291535766730804
0.0976851766661877,0.5871099585342493
-0.887945574165947,-0.3276173622333663
-0.8817861782588363,-0.2219236917887323
0.20289863400683394,1.4400232141646647
-0.32429455279457264,-1.6587939485474368
-0.40644319657766026,-1.6569373087769959
-0.6734819153209801,-1.8175701704228835
0.5164809217995419,1.072693561229584
0.8841694878460522,0.5203198455924285
-0.2622651293480702,-1.4293757920712273
-0.24755334678699947,-0.9113382499347645
-0.41557989911853954,-2.0878397390571877
-0.6500675525625341,-1.4475332524227793
-0.3710284962041963,-1.8416487485908537
0.6433438329953587,0.20152126315490615
-0.8332547025589239,-0.9244382274234269
0.6393955637216187,1.4054744022347747
-0.8899158492450903,-0.23171649031240832
0.07545996155162404,0.9074782396604508
0.5330402976973319,-0.04473503480843177
-0.32136837293072595,-1.5096745542890129
0.7525159899700637,1.3224179976766504
0.5247753411269447,0.8415270980141749
0.28219695871466555,1.2263250202973708
-0.2807405080412695,-0.9344197745805833
-0.727526110011947,-1.42121722263974
0.19039167205626173,1.2494421291841633
-0.5917214100613217,-1.200938058349315
0.7584623706717613,1.3864166607657764
0.7583645860526984,1.346278685928324
-0.009978779220660261,-0.017188042157866845
0.3798170895284947,0.9765065009828398
0.4539541487864074,1.0129733621763017
-0.3137495857939041,-1.63442631694552
-0.6928700064250255,-1.5052239694295193
-0.14250782796646333,-0.520068139642761
0.006788850776893618,0.9081980509144605
0.3864338038976447,0.5601940728456127
0.36843082026490914,0.9969860325632025
-0.8891384056468858,-0.3918547937406302
0.843975291025455,1.2995906034734797
-0.5897568554914521,-1.757350536566386
-0.5326548680447041,-2.1363032212070148
-0.821801083263197,-0.6423852523760426
-0.007868309299086107,1.1036203505272737
0.8487236027453466,1.2723362874791129
0.32530748407763466,1.3011994029069227
-0.01730077395915819,-0.18984008071516906
0.7185624375566779,1.7284533707071137
0.8991285981724739,1.4763448307090106
0.12223310063830328,0.7771595661056377
0.5859869204661434,1.2248795546917295
0.9655681260017037,1.5178610522001537
-0.9411775215295146,-0.15167982315143683
0.17017078040478206,0.5001970620163463
0.37695375440452095,1.2120681166243985
0.08892379036933784,0.6588340627043657
-0.39276613709449415,-1.4406496072272745
-0.46563061766964053,-1.9087836954546158
0.7702531109001802,0.5781532452295126
0.761477935716609,0.9481137584171206
-0.7247160086519568,-1.0508977896612393
0.4886310537846308,0.5277615369885649
0.39819337771773466,1.494383301796337
-0.07615679310651347,-0.6290302896056053
-0.20498235599507963,-0.9816199342171075
-0.3518676409411243,-1.3715657139710289
0.4347723413157596,0.9797808804796723
-0.09505325751856208,0.26617750641907517
0.3555048284036353,0.9825566145184176
0.3978943467027003,1.48852448812527
0.9623908616424235,0.7467266400541858
0.36708314894051597,1.134371494091262
-0.842246832467769,-0.8533397829516588
-0.5566571248605006,-1.388843151800374
0.17743212625129834,0.8246379407947888
-0.9502310445598052,-0.19743591722444098
-0.09303692650994422,-0.0053156699574476145
-0.3879170168354258,-1.9255749006760337
-0.64212860275023,-1.7215446308911528
-0.9087707050415066,-0.8417163404606643
-0.9663816843674373,-0.13156393907014424
-0.6602109743528066,-1.547772585185927
0.8768940179987683,1.3091085793434958
-0.34526128695191005,-1.5837511274060092
0.8747176932555671,0.629732843240316
-0.8035940040874958,-0.8420407818040423
0.20803105554471268,0.7083975467804393
0.05798308067529101,0.33473669620731006
0.26957540241256517,1.547961679114392
0.6949614320724782,0.9884280079437173
-0.22022048070711953,0.2589345046383875
0.3306564719994467,0.8045348589479107
-0.5773930222281858,-2.1375642735731377
0.5715708496489917,0.8777076265103174
0.06892337144963823,0.40025789032121467
-0.8392504523697693,-0.36928014896230194
-0.4140225804656137,-1.8649762062280821
-0.7303571762354255,-1.197999094538951
0.4904085307370689,1.2076747298758583
-0.19238495867226857,-0.6213545255315067
0.04669771815836321,0.6964182123738831
0.21898014564180635,0.7232624865739663
-0.25443799919539756,-0.6276372806287651
0.971915950434751,1.4861451118237603
0.5059441483994915,0.8614146490030267
0.296994003182522,0.6028823354738402
-0.6959038626446012,-1.321129497258232
-0.2580254069215262,-0.362442068038048
-0.24169010279772918,-0.9462192395728858
0.40748546636184924,1.441698450887472
-0.8372597768085408,-0.9387540801821261
-0.7200793704849677,-1.3084261656363227
0.5882259161033623,1.3534937823450484
-0.23528114579348025,-0.7391653271636617
-0.40117664414975684,-1.7920324755927788
-0.7898987734379193,-0.2731609074071901
-0.8307938720931809,-0.6792561631305738
-0.1620516740059268,-0.347944206148271
-0.08005045061125826,-0.006581857145062653
0.9398234969119446,0.6894826342744758
0.32883899703217123,1.0112767405031209
-0.5559185776038156,-1.3345311034014626
0.3665005015303071,0.8933314547700475
-0.9744202476247972,0.45625085211152766
0.48911839485417197,0.6321427298195936
-0.3745966573492119,-1.4706374803383875
0.3588982796406406,1.168402889610114
0.9107447032911327,1.224535459085852
0.9781711592900391,0.8190085779547922
0.11005011076767568,0.12617850991994328
-0.8603566447654722,-0.5639831890394716
-0.8764595681528471,-0.11314989456845492
-0.45748891834835415,-1.5490571291903206
-0.8115098224202679,-0.8102844869280614
-0.4242787529999943,-1.2255386278855842
0.77120239610785,0.7554620943340385
-0.38512435679334467,-1.4364285595549535
-0.3412160529367656,-0.82254227667149
0.6620489980937918,1.6092533777540101
0.5218767984106001,1.6382388530306704
-0.3547168925358277,-1.898880125933594
0.004741997570572698,0.3390270442045178
0.12022000597334936,0.8794161832350551
0.44577074348874546,1.211770340591503
-0.7321078203845808,-1.6079934054748626
0.5069541923552989,1.0427122122101098
-0.8058443512555966,-1.095505978600226
0.174221156696172,0.8659743067745986
0.8904108292141268,0.5103885865375185
-0.6571084212449616,-1.3023642918213076
0.5491288119243105,0.286543922291257
-0.21721790653784567,-0.5927278227864898
-0.533976255189647,-2.249396567655581
0.027377490682628514,0.2837126656958161
-0.6188939650716159,-1.44582418981475
-0.1095851460448094,0.020215104938814357
0.17188598873770577,0.45774771113298407
0.54157706606149,0.10837664636018374
0.6279454404258578,1.085714567147339
0.7767678387039549,1.1996045485688167
-0.02774844823690792,-0.19653391704365913
0.8289607275975284,1.751698578555998
0.7922926502748839,1.4360733991232513
-0.02258834155984024,-0.16530362885519279
-0.7809516563918351,-0.6316017975865638
-0.27067569260381164,-1.52731289542319
0.4916166139392597,1.4763146117172057
0.12083126335993621,1.410769930254728
-0.6254862130241645,-1.017043236976851
0.7223117375958366,0.6541095484642643
0.2918292416637356,0.8188707288304117
-0.7430570822439551,-1.593493916590172
0.6402170244957417,0.6852050976865507
0.02926910197293675,1.290031707704224
-0.2849146799897231,-1.0811795865972043
0.04733072542486205,0.5438314050736107
0.08043169679370776,0.6609491103802382
0.9561097307819801,0.6417722518818476
0.36915766192763666,0.7337068001573264
-0.4526650470581126,-1.5877567074944852
-0.16590483340088458,-0.5323069413254975
-0.7762308863092713,-1.1046984747816326
-0.2901170118939156,-1.2245908060727075
0.614743536313574,1.0390010916162646
-0.19146274723514578,-0.6411609771171933
0.6192365117063177,0.8318928119647849
-0.3701853270935229,-1.6879488908355658
0.24601492787832968,1.0984074008408793
-0.8529533240891038,-0.6798496615040946
-0.7327814740002183,-1.2692582016107699
-0.18239171736379567,-0.7640012411151897
0.8335345514836858,1.0870661753385429
0.42397670986313396,1.1022912518073502
-0.5592846315470985,-2.4307369666228404
-0.4049452872706836,-1.590723577786281
-0.9102933468643273,-0.04580375691256078
0.2828022446826941,0.9490540750017994
0.8944650497921485,0.8420093032876151
0.28451290867633294,1.2765030929742343
0.510909259505056,1.273674510038106
-0.24045945289239334,-1.1950862759866736
0.5601235142047281,1.1189976116335236
-0.02067367850426516,0.44328378205812813
0.42051920032981593,0.19617946683065557
-0.48264142080818906,-1.6954292011635146
0.4094423340993152,0.4238902010294724
-0.5325443165500259,-1.8100141744339886
-0.32841265524491603,-1.8782081325985605
-0.4311079729795002,-1.547938671364414
-0.12415376365430708,0.6508593271374785
-0.5690640819591553,-2.001262086878893
0.20826530568470214,0.5870756566925741
0.2912459483358085,0.3714963653178557
-0.5445217637443223,-2.174555601592758
0.5434378823227666,1.311051157419753
0.32820898382921215,0.9474157387626096
0.9164726416626026,0.41422893759944945
0.7312160401194956,1.0135063877787722
0.8933158142394317,0.923087629227314
0.8438104889094438,1.3220799851510283
0.8122326503152639,0.9474968493282004
0.967454777876344,1.0399717560822008
0.9107938585412894,0.9936469868221887
-0.2869001666474347,-1.741789906080524
-0.7350497203086377,-1.5554867788096804
0.8604531733656506,1.5573990316292035
-0.37452202026865744,-1.4311982746048777
0.7309558289997269,1.1650463806145808
0.9911118587670478,0.822003447757357
0.24238842501154734,0.3582774609492113
-0.42701784668462484,-1.8186337167381725
0.3280497971303069,1.0821925038408011
0.6898895725136149,1.326478017359148
-0.6594938782865603,-1.1574492187858778
0.7541281698234787,1.2505042369474713
0.4374932970529275,1.1250593082111966
0.8463899794994114,0.9162319670557534
-0.3083202693219884,-0.7554837311210397
0.8207299726084569,0.7871652943176262
-0.6316567003556262,-1.5000635461730494
0.45232365833787824,0.8313587020081024
0.8618579683017695,1.5482320690369638
0.104499264179718,0.7403702595598686
-0.6987996506358343,-1.092239131395579
0.9229354585207408,0.7708699138118014
0.17447659543316973,1.321620922722535
-0.4492926895221876,-1.4202147624574566
0.8392809317512111,1.6754631407584355
0.6530297931309765,0.9480529236450951
0.8767008106455363,1.4167912010321193
0.29419754843211576,1.204348259186343
-0.5624021614319956,-1.365666935682592
0.19657971639087513,1.1902033704295238
0.016166955601610633,0.6007508072404891
0.015329391502607592,0.9421848423639381
-0.9712975526607015,-0.9246223967273174
-0.48543031616008503,-1.9070106848766868
-0.4613195278722455,-2.0663207638829757
-0.8239092306720202,-0.28946445246687863
-0.24257243868918854,-0.9328898031310041
-0.10245645856470031,0.23191162594722353
0.37199000651680714,1.0000189011127554
0.039296482591767434,1.008662991558799
-0.09245484009774496,0.3174365047711902
-0.7075867971647165,-1.290475126096147
-0.5279122280929427,-1.6161207263695574
-0.3594206204317636,-1.4644297680155087
-0.7030098698201064,-1.4684661099425196
-0.48561127203784427,-1.6108892682116258
-0.1916067720197494,-0.008521162303918639
-0.5387529223128553,-1.4833089677447706
-0.4896608391427393,-2.066360337177733
0.5673587475453037,1.2901316168083161
-0.2745787161027877,-1.329137593578797
-0.23519000642389498,-1.8722668298845755
0.564225151391359,0.65024832084088
0.536477010395384,1.023785859207355
0.43277199217847007,0.4295627573879039
0.162556491479789,0.9677765801318734
-0.8734404872964421,-0.022380528099077812
0.7200416390496094,1.0873491966860502
0.2538722874964592,1.1128168432158307
0.8806721652460026,0.9998810327551294
-0.6378137180273831,-2.4109275325343953
-0.7660827106687569,-0.9201576261345239
0.8042551563891847,0.8816484695080595
-0.36935403101147757,-1.414903595825174
0.9195563727403286,0.3486216855543359
0.5125462231819375,1.012161945754242
-0.5500774486270277,-1.5977561377076706
0.2531733343000022,1.444994572704203
-0.3173084727719875,-1.2037497356794349
0.640769968911965,0.5834430614541656
0.28655006318622434,0.9715522370533001
0.45875097416646504,0.2560038100269929
-0.42743850605166767,-2.365083385549492
-0.9560199717752964,0.043354984766576385
-0.17370485445672657,-0.25523980779175215
0.43384638932175545,1.016004447638845
0.8248065846848891,1.56478024724303
-0.38399335765182907,-1.2827584585513243
-0.08212981063927227,0.2829920596298634
0.7632108721702393,0.565792657345688
-0.4978651818774653,-2.0457388225880613
0.3622806493214499,1.0076187219051917
0.7667227674329753,0.6344223295438685
0.26074260201173804,0.5320890654715579
-0.768688599154489,-1.5275107402551278
0.3045691022058983,0.7211391342528111
-0.9168087323007876,-0.15862530818669113
-0.43649225213810827,-1.3049786817571152
0.7687040416929223,1.1544916186083283
0.42855710521543133,0.8119488392349478
-0.5697819896051206,-2.1230390642881707
0.38336471400980754,1.4009700716144866
0.14719547185288318,0.9676575126331686
0.618044189164775,1.2775041925144777
0.3442209167150989,0.5845222151380919
0.6509602746168135,0.6150488487839025
0.4592684375272287,1.024157943063641
-0.8346601755899647,-0.6002801738534893
-0.05215460529097116,0.6607055664710468
-0.877592813877482,-0.6455862893503894
-0.4283672981579425,-1.7903199029015102
-0.43816617596341323,-1.9105537072500156
-0.06367403121928517,0.5379927716345069
-0.3414825300404434,-1.6816913428889784
-0.5354381668492076,-1.5269256752134233
0.7199793803301446,1.0929748970221533
-0.8914611411679962,-0.14987245324205148
-0.07416492122300045,0.5923093096251972
0.2881633945333799,1.1358081762797667
-0.6190859597539928,-0.9690291580809318
-0.08505671377449886,0.18197377912880242
-0.31605571446701064,-1.9186691048066282
0.7247508135174663,1.244447578656698
-0.8989318340176771,-0.38360314445601684
-0.8784664975451817,-0.7171010836337889
-0.05907612979738208,0.12267235691295272
0.4157750915249312,0.6214218368672059
0.74655909514477,1.2741245976104267
0.014330893812775525,0.6207000937884974
0.9295495043499642,1.3220842578343757
0.3416776391762042,1.1631615220582794
0.9054382289108005,1.2808430342053814
0.7102861827163609,0.613579595337354
0.7908230205126019,1.0385959114098424
-0.9385893795053009,-0.8133367731305607
0.7607149835685625,1.3375199806343145
0.31519577437436164,0.9444272876999691
-0.714567039376945,-1.180548873594078
-0.8327352935824268,-0.6938525301963816
-0.7643760535655073,-0.9203541485892124
-0.021336417440739552,-0.3476310090619662
-0.8645023471795301,-0.3789157227080514
-0.16628868412871078,0.19102091871362753
-0.6753186532795512,-1.3225411067235089
-0.9116451226328586,-0.4158578744123387
-0.7820641671029056,-0.4701703706790145
-0.8241102078754639,-0.5940174984668153
0.8011504823551858,1.2627489508944207
0.317734464081721,1.635990365253866
0.27721348151024516,1.108535461009044
0.9601041759040263,0.7018867550466543
0.11718735085807408,0.5165270186601487
0.8665154279027469,1.489532672303973
0.30637255693972754,0.370992366027156
-0.10521761272634023,-0.2435452486019645
0.39836539748357525,0.6847050301940818
-0.1365340106023445,0.09950343123809302
-0.6151011917661084,-1.7444643633736476
-0.8893748628679117,-0.30777477138083675
0.8477380429558004,0.4548957050047663
-0.26603835050702873,-1.2046107758636675
0.6754145926081303,1.0465947521712446
-0.13197205892932296,-0.24035478656804815
-0.8658087564311221,-0.4941929461512164
0.1127644374877752,1.0052509299791492
-0.82305421455798,-0.6341109086099725
0.4520050445008763,1.3830421540792235
-0.2164107832471407,-0.9192464884205123
0.5990241451497682,0.9443922262268127
-0.7928654335561989,-1.0397462087442713
-0.9471165927439495,0.4429512408022993
-0.7539827683184344,-0.6451296392174178
0.8839797171576382,0.6056954040967726
-0.45103907568940027,-2.220436185532934
0.1776912732873659,1.2136541237263687
-0.2195271745509404,-0.39380545275012835
-0.5676210383105065,-1.593270371527621
-0.6818775075974624,-1.947493960689548
0.18782559999201132,0.7053890416803827
-0.07198760042137486,-0.11713650054270197
0.9187413454458526,0.9258901594782178
0.6589583805027717,0.9764877939903625
0.6396957874850755,0.4521729550066196
-0.8677197907692471,-0.7224116693131193
-0.09687414850682852,-0.21441220040942316
-0.9934073451359744,-0.6573717891877395
0.6976234903148968,1.6634321801183387
-0.48784207719702355,-1.2313273920483567
-0.1427782268210498,-0.5846565191341493
-0.527757641561102,-2.0109974191262636
-0.8238953364706185,-0.8961320618143063
0.9172136907514432,0.7518954968965963
0.13306756871662584,1.028215493589848
-0.08098694256733485,-0.3186069993971151
0.5523696371507423,1.2781933082701515
-0.02158986531308016,0.5766425981570795
0.6937097592719921,1.066974903974462
0.6205731546256907,1.6908235690785878
-0.9540435633123794,0.2208200297266758
-0.021349886148595676,0.22931437024499615
-0.9275003043301748,-0.26028909143424295
-0.2260727939951921,-0.38590721647395454
-0.2601503648258243,-1.2665949806727879
0.5976853189422389,0.6165395870656053
-0.5415463717598898,-1.5259439842498672
0.17562459535160024,1.1534772349761186
-0.06725460963011787,-0.12018248042902668
0.6526097484834321,1.7098129049531057
0.6245540224926329,0.8712294594146169
-0.8674820752506669,-0.11775900721880522
0.5955323109324828,1.157574541655021
-0.7012322835290141,-1.6251409781959314
0.31870938636539603,0.9022073197690326
-0.8669215682619789,-1.3433579820702748
-0.8389042380038711,-0.281344289378506
0.8745086830799944,1.1189520767990704
0.7203828055817887,1.4393914855765042
-0.08746054060446351,-0.2547284815061928
-0.5830546044241596,-1.8087704696902058
-0.5512559256897611,-2.277740746800583
-0.41911266500997635,-1.9497956147776594
-0.29769375909788565,-0.9217097338902617
-0.8629220563751578,-0.3159606088396279
-0.3491957364992788,-0.973196869077279
-0.9019408349724356,0.06889908452906507
-0.8900708283904053,-0.3032942648896419
0.735253429643888,0.2282963487129861
0.359401071501404,1.4421263436928782
0.5236455531580282,1.02181510223784
0.3627195428562511,2.0469158031699326
-0.36997560366369653,-0.8682504024495539
0.33128677905246406,1.170324314529752
0.7616073991532522,1.2148836065167488
0.8533662791455419,1.0158260389769873
-0.1782972596213448,-0.8693983180568166
0.7638986124714187,0.9129044967341704
0.4894120521105201,0.9173321827430709
-0.5714796879561039,-2.1377403442491016
0.1266543977062471,0.7317242497121715
-0.4365650476470433,-1.3545036202179452
-0.5829544148009491,-2.0930648102633476
-0.005078236414050696,0.36354138219381504
0.25495866149990154,0.8425027212849276
-0.9486684328388104,-0.039770205534955916
-0.379651134703489,-1.8960817279957505
-0.22666014137634338,-0.9420756062440667
-0.5440403699041587,-2.613346185285632
0.43414808530825044,0.8577778808797524
-0.5493983139767142,-1.5628674612922813
0.18064765429408447,1.1430094272866038
0.6559214621801719,1.4323493693786884
0.8552958131274169,0.7495495938196683
-0.6485634458572034,-1.4582430814987986
-0.5455612412646571,-1.7646941069672484
-0.45557962848026556,-1.8610576873802516
-0.31741915413418664,-1.1820806442538436
-0.4372203496731657,-1.7108766657911492
0.40718102046771265,0.6033981296021304
-0.056694255041045416,0.7730398161272172
-0.8985237931515189,0.24615833285103128
-0.5961640322743613,-2.1410672888406337
-0.500963349744902,-1.6147994643121264
0.5442985175327517,0.7331716288743877
-0.7378170743356944,-0.8758173267560696
-0.8108437243875375,-1.0463208429708637
0.2698475784595131,0.5434232982290144
-0.8298569457599116,-0.4983476486154266
0.4055976523094562,0.7438673864456946
-0.6423868533055159,-1.4891779472487512
0.26470537421370866,0.7981455974974638
-0.30378294594439836,-1.6049981940492968
-0.8454271494392567,-1.4892379821620425
0.3972751718218299,1.2777097369368253
-0.9936617377230268,0.20325009992430282
0.5064944773841893,0.18658516262618796
0.8069964917429107,0.7521009077597384
-0.5802168739106384,-1.8388047645554946
-0.03370275700922942,0.7658231669747413
0.4387664881717741,1.1673271955875328
-0.3981071744531457,-1.3527386768698888
0.19579336853270202,1.0558319471527602
-0.9403447652078978,-0.1314033568640284
-0.35713469077055104,-1.4363374783769522
-0.4126319681478292,-1.5299871605671105
0.34021681267538617,0.7256062152431311
0.24966800574039505,0.22106455933582003
0.36636936381889695,1.0580743863039679
0.7559233866263988,1.0512409481627445
0.8716995812628452,0.5644144296569154
-0.7919422988645792,-0.9694938726449818
0.27540942175034555,1.341117856938916
-0.3200526451237946,-1.629144383382445
-0.3644327858257903,-1.6289257912687827
0.6531161157868126,0.874607886221984
0.05771726381116826,0.35578860290376313
-0.11349955970971948,-0.3621916523813115
-0.615738168981472,-1.7476836210354663
0.48038582755732784,1.2281090655599285
0.7351754793269927,1.142401412286119
0.33372346500247785,1.23019376653746
0.4422116897398287,0.8421613600917741
-0.7810083177724481,-0.9168931903286784
-0.3673898003458149,-2.078605251027539
-0.06218772043463794,0.3109173206155972
0.5625540364418473,1.2683456946302145
-0.8037673005926789,-0.7989929112207443
-0.5855913425765669,-1.3884854523781014
0.9033993748006577,1.4565979725947686
-0.7141947887988587,-1.2333367986305548
0.4649768452252694,1.081453883863076
-0.17945161246645958,0.16870384696546392
0.7533218230574215,0.8492723380926215
-0.8630433905885462,-0.3682676836543506
0.47273704800427696,1.5583871462106391
0.8999777778390914,0.8415706983830685
0.401844700060644,1.5795480702523776
-0.27232231540509466,-1.0063530944760153
0.9341812570234016,0.7700476459433282
0.6050658378885787,1.2129483894685626
0.35683867363237964,1.2200009927809634
-0.46474762554572924,-1.9350417873512542
0.5065595469876361,1.0233260594103257
0.8130148283546716,1.0201763791393008
0.27743531510695707,0.7662338717548337
-0.23293808833647445,-0.6777144968618071
0.9604351655189893,1.2823110810681095
-0.8827148259581059,-0.6642627832847205
-0.35643388645267704,-1.5160625212352627
0.9242717012068316,1.7301032156887644
0.23845811707232456,1.157242066936771
-0.8046563013773411,-1.3064383415026428
0.1225617215383108,1.1047135579267562
0.9965048917800308,0.43018804037067865
0.8586177150770735,0.5961628390409146
-0.38194696411402296,-1.5832491924337568
-0.5015053434967442,-1.327048170216562
-0.4629782157440505,-1.444870583817663
-0.5633379052629717,-1.2724900845346534
-0.6125702019217156,-1.3749748648301163
-0.39304484832249176,-1.7171225345153625
0.5713831009204489,1.1658741285294634
0.05452265808387069,1.2815390738433057
-0.5522050379752279,-1.0800714647714886
0.6725001180145571,0.5288285711085462
-0.1284490271641754,-0.07293550822774264
-0.6926642223572173,-1.5948138420752123
0.2542380274415599,1.2883254351377562
-0.8930344183580461,-0.0939694001905152
-0.9553008498124393,-0.04346385267034052
0.5609155155234105,0.736782313808703
-0.383949968226172,-1.4180086115950188
0.23975036417046236,0.9297069381269321
-0.10872885328132242,-0.015888390858061124
0.9878474048670065,0.8130746303472172
-0.8242757672811678,-0.5769506540379937
0.9698123484371699,0.9250592351687653
0.38909520577259693,1.227979712373532
0.9941466089993862,-0.12021940721170032
-0.6289815546384296,-1.6936615065185894
-0.4110944212994787,-1.8239588683329058
-0.7639754367519829,-0.9021579668803081
0.9793658061454358,1.1863560344091548
-0.41577254568460176,-1.5935336995780631
-0.503847801007753,-1.779068973550567
0.08716833510810607,0.5918210454708084
0.7677939271571466,1.3970173728883855
0.09059412025650393,1.409296044818776
-0.9695799205240769,0.15945387630732333
-0.349898611088558,-1.3524930697597866
0.2621461894571182,1.1107729551179508
-0.04541606567395773,0.07998943882278786
-0.57288143616453,-2.0224857493938977
-0.3002709116361306,-1.4837097532333268
-0.14445108156297137,-0.21764887214192963
-0.9779262039908598,0.2928725036902892
0.24638676990633712,1.0556728624738085
0.7019115872737793,0.9864993208472197
-0.665818529938176,-1.266470561700726
0.5863785901581118,0.8781650080085245
-0.2051066917666411,-0.5330196916778359
-0.472013831578598,-1.9753992126160362
0.14946967225015717,1.001608662693592
-0.6422471398205276,-1.8952597169897516
-0.38885053975863104,-2.147754051619751
0.626732613358363,1.2064635981745442
-0.12603524151106704,0.3153476820964549
0.9256464022604076,0.8628845949392052
-0.4537735919612016,-2.6440661435984962
-0.5246413423663188,-1.4203096057273963
0.07167959777057797,0.7631635387584774
0.6193518458225844,1.8279677742555984
0.5913600426584591,1.5026099814645129
-0.5261606977691682,-1.9905731402211235
-0.6078053169832593,-1.6920484440873513
-0.33499231044057187,-1.1990460278474773
-0.19582975869261432,-0.8054466096165588
-0.6229063640351498,-1.0883083505867253
-0.6476756599800455,-1.3227571392678632
0.4834870704742511,0.6677073701421228
-0.3857327052958264,-1.0995481332902997
0.8557622924562045,0.6762727533079034
0.06754577969392628,0.9142146543211227
-0.9333994715134086,-0.5862828462225422
0.43881701566936115,1.283925793347493
-0.63830231873434,-1.8643223787102357
-0.17117203357079136,-0.6297439169106986
-0.12732934929139694,-0.07054565598647408
-0.9137140655583982,-0.11564193710801107
0.8130161526361663,1.2691428268259521
-0.4379760954682961,-1.686831470662946
0.20862489244317262,0.5915385524907547
-0.48847792731467155,-1.8822599307043268
0.1744571964081485,0.9060023157055915
0.7045214671380009,1.2047713353919662
-0.6397876195494909,-1.7895904962564744
-0.15803831251208766,-0.10690528904362556
0.05100186939269391,0.4952251851892494
-0.7917569440647731,-1.107599648936905
0.19202571895783183,0.5843539229653308
0.9987825322229844,0.4717864449967939
0.6142173355068545,0.6493738611088836
0.03700794747501335,0.3668591110379504
-0.5942647054816079,-1.2147776737481104
-0.7859755184727362,-0.9088142587702377
0.7532996192673311,1.7427278510461113
0.47660196712752634,0.30107730607378247
0.5373034051119119,1.2272424764523089
-0.0638531686237418,0.39382188594357115
-0.9047751374204958,-0.8832901772557509
0.1441757411709912,0.918609018114947
0.012375565935148103,0.5670090654286271
-0.9111967421750613,-0.12561447702208078
-0.22785925407166996,-1.0193465594813496
0.2974512560276499,1.0971449538287126
-0.7326221719261199,-0.8370800193027927
-0.4588955168108706,-2.136851440585516
-0.5508935924189957,-1.9382470969142291
0.47938644125681606,1.1333383392774223
-0.22807666409241723,-1.1215453281392787
0.2832740337657036,1.2454609764377675
-0.20123174635980412,-0.63740491390975
-0.14334106507344146,0.029498363665315608
-0.7530234379015011,-2.1501892877893765
-0.14280178082264428,0.049170925894641504
0.9968976187913214,0.9863093732695416
0.5038042619625862,1.1650973743565374
0.3849285736608181,0.6778908108750092
0.614504005003458,1.588557274018055
-0.8731464538922484,-0.7171211390857704
0.5997065352011333,1.3191038830943613
0.5897460217207504,0.9549190341803965
0.31969365528984217,0.2730611075704945
0.8287632061169572,1.3514092757871958
-0.8736474721737877,-0.4322055081380794
-0.8204568880902048,-0.995041393988356
0.8430291255632303,1.0606573785525581
-0.17892191740004293,0.46008376139362206
0.8906458277059721,0.8318358782732836
-0.04811691902532256,0.5867283842492945
-0.1320034345256449,-0.2776368591207717
0.6131306452873408,1.069088673911133
-0.07047781189043412,0.45597555856711947
-0.6436754556428383,-1.2509046734479263
-0.14130276597893032,-0.13222948911375462
-0.5853551953415046,-2.0954232425888155
0.8087855449005201,1.2249267494078013
0.7042455281881954,1.1615494995402793
-0.7490499812951765,-1.3235551657255036
-0.3083319442799932,-1.6297250554630154
0.6243404588674664,1.438439513597122
-0.952793272891604,-0.4836985292854458
-0.993621489006316,0.32008824983517886
-0.6290943307819776,-1.891622722537711
0.8617860029075111,1.3327799887974783
-0.03705986392818694,-0.3968806114936316
-0.6503494287222702,-1.2502853711583939
-0.5731970221960767,-1.879093690659259
-0.7279560469328872,-1.553619301414718
0.1468093947692839,1.5538491701325536
-0.5970144328761395,-1.7307123276818248
0.2396888917724167,1.011222089458642
0.9548704590582457,0.9946327913827641
0.23834351495253925,1.2036392645575298
-0.5289711166800397,-2.0067821631940284
-0.6719324495536378,-0.9109133526549973
-0.43633097278682853,-2.0210074744243314
-0.03910547261631381,0.08826433272032477
-0.5740508474254271,-1.69652003279853
-0.9856142670609478,0.7980208188566755
0.5818924294128149,0.8112094393390821
0.12153259832822516,0.9584686285118685
0.45341731173469424,0.765771809342397
-0.20785250096665542,-0.9429141643835202
-0.5460566464397636,-1.7047035787722309
0.21557212643936507,1.4488292397067308
-0.1661272949499244,-0.8846688508706082
-0.4385223744885405,-1.658762788568607
0.7030361452076956,1.2693584089112118
0.9420731321776183,0.8957201909017837
0.5676116470120884,0.858614530520303
0.7946041582352217,0.8524042054014441
0.186909499573213,0.7620254760718329
-0.49930895031866696,-2.0239873017613634
0.6914549620703534,1.4031814173634043
0.456188240398822,0.7080869626706001
-0.7112329426634252,-1.1901946955010008
0.9661101020073544,1.350013079397949
0.8814710651214619,0.7333723717711108
-0.25337982222671074,-1.2703795040089711
-0.1041031760819422,-0.045994057540585595
-0.18068609766396304,-0.7062293894921228
0.008191681362020642,0.8292160342049452
-0.4629169465671581,-1.5122847366095575
-0.6795093586025815,-1.3301137380624195
0.8787978707660575,1.5022357183887391
0.3419661946128745,0.8326521145417837
0.9717311636595807,0.9325964814530028
0.3964841027744679,1.338500699854401
-0.35050711365672504,-0.6050081197122814
0.6020474678986911,0.8552043112268085
-0.5133672874989965,-1.928345347053989
0.9975901024682805,1.3661638813790162
-0.2315333331613767,-0.790319131433322
-0.1671946727202145,-0.9266968665267385
0.3828702807026738,1.0861294914507493
-0.3904265709671657,-1.5991943472093455
-0.11051156767983983,-0.03164694554891877
-0.30257648082419575,-0.8848611527109813
-0.9524350354089945,-0.2398478631711033
0.17549844498299483,0.7156668505699657
0.15136168141057516,0.6296557275399041
-0.3014689916802449,-0.7772987201647613
-0.25824428255590703,-0.8561675084741373
-0.9238735042642454,-1.1057092693329027
-0.382437118526497,-1.2347774450560027
0.47358791285575585,1.0835515859796903
-0.018144713658481804,-0.5965162308293137
-0.6298886316372034,-1.0408824421343277
-0.7350598987923644,-0.5205137879497194
-0.035530371962798624,0.34757107159672146
-0.055785091853308044,0.43782216113970374
-0.07969709584243123,-0.05313206479857696
0.17997002842931753,0.7434088496059312
-0.3019241471893379,-0.8020414445123921
-0.21096280912776888,-0.841202770385126
-0.3423685824340057,-1.5708958906005985
0.24563550135474022,1.111969760088532
-0.9316855207771906,-0.6564553654859646
0.40748640135217373,0.7711173157599718
0.6048008949982486,1.2809727546782153
-0.268500325408376,-1.6645359811894243
-0.9405937529464987,-0.17915421379574953
0.40659706120177064,0.7696272149420285
0.2690787243825645,0.6653090774368984
0.5069987947655348,0.48964177544824766
-0.7200949037980933,-1.5950867202667305
0.14350516930697488,0.6015036181681921
-0.22895109808549652,-1.1073649313234495
-0.8754812836962995,-0.5431793355903212
0.2699177236677839,0.7873511732283404
0.010810600240220625,0.12435116532357693
0.609541852002728,1.102785364159608
-0.2963400727045993,-1.1113373250887673
-0.1828644917561999,-1.028957119429061
-0.4803884368022906,-1.45983981826185
-0.024263488294185898,0.27042545548690744
-0.049591397631305156,0.4193522145007198
-0.8574832184141947,-0.7942546931888282
0.917760681051528,0.6440852776048768
0.6462167631151576,1.034612764835088
0.6986391288015401,0.7240894413841674
-0.021480285174388714,0.7004031178861754
-0.24422502556675507,-0.1645155710798275
0.4488705481718065,1.1735018742771977
0.9757296613048319,0.8783289435063318
0.5109764175819054,0.7836954458811067
-0.8174688465991342,-1.0449964626228403
0.6013816821744637,0.9125853913405004
-0.09057049321860533,-0.2810648270380337
-0.9750743203415684,-0.2064128458350718
-0.49131269655298593,-1.3664252760287479
0.8111798078590953,0.9953274970950756
-0.025321082246567483,0.6011087379648755
0.4930453871202185,1.2836794127001196
-0.11774741085190876,-0.09221384099160318
-0.9842860077515283,0.17616944428370973
0.21081328497356044,0.9810720315766956
-0.43454962867940594,-2.0227810826807007
-0.7221102864509308,-1.3327888335971583
0.37221023936290387,1.1570006096629988
0.22314826477586647,0.4687106785658691
-0.5054179435280801,-1.9999923087771592
-0.9056610602148931,-0.15024612942149418
0.6305145324852015,1.2107285992063486
0.3952253911999959,0.9338087401526055
-0.7442244896815264,-1.2571522976325606
0.5649507544857195,1.1053476986838822
-0.22883711258135597,-0.7105455426067058
0.5699475381702239,0.9820090756362047
0.7150525775578269,1.1047678894662987
-0.6862702243654275,-1.296405216676779
-0.03734707304447138,0.07919575121907782
0.5364136761648137,1.2932929742065329
0.9138593629212748,1.4749127670401259
0.3268415038139103,0.8586539857188498
0.309228683283453,0.12829855032993165
0.9115976593931154,0.6170993497870172
-0.7466561078684544,-0.8772452829651212
0.23103340928327132,0.5931951924640035
0.4185260321894422,1.0798039556279326
-0.22989165745074103,-1.2520612964638067
0.1732914412801705,1.0887509165353841
-0.10118571686361277,-0.007266393688515997
-0.8600697007270863,-0.5163484523981124
-0.2314650437670256,-0.9650503339082875
-0.996488456489012,0.22737492810103452
0.4331890185224099,0.5137647649535876
0.7862145415337933,1.2332061970587256
-0.6427529780613201,-1.6719888024708676
0.779025429264423,1.6904434660050718
-0.5058286191932242,-2.5321486679308207
-0.9470684321691634,-0.03854431528477947
-0.3622149984227794,-1.7514610546528042
-0.11660452975561841,0.036901028138195985
0.6790471750477622,1.3854387273408624
0.1522019641219079,0.37780927374849504
-0.8321682724876123,-0.1848619825940001
-0.5784076220849834,-1.9201033978746964
0.4500165527105544,0.8279237928692835
-0.016102858957941946,0.1305409792769559
0.21424329076237258,0.12474835837184917
-0.7136570229651888,-1.472827334065911
0.1600404069855994,0.426078642316575
-0.36064312591965364,-2.0880157347015187
-0.904959205214537,0.09483658419087504
-0.2543273477383834,-0.5830972204857197
0.1839596796013372,1.0011366137782247
0.15742343801122383,0.5300089060958627
-0.38718046526647965,-1.2129821362011808
-0.08919243398435062,0.04591972746149846
-0.34414011796267574,-1.5258522290818992
-0.0577176775763113,-0.11040868263007855
0.5756892065345653,1.0021424519580497
0.2720044444460896,0.8521243813342106
-0.11072001247975916,-0.23114179112210065
-0.6418792948432404,-1.7180117967774753
-0.5454239657281961,-1.5917147115036197
0.5122658141979826,1.1160288768681106
-0.4241117337176328,-1.251688946789107
0.3964549341934134,0.8088265036436906
-0.7049985826479601,-1.7649115101857094
-0.7171816222944127,-1.2243583270949996
0.6872125404535492,0.4858295059816792
0.3093545569172733,0.6086473878286365
-0.7076000317556208,-0.9641484979374322
0.8147170941936293,1.6809553514244622
0.7010054154529728,1.2376573058321692
0.10534681667777113,0.8350298059606367
-0.2606717869625286,-1.115994105931409
-0.5553282072882813,-1.7654869522394288
-0.32191887125835383,-1.317187849694895
0.39238903095370725,1.02235744667851
-0.5927554069538554,-2.0152279031721836
0.5068432791230275,0.9918353156792088
0.945244754766345,0.46660925666499725
0.4577946776913744,0.35299972356937936
-0.8446783487845699,-0.21941469714339285
-0.49358319539256246,-0.7816946445519459
-0.7630007215600294,-0.9817414027298295
0.17257556826078746,0.9027181433506194
-0.49867763248042274,-1.354199360295643
-0.394761897228626,-2.098010719157581
-0.9426406151413564,-0.6767482256886463
0.28066338076423314,1.1873253078685904
0.37600255626748136,1.4147105564639648
0.11978028423824316,1.0144339165568401
-0.7863796126862639,-0.9907773896196624
0.40214827368642503,1.5357104063130689
0.8571276525625842,0.9195461669020203
0.810223334923234,1.0754803482257556
0.9346318768277659,0.824474980772592
0.7463979290733869,0.6893593093255939
0.41751559817217787,0.8359373151610594
-0.6477868393747532,-1.6150621492439452
0.9962604645258979,0.7702845508759796
-0.5612857411104717,-1.5944298249722542
-0.23058577993311946,-1.0296421701086453
0.8798291174215875,1.519979867789337
0.9887833661722074,0.7266674533063779
-0.37990293630985517,-1.9482235934824625
0.8773973974332019,0.6870433201381887
-0.6755320530897808,-1.6098895000024256
-0.5302842620827446,-1.8969262432453498
-0.8774015162085518,-0.2954358637533325
0.37757245138145534,0.9628754638607314
-0.8542576475002639,-0.1720240731154254
0.10818303706663945,0.6209416970223447
-0.12370305937413018,0.053928788018040574
-0.38443760680781236,-1.5614595356726022
0.45673319982021643,1.13716957520482
0.2810419908962387,0.6852338601103531
-0.29035103747622326,-0.8590952461043155
-0.5731604082409867,-2.1262044122292956
0.6681452279081646,1.8178950734128163
0.2972012988319914,0.3945794472095908
0.9645981788318656,0.7459613231067865
-0.6123849556221577,-1.7121174764144256
0.9299714058638433,1.521886199881187
0.8995650275195473,1.655138437158235
0.8363423590388688,0.7673113258250063
-0.1528502928093287,0.07024397057709697
0.5679314125156032,0.4619085537733314
-0.028256397377249165,0.961741450287724
0.6397499531298296,0.8540150301067598
-0.4728012651613356,-1.606946011357619
0.5232659802488342,1.0165716686619566
-0.6770369575131128,-1.7528081263450486
-0.41380284318744054,-1.6626412170637086
-0.14603724810755625,-0.16216936397163334
-0.7003806999039008,-1.760063536590288
-0.44849773486993705,-1.6287022342109567
0.43034373990342956,0.8653143703248606
0.42309908451074896,0.646386956039948
0.6731176783778765,1.4213002410009787
0.8164327386777488,0.8771868422873788
-0.48688678156738274,-2.3901260833373303
0.4874455899772532,1.1692543537495212
-0.6875412535675327,-1.7491510247775601
0.3528448516281626,0.9625565122827928
-0.9631379336715953,-0.37279655621630475
-0.9259383229766718,0.25649281254765727
0.6724363117640713,1.1153674379796121
0.44577702699261024,1.1631443355699445
-0.40217569466918546,-1.8601035523903313
0.4977550691700243,0.5883493043689513
-0.3741388372620349,-1.5838540240180126
0.11718585646723323,1.0213439784551746
0.5483727424115012,1.1692447313497174
-0.6170862477769041,-1.1263067500920272
-0.2735698454015536,-0.9638959791021432
-0.2940821825118931,-0.6268480892221169
0.34567686259528885,0.5440292783292353
-0.5672461402345681,-1.9029257354905238
0.23777504635144853,0.591690611118795
0.5086856781840132,0.9861887099195585
-0.5382153403708319,-2.142946730157383
-0.27024822473718535,-0.8729764967331273
-0.91168317693861,-0.26295112229871886
0.07421194135804576,0.7947523639458388
0.00896571997905915,0.5937187906724
0.37166117383654584,0.819183425347797
0.08307968774981012,1.1030607937816357
0.7279301108318017,1.834888917444366
0.6903441549108282,1.2578988634375572
-0.7670033400991436,-0.9542518283109672
0.18065095654903973,1.0971472638715458
0.36843568414823613,0.7231975784661863
-0.07376344519038547,-0.18274894416646628
-0.4493959774133589,-1.9896319567042307
-0.6991905232117139,-1.1861699936984866
0.5044323194804134,1.045726373240689
-0.9664853267493665,0.5319426866386354
0.05185632104045235,0.1590535713778059
0.9876697488667694,1.040068359001332
0.44091760756443765,1.4121288752474983
-0.6673662831719642,-1.9037389757444916
0.6972707328675598,1.3866475481732268
0.3134720717800814,1.1423883375230588
0.5640782962705428,0.9740775214482883
-0.46514589362222836,-2.3199258148620165
0.8850090867825409,0.8294646009668203
0.3568220062541063,1.219208238954237
-0.5302046814126788,-1.4668303877542725
-0.30790968041560496,-1.2958691859306488
-0.645783745714736,-1.6481089384722083
-0.9805675351700489,0.4892197841585174
-0.8517307806198402,-0.49541736483142107
-0.6947258618887004,-1.167426871169369
0.7415892426844868,1.3745883840350905
0.21846224866877484,0.30018839102237727
-0.11115210275096743,0.9814908450684261
0.03916336715263791,0.8182169335771851
0.8851001522826576,1.7566031688603287
-0.21695136684342997,-0.9733217223349728
-0.19728825397770566,-1.1650400633074383
-0.6468834401242587,-1.3567527741504692
-0.7041614688523143,-1.8837975041924293
-0.9536923343369035,-0.2916084158319322
0.10787608973152873,0.7766361660896587
0.13822615283221884,0.40761743043100096
0.05439804583643948,0.6879328674934291
0.4774877353909168,0.9225102101683106
-0.7041679748235923,-1.409330771133682
0.1549964838466602,0.6944353554345748
0.8893538798434588,1.5395738067266207
0.21245183245459165,0.9476200008276373
0.5548013008429036,1.0435996018771736
0.014092970455812814,0.6642655236403375
-0.7808134027726683,-1.1883750061545855
0.9700902877258599,0.8160454320834032
-0.3031337271301042,-0.42023634005502175
-0.6526729810878193,-1.7604661492655975
0.14431910142624416,1.4224358411968212
-0.7596024819384122,-1.665227965478722
-0.2555708731991648,-0.8838394648568199
0.09305236338149703,0.5816182182577873
-0.9845736407029535,0.15042064004833527
0.7738231737927932,1.3563656001491136
-0.5169629534850693,-1.622234161576805
0.14698267799032427,0.5989105165271928
0.346590585860993,0.5700057541056389
-0.18645118100663982,-0.35248402398847717
0.8176926247050962,1.5605928651934808
0.5582997589962555,1.1789770553265595
0.3250493465091997,1.4357885948380251
0.17762531269310222,0.6680424606138841
0.5976608733877662,0.6750303972947853
-0.8160671533723478,-0.8892849676637841
0.7585424958029019,1.4648261094111756
-0.34804402064638995,-1.5562154725656465
-0.9008971266777761,-0.6882166836921666
-0.26902940830147903,-0.752302103744896
-0.3247157403909964,-1.532518624495503
0.9999128541870141,0.5593908056045095
-0.42352313632589844,-2.159576322595607
-0.3121590738972331,-1.0949814521123646
0.6659161412482748,1.0903277674610863
0.6211988580742038,1.3405955529068412
-0.0777630987981679,-0.04369825104920774
0.7444976250633513,1.1856063374382746
-0.9700935201495129,0.41018508236673795
0.44904147313524523,0.5978928701737658
-0.8408100512424097,0.038829033825183656
-0.6576769277558989,-1.459075739868393
0.9228241237274388,0.9607246379488082
0.9746658275457889,1.0800232487772716
0.2721917419407056,1.0439941867375548
-0.10349410368397871,-0.16060614898920178
0.7453663574625387,1.1747871363830218
-0.17137854061697544,-0.1799353544413807
0.10141253249474524,1.3679814110480848
-0.7802107557951679,-0.524767543471403
0.035013838037492695,1.071525901706365
-0.7310669903095521,-0.9076714616178734
-0.3603297825519973,-1.4466295360424337
-0.5066953266343031,-2.149181088723717
0.46442190491490654,0.8603089049938348
0.2995150182468076,0.7329235493881133
0.6726183860362731,1.3171126435984943
0.7792405932860484,0.3271006569022027
-0.7797391250914469,-1.0637725922730532
0.979775679205874,1.0672228044086867
0.7028982025852812,1.2245290888623463
-0.295439259344211,-1.0419560729378148
0.14179516353669963,0.9922310053135748
-0.8531399408250953,-1.0141695237035888
-0.5761138990635151,-1.2759751225387839
-0.36732131749870356,-1.2098572681944746
0.020065608479831853,0.9817834826734682
-0.820850379386171,-0.627356651826215
0.9795630670854814,0.7631203392122602
0.8091449486970221,1.4464105142804873
-0.22272016621566304,-0.9628110769980932
0.6452026721398332,0.6756281544576587
0.009719595334601427,-0.1474272582614326
-0.5145184251821051,-2.106391377499304
0.09503398950299369,0.7036091872096084
-0.7301161838048766,-1.7263955479390916
0.27116147147419123,0.3528605505329151
0.6835759355282607,0.8599045024291398
-0.914955919522956,0.10430248752586463
-0.8321218688911685,-0.777739517855538
-0.48740415963651507,-1.7225099816628955
-0.6746661206049143,-1.8392193507950956
-0.8157563307598021,-0.7098819890989246
0.5075652423586963,1.1163094917014622
-0.5164888476908773,-2.280793380276857
0.49982650266750994,0.7492622033837216
-0.4175703400335633,-1.8256213021683168
-0.11082823163679456,0.025999346420839176
0.475389488378577,0.7074829422029109
0.8249603186126151,0.5260706132086701
-0.0808665184255637,-0.127576802801867
-0.3044239784228764,-0.7402090451011554
0.3177619820199007,1.3945792411763538
-0.5049300893392032,-2.02329309065672
-0.5275361359581379,-2.118221300878258
-0.7032428998980997,-1.6811210760421498
-0.43103511636082437,-1.87229870381355
0.12029692427324123,0.8729944693946193
0.26620937651919996,1.209992755023241
0.8651523867076572,1.6836267371029616
-0.4242670231775776,-1.7816619865917689
0.49666292654725397,1.5373907808668412
0.2598472438141928,1.3144786559658057
0.8952689545200547,0.9698227697739902
0.9291143391645038,0.5060677835789189
-0.0585540989619493,0.15307079340403656
-0.18946062949312736,-0.016613807517787516
0.6767465957806758,1.0026858084156378
-0.9557593376447446,0.5501391401361517
0.4733022974601404,0.5448724118878648
0.6817317152775497,1.7081651834883462
0.7796128990373556,0.9620614177735904
-0.9599409267739125,-0.3631927591514681
0.22446578408291074,0.75798421651958
-0.1893389914334067,-0.770659601558857
-0.8618488473593637,-1.055319137336646
0.5923318244140561,0.6784876049708344
-0.1782843262624958,-1.3103718309903976
0.15045373963058806,1.295790276491074
-0.26993651580735056,-0.8324027505085285
-0.4019048115564068,-1.8444147990548516
0.6073527447569114,0.7296941214859216
0.6539255326759363,1.5283187662420863
-0.7056230812839479,-1.6821017863481098
0.014417981341119823,0.8363151180433013
-0.7182580201305953,-0.7992730354612443
-0.7632516450341682,-0.7789419983977632
-0.747907658946104,-1.1092393824548596
0.5765600179663799,1.2148879349375463
0.5694556074443873,0.9251295372987361
-0.10698191395393075,0.3173816684982493
-0.6411320477003086,-1.8101553626342926
-0.9497758589029706,0.569779638055049
-0.8443457628393032,-0.3119406827678991
0.8331041722856691,1.0780681502137757
-0.3459117597852823,-1.0148722638860947
-0.7613462546389902,-0.6682875651875189
0.8544597216900367,1.0040749709625558
0.8501896704260024,0.7382319150403749
-0.13208550530347596,-0.656659234498689
-0.3376349547967856,-1.6318742380059295
-0.5389042221621361,-1.887868929399387
0.1594261359541007,0.8325655330063748
-0.5329595869443438,-0.9973910972457114
-0.5120727009785193,-1.8163892729912514
0.85800970979263,1.1656887028114504
-0.8802740122347374,-0.6038049190884374
-0.6220503923940623,-1.1343246637415887
-0.8433884897648827,-1.0841489029081848
-0.9258650092160441,-0.08978576003194515
-0.8022149107445078,-0.8425497241526484
0.8404834492116602,1.0949837681017123
0.8964696263597609,1.0928134101250295
0.9589489127229214,0.7511784980180652
-0.3133972850172415,-1.6339202858000026
0.9495101499393197,1.3339867464876627
0.8439006641900513,1.6072671180583589
-0.35279674296481733,-1.2126902598531026
0.17355059779951,1.3526367171185574
0.2677613892802364,1.0226290366640152
-0.6470646235996114,-2.33519407439613
0.5398691084978056,0.613480548103228
0.22572366829168766,1.1223869362028978
-0.3578960029090368,-2.2802661060249756
0.4774547771558171,0.9899138089176512
-0.09597424994501558,0.12033134087705555
-0.741133283442075,-1.0297433116106167
-0.15906053115476548,-0.7371419799755757
-0.7657754258272809,-1.1302353227815212
-0.1806950827214009,-0.6133288207127524
-0.49693345222186114,-1.7201163532746084
-0.855570163359435,-0.6186416354365577
-0.7125272017061874,-1.8790476688873667
-0.7956092521766358,-0.027249468231859253
0.4918842865979869,1.0571255271357474
0.7423141602013992,1.0481955663118934
-0.48423840001433205,-1.9787883818384957
-0.17171272575289942,-0.17964063151786713
0.7989614284444846,1.2193118323508962
-0.32206539484886787,-1.1554680210070172
0.24711427091231752,0.4372886198529125
0.44123182207763567,0.2152644509639392
0.19739406872346899,1.3970213713483757
0.9774309023936474,0.9691778374739465
-0.8748343714492495,-0.32863304377157976
-0.7848989528872599,-0.5009821758387241
0.9731450187814572,0.7716435485211315
0.13138319184692704,1.028412522584386
-0.2555283188830322,-1.573558649075835
0.8834056274321245,1.061605733262642
0.8196714106842702,1.1147183271036856
0.7653964536478803,1.482581285659554
-0.9426689069155392,-0.2600004334533699
-0.18443150520970408,0.2001121865331933
0.6647519596324691,0.17307953861761782
-0.15601592081266125,0.025456179272879187
0.3820263402081625,0.32647398788408566
0.6453336132937191,1.3935740473229248
0.35199413587179107,1.2256901657421275
-0.43820856671749664,-1.9552077618253438
0.4365996476491616,0.8019629432906471
0.8850028748815715,1.0025504775914225
-0.1455956932641005,-0.009841266777552038
-0.38145757457013363,-1.7414917091918236
0.2839782335681196,1.0792389063551144
-0.513412352403193,-1.7732212188022176
-0.3292652948854822,-1.10913053534645
-0.2538252725279926,-0.8663914444936529
0.6761003869945648,1.238938994336835
0.49038162466516777,1.2060154504245153
0.7138005491509147,1.361576770208852
-0.9931462764088936,0.33886353864825663
-0.6366303179178714,-1.6407527907071882
0.8264147213034276,1.1151209864576086
0.19556028507353518,0.6802551095934267
0.8929620470782653,1.3044985549858905
-0.2232368982073738,-1.0767691448618602
-0.5941325764807512,-1.7817363339100958
0.2887105562158576,0.9326807447552234
-0.5863941387033562,-1.5207020840529728
-0.43678034878607974,-1.5461256988472505
-0.17769959126850265,-0.22796309486806332
0.5112500782830296,1.0294845520039053
0.0853048141892987,0.29089799787806997
0.13180608211638023,0.6933311266551276
-0.02649928508874755,0.4223061153667321
0.8995977916186118,1.204540324909449
0.9941044783530366,0.5867152817417323
0.0018162995920887326,0.27439148889402254
0.07852040427297569,0.7080160516740124
-0.9849267766834422,-0.3303962271403533
0.526306255013911,0.9034516247189285
0.40028977356678297,1.330479847374886
-0.8463999652597132,-0.9946247716980521
-0.7396477102752403,-1.6055516589875163
-0.8858191648576983,-0.011787716270648785
-0.14005362530171617,-0.29986922883262546
0.13534806319271464,1.4130129928996074
-0.8418797698943794,-1.0565167944649272
0.9002415785295597,1.419500390049608
-0.89410505277258,-0.22858914505937036
-0.6885116262519444,-1.7892309789341074
0.5777948783719489,1.1212110940293338
0.3083035839483188,1.7147139597534746
0.6986126446555594,1.4013833613831996
0.8148608066539136,1.2274042653276174
0.9668084151013574,0.811978777691403
0.21626691680681676,0.5031696476928395
0.14893261594077734,0.4322656932608369
-0.9700949627022315,-0.11253624764564368
-0.052694742494443725,0.5476900640569111
-0.4373841500349285,-1.7724015505608197
-0.876294006991881,0.15984391882116233
0.2403776771262951,0.6386599887527642
-0.9094189867781817,-0.6167795665503584
0.2600027907027216,0.9921558992969677
0.9261541394390496,1.0077626355720224
-0.16635640201950808,0.13057318712117705
0.3111864465433072,1.1935525214925116
-0.9812681386266195,0.0825156192264973
-0.2886615724283268,-1.3852445510988067
-0.7792286896528009,-0.6847318654922843
-0.49208862137622345,-0.9490093164407407
-0.9503547050446064,-0.019433602339956932
-0.016554021059030477,-0.020529710359432574
0.5545926145365068,0.4441428629579278
0.463358863397604,0.8301428995584945
0.9679469670630654,1.0100053713746109
0.8031561326713266,0.9153597231384314
0.413800566211572,0.7950461028112049
0.5204545915148402,0.8038753740763604
0.16538050702661722,1.3655578328666051
-0.9645142402725921,-0.4359388621205586
0.5302305882794478,0.8067117409325353
0.22827129808361546,1.3399458469678849
0.8665373593666377,1.6541513481284942
-0.627259689644948,-1.8042322895409397
0.8638071988043647,1.0725724602830842
-0.6747471875308142,-0.7778552560582852
-0.8713915191736419,0.022575338073161144
0.26566375494865446,0.7021991413868017
-0.35166245915155514,-1.7540576097890166
0.06530350595580714,0.7691941309818056
-0.2455016425734775,-1.1790398674089715
-0.638998851600671,-1.69839459009654
0.713841901740442,1.2563025894433006
0.6049277910228172,0.46732355432195916
-0.4273789968157029,-1.586559692275709
-0.3320109927356505,-1.1644046877603993
0.5314358783229021,0.9074734732340494
-0.08824482848764581,0.35913185266233477
0.40081630154421966,0.744254007839614
0.8343573560531121,1.0623142015922378
0.6738770779808199,0.4774762429719004
0.19521373253615515,-0.07333941423349666
0.5759774559288764,0.6284894902036731
-0.6291106037532757,-1.622544789355693
0.6859911752051244,1.0985969169131853
-0.5022321940860195,-1.8968553791567102
-0.1540602115772467,-0.4271352377846494
0.21780349344277683,0.9152811802096773
-0.35089936099104313,-1.4164583699656577
0.6536314165742179,0.7987214229905684
0.1886982885646582,0.3820579890030593
0.8994275898462232,1.2935276133821132
-0.4420699581850447,-2.191589975808193
0.4008013204877965,1.4567043757129357
-0.6918985480791666,-1.7353185327642133
-0.6568967399869214,-1.636276750969345
0.031238806465032187,0.9142214800474946
0.8017935760723454,0.9834966332062473
-0.05537930435218352,-0.19607306048706774
0.11587803603632851,0.7572761470004619
0.9015579276304242,1.380772274244472
-0.5928230230582552,-1.719582501911749
0.6827182234103337,1.0175466104091109
0.5290932658346028,0.9141859361219712
0.33326219334841456,1.3836553972584262
-0.24115212841557487,-1.3079841290072185
0.7320947256298527,1.21571935373959
0.9395095908115116,1.8204292873995152
-0.22930742756753286,-0.7935847804572802
-0.16587543263707483,-0.12508165246319686
0.4721733664507659,0.688900196579932
0.04898642372807438,0.462857342561968
-0.5867562485628002,-1.7013457593892405
0.7800526653154929,1.110963365086318
0.35127596088967294,0.6085397726775301
-0.11788234242524376,0.1565048369380682
-0.17594406216742842,-0.6340290749771548
0.2608992748672738,1.2057691661211662
-0.3818528181082059,-1.595257937331071
0.23860366771106611,1.4324482444753333
-0.7663170503899632,-1.0621280789325527
-0.21717419217786826,-1.0159249975446696
0.6154589994496409,1.4156264823545723
-0.7222984583668328,-1.7126663853722626
0.40118720337245817,0.8079543426370719
0.42796006277406207,0.8300992480783547
0.4822658662404602,1.2997951382566637
-0.9350320042573796,0.020844651980370277
0.6528473982325673,1.1153248726667855
-0.4799978162842937,-1.2301301717860231
-0.6529372089331673,-1.492207635948059
-0.7922441032010323,-1.3342878817427752
0.19348123244669102,0.5265663283480716
0.4355769987341873,0.4304225445300753
0.2754858141179013,0.9373968283947309
0.8464811181098433,1.0909406847508134
-0.2275651434749495,-0.6745683253005089
-0.7928729114995867,-0.7977162022105547
-0.4166590354748454,-1.6246168879810587
-0.6049391844985796,-1.1054286669606075
0.4418069228818162,1.0348234341966096
0.5472419328047786,0.6623953117179361
-0.0396037005793739,0.11280971717673025
-0.4748457456539885,-1.970832427916689
-0.0880340356051339,0.0035883251869418854
0.3383930567993838,0.42487284662902536
-0.6600398597509571,-1.1449698353844504
0.047522309203350765,0.1947047853672793
-0.5262000362456318,-1.648752645866971
0.5327930252931548,1.2468927022488114
0.05151852293591408,0.8859510268900227
-0.027069865109357716,0.40293460217531335
0.03082241544731179,0.5948709198715939
-0.3121524227941692,-0.6987911899561037
0.708716501197765,1.359558964062261
-0.9557431024410576,-0.5200672828574177
-0.46466763288848223,-1.572237366173598
-0.3743291319112507,-1.9260155898798206
-0.6363845633530187,-1.3167506762132937
0.37394464233621116,1.2070912579878603
-0.9485031948804066,0.8177316903417811
0.22099699363820857,0.996052612655992
0.48237928024166843,0.8674270450281851
-0.4480166474814242,-1.8496529570930558
-0.45056098836811387,-1.5408205399484023
-0.08809383352357236,0.22492616021440343
-0.3227039103806768,-1.143111393339289
-0.4607460853502976,-1.3412532108012074
0.2937777465575848,1.1413336212883092
-0.4514087179425452,-2.2685972494360342
0.38972794585211235,0.778869755065584
-0.2639341062005638,-0.9535780999500918
0.6854834179981453,1.2493327229858655
0.8948153630484244,0.6726839846146049
0.476397143597163,1.3354810457174089
-0.29835848815418053,-1.3150758415308825
0.20436481085077185,1.2643503802850855
0.5555749876537293,1.2759954009840664
-0.27644210320150875,-1.289758974631846
0.09091979024740393,1.0062827815770574
-0.7504964791094999,-0.6710076830703138
-0.027152635879451825,0.4073731097728183
-0.17666781748833627,-0.2399163846356549
-0.4459250878895691,-2.146247456204047
-0.5455548284262908,-2.199655057647143
-0.7608710855882845,-0.8810860560561063
-0.8222245873140583,-1.3455184496819457
-0.9565234411282513,-0.25901759468018903
-0.7745263687289083,-0.9928001095381568
0.9474241694068117,1.2125039102125372
-0.6520271699080376,-1.0472816240811191
-0.2231560110875075,-0.40892019350658765
0.9814081757349322,0.4358694945458461
-0.19470767751479556,-0.6980582116400617
0.7329162432232932,1.274005618194806
-0.47253353658117425,-1.9231500619330513
0.9146341056332388,1.1978593201159304
-0.11348466002998459,-0.44752974754301444
0.32808228314817867,0.618582903074345
-0.3585585850234134,-0.5344494445983233
-0.5856168278941554,-1.8836543878697913
-0.6041390721336839,-1.7127362277528217
-0.525952136230013,-1.4106684344546154
0.09773052896666012,0.787972532649069
0.12678132615186688,1.327458451385585
0.39640368817110816,1.845550997860105
-0.2004385214516864,-0.5101291248526991
-0.7290717108226124,-0.11772352088142424
0.24159720495904513,0.8211053571534431
-0.777539449697249,-1.774952048038055
0.8881019257135698,1.2235638575022307
0.5202770414100786,1.1694095080801628
0.14618040201077687,0.44755524184552353
-0.7790508362716917,-1.3971614398390033
-0.058697673744700474,-0.10029161477149554
-0.6932892140673408,-1.9426758132193624
0.9597530836446742,0.9489655254401241
-0.16655771511137374,-0.6495127050621289
0.3143854843019156,1.5646885876932513
-0.7689784878554249,-0.598337135265949
-0.14292000170965102,-0.3478119969480454
-0.6723916230477136,-1.5200527870061193
0.15283952844275794,1.3870157689079727
0.9634151239057005,1.2190450912090351
-0.1272764070702499,-0.6953038925759747
0.41707969964906666,1.006674249241783
-0.8224691528701478,-0.5462605894819661
-0.4998917094319173,-1.7237469424365162
-0.7491387641291527,-0.7571097381231268
-0.6411558118314844,-1.7242091663527084
-0.6738624457515505,-2.0645107927368898
0.2906605616185254,1.33382818095563
-0.07388544296031507,-0.23710784091471984
0.15609204011081745,0.7352514912142227
0.22404115688799608,1.0444990944246608
-0.32976593956119027,-1.8301023779633256
0.7045781287457751,1.0473714129572191
0.040392878665257426,0.2463062440668285
0.7489294967600142,0.8884699953070767
0.5827556176076363,0.6317862932449788
0.40471512268561116,0.5085561889090577
0.012783718524908894,0.80101492009681
0.6663473182928019,1.290942085825448
0.36584817626444144,0.9711884994881574
0.49256649492525795,0.7247767808710177
-0.8756949961440137,-0.8665610943704867
-0.20494979747005604,-1.5481736753342503
0.3136076242353958,0.732128018217886
-0.8581219609053352,-0.6532264010812812
0.013421940677627031,0.6112220789603223
0.07981018418611563,1.0476030968364562
-0.4803989434320015,-1.8324114767667687
-0.41568062147324025,-1.6666594252507885
0.4571012328543156,0.6932327509334013
-0.8375885703404393,-0.7009151564822923
-0.9791844860664138,0.20672061563660415
0.8628886911895741,0.7671717751881326
0.4237379433391151,0.8921586498816918
0.11322001353585631,0.8179722874849741
0.5445891379252688,0.6138759487449259
-0.4666606116542664,-2.188220307582334
0.3689657087209197,1.3979044019340428
0.19234319925459498,1.1870024193717983
-0.40129108265404123,-1.7715550355366347
-0.417851440114376,-1.7138579987629619
-0.02882310248806763,0.5977911940050227
-0.8244072900764456,-1.0666353718925967
0.43370863942830207,0.9011110844332076
0.8292959218027687,1.4128794864796401
0.8130448297877979,0.8337373468013396
0.1781209759289728,0.9729063004071242
-0.5758360164145027,-2.4498332756956795
-0.9829166390192812,0.06284002976227662
0.08805703073697368,0.6964790092818633
-0.5046605805973325,-1.161618372210722
-0.42216454350588273,-1.630192444349417
0.33022612522032446,0.7693687539236934
-0.7541822019966824,-0.9024121338032275
0.20367597707499807,0.9953072932769331
0.492627448791225,0.587840674794089
-0.9311147122940144,-0.16940007950108857
0.12111906498693625,1.4945958539881912
0.44320356150490214,1.0684916286663264
-0.1336632690733912,-0.7579976484935327
-0.39704048953032056,-1.7168618404538285
-0.6870125736868931,-1.2734033706767338
0.9107929506692969,1.0034338908154758
-0.18544669583211304,-0.03985845464103954
-0.6094015107435273,-1.8314496841931405
-0.8983976152378872,0.2518464392192552
-0.5309169924626196,-2.029390222702446
0.656843806436187,1.0490454749088647
-0.6295238632887004,-1.207435406359973
0.3414668911468446,0.3806495894068047
0.8332003327025459,0.8157263236577266
-0.2308207573764638,-0.6126873247388446
0.060341905321391165,1.1968845825210428
-0.6892981389846158,-1.6269847715701116
-0.5436615570031031,-1.606201351229086
-0.22677888928240675,-1.1933525357953383
0.3656990842468104,1.1214973230035792
-0.029450140249057455,0.8804826145853075
0.6988916158603922,0.9802810132655492
0.4955356077326716,0.769527467081021
0.13577250106412442,1.3019023976413648
-0.132264429233667,0.02421731321716139
0.11805805282785276,1.163980122674238
-0.13144797556651167,0.1976961506162695
-0.06519949448517726,0.11943526096312532
-0.3907800814308413,-1.2580206970341297
-0.6578598878155419,-0.8908782792040648
0.9285041276111008,0.8768590806177297
-0.9054062475225015,0.02466968355660004
-0.8985924217667605,-0.4665228938626342
-0.7813280754627572,-0.4309585316318375
-0.2006791784331705,-0.43443192984732004
0.01916214572261632,0.08431659345935244
-0.3891603357619793,-1.5339036905787735
0.4874095309323574,0.7466806978592374
-0.2796893165731402,-0.8063710713126431
-0.7543446711818367,-1.138702691130927
-0.1432635211344475,-0.3238045057005785
-0.1111298570768593,0.13150597289039798
0.018094264325015708,0.3681896782848919
-0.40432414633671976,-2.6008442471409583
-0.17578523282449932,-0.6702512277878911
-0.30444072495138186,-1.4383713795486939
-0.6375682568707368,-1.0715730385347757
-0.28607119673949977,-1.7032144844593644
0.2891064782244688,1.560988274911021
0.951980684203293,0.9990517304247726
-0.014701771185285928,0.5359183400674562
-0.025772414048145453,0.2843624018247367
-0.4427924000478507,-1.8156417055806187
-0.19881115796438342,-0.8255708054368431
0.7947001339210231,1.8309007672121012
-0.6015935240214803,-1.9513987460973152
-0.06899101788037387,0.29003132772576723
0.8889354309059401,1.1377019972158349
0.4088320525250262,0.9312753303117702
0.22003029063593726,1.2763614427023062
0.09105829613346184,0.9420815499046157
-0.9683622805530128,-0.6253866514125603
0.11655711156032167,0.2256810994295022
-0.29765259719911574,-1.3786401315816879
-0.6997236137397809,-0.8644471070863495
-0.186829767525853,0.11215936036883789
-0.028043736224146576,0.2047534193473911
0.4367192465937435,0.939059152626789
0.202166607256703,0.5255248012613989
-0.5117477990210091,-1.7074182413190233
0.20061167206064434,1.0250516886356396
-0.01938156352449316,0.1506552227134921
-0.17610078432055198,-0.526314626650104
0.23510040353392458,1.1056078522385766
-0.10332677678734559,0.5417849668890083
0.31729196550428185,1.6115414377390853
0.8527872838694426,2.0164268409073003
0.10869627153039474,0.575955143248048
0.2730997137336848,0.1653943183000004
-0.44062561028982117,-1.7147607233743944
-0.33373502496354224,-1.777850628677216
-0.7561137781484071,-0.8968695881400691
0.22401545161685377,0.8110749138288015
-0.40531054752703266,-1.916644689262184
-0.5526619919801499,-1.8175603886799745
0.8991230453977237,1.4148065613857275
-0.30484451707376015,-1.1024016030228845
-0.48877125144625055,-1.8191182887522745
-0.4446077045275143,-2.0475461828250836
0.2801734747036284,0.5484284778504787
0.025723090705737972,0.6836899071025198
0.14092204412401577,0.7100141613922405
-0.3624960345549526,-1.8484814498595292
0.9011184698607793,1.2430250984514397
-0.35177924438912345,-1.4616808303340405
-0.8475096195799139,-0.6866254092397893
0.1988622611819173,1.4705693263044894
0.8389378738801976,0.8890832348507569
-0.6238323185227423,-1.306518825597314
-0.6901033777213106,-1.3450022276280151
-0.9646979804281617,0.1294120590212122
0.7861806246562923,1.1656680498958718
0.06817589014421332,1.0345852181462973
0.5132039423412083,1.472558351474357
0.9847119211370963,0.3959790255187768
0.5784229445030515,1.3991461680163924
0.27146966491217084,0.8479115835746203
-0.42919487184935456,-1.594528449437726
-0.8382419847817053,-0.5308764647044673
-0.3713264662780409,-1.720637610997605
-0.9301971636033228,-0.370744621640326
0.6952002167480746,1.1472563538812208
0.5069083254521036,0.7221808363090892
0.35031094023830667,1.1777383928870542
0.14056446026924307,0.329165234629077
0.24514937867336029,0.87806589265703
-0.031116311316817136,0.800614613558851
-0.8615359381466945,-0.5714759209502034
0.9734492431722535,0.5620701720414615
-0.621982916804505,-1.677133806522507
-0.9118438244204221,-0.6111021368695619
0.030782601776027763,0.8465293568620724
-0.7627742761060576,-0.9995205181528681
-0.243905289558892,-0.9811510436198565
0.6628165679567997,1.2942760943653957
-0.16249471051927222,-0.4321961828321264
-0.501923549473555,-2.0678986625528157
0.04672184803226975,0.5107803192436086
-0.630807164908983,-1.896020648430701
-0.30871470758874,-1.6404557153984893
0.9143207713693491,1.2412035807586261
-0.5496906889162534,-2.035201658968236
0.6250952787041337,0.7961792279573455
0.843180918727243,1.4259874732776439
0.98898433801319,0.37053618252986675
-0.9988085212288469,-0.19098009099676655
-0.9931139822227892,-0.11662581060915816
-0.7277408062508743,-0.6713480711925328
0.1985495987938366,0.8513599298433436
0.05746092118149848,0.7172125455421663
0.6861214030795391,1.0864151549704928
-0.8715197579883622,-0.8973166742989513
-0.08857265773915013,0.15237981698239716
0.5787752276770006,1.267323783452341
0.2893348264217732,1.533167062323412
-0.3158320604935172,-1.3645454677260882
-0.5978685517955751,-1.5109488840895193
-0.17461212081177013,-0.15893431449442563
-0.6898784696540565,-1.3724541301657593
-0.6696809861611344,-0.7455064040017748
0.6404524861624337,1.710152238385817
-0.8845209095744204,0.11758395710006164
0.687832722234268,0.6325014407604346
-0.7242234159744447,-1.3203410372088793
-0.6640545535887932,-1.2293180457081179
-0.8133249986174895,-0.7351994685284199
-0.34711383089324466,-2.0283544719337483
0.1003650450949578,0.8608654000907948
-0.11992159901553223,0.5623460615685013
0.7591035484042667,1.7017702575859377
0.2752314399890978,1.2487798902511957
-0.29246641327274014,-1.1329545857482801
-0.1127270252743302,-0.0987582302436569
-0.5607309010077863,-1.6753425194501455
0.3980919694025089,0.7590566396606417
0.05414640813771099,0.4957012988731519
0.25840402842678833,1.0144271137985514
-0.9375044152698639,0.5876247597650244
0.7488948270657143,1.3280417516243552
0.7862938751731181,1.229195215927713
0.4462824455107157,1.3128644891378536
-0.8316571151298335,-0.07154076870775383
-0.3061303284047332,-0.8185227637883922
-0.4510404041693228,-2.1170704878107185
-0.15465991938285262,0.2619849354262436
-0.7958054924813345,-0.5430093801086444
-0.5431411830795636,-2.2316148567384566
-0.10503455562658548,-0.16920097148636157
0.7324436861402044,0.3575762752051661
0.673783301576337,0.7899983336569004
0.30419530639593906,0.9233823668566025
-0.9556794375543571,0.05160726806467991
-0.004393647317112226,0.3113972444859394
0.86214592654862,1.1809764651973336
-0.5084894949961094,-1.9922140900743879
-0.9308165871933394,-0.014967905635305673
-0.3421318350074882,-1.4118056932378298
-0.11431363163835995,0.09941942344402899
0.9166686666311878,1.3628137450923887
0.9732714230907296,1.1574381049481333
-0.8335761965777717,-0.738036536054596
0.2493144493952537,0.3398116094480702
-0.20200063478748342,-0.46273834214720405
0.4055087642237769,0.4277195698413886
0.7994638110239924,1.4090572427328465
0.5073268330012595,1.3549633105777517
-0.09196382969078143,0.3656109828038264
-0.9253982104321667,0.24299485637759122
0.8506810244858336,1.4974826135924852
0.869544759657366,0.7972885999774042
0.2836855316496487,0.4942000828164534
0.771340038172114,0.3552663328808736
-0.3397272323789655,-1.3659814554512182
-0.3016557012717265,-1.0539470517592398
0.9326494882857734,1.1170702903120233
-0.327885679601698,-1.3699489564240621
-0.09167161149677683,0.3551805147328056
-0.34963541998264014,-1.3424892631016934
-0.5680848208050373,-2.337554157080725
-0.12616835858841613,-0.6757209638488104
0.5059562540451994,1.3667043309495561
0.47667138959364097,1.1047479459739538
-0.9056665424399624,-0.8003562709597173
-0.3452015855055839,-0.9759472728162193
0.6144336367907643,0.8586533101780622
0.6629468442290247,1.4680995421207763
-0.34645346628849705,-1.589759609705621
0.6003231304646313,1.3996822709168484
0.44272393609274885,1.1923797520570985
-0.30126255268291247,-1.3738481037692234
0.06532988984509491,0.5226217306384847
-0.6549144711127226,-1.0644799773841722
-0.9409529517180848,0.0005192707988548317
-0.5563158157979078,-2.1759720365150006
0.1500826888310951,0.5233037686195152
0.5558996181964153,0.783528151155678
0.8265412297526606,1.0619897453514813
0.7816520548121195,0.6969123966992842
-0.9068102646966527,0.31507210980989525
0.7197507272088906,0.7626517971446922
-0.7911973892514472,-1.2577653452436919
-0.833915587186778,-1.3115584077814868
-0.37589928993786437,-1.6210255116031407
-0.4168301325573913,-1.8033123256839025
0.6896713581961966,1.324825815339545
-0.23399631949659594,-1.0115109392143633
-0.41635579754282737,-1.7110702273480152
0.077288582225147,0.656745967684441
0.88633074976182,1.0672057964170025
-0.43650164333211405,-1.884075647900572
0.6546368931269717,0.8043200979620696
0.45702670260802436,0.9811885322308553
-0.061789733385194,0.5523448369013539
0.48983427310481575,1.8103365229727992
-0.005702063521545897,0.04696986653425894
0.4034910386029169,0.5967284839638839
-0.2940244951973634,-1.2302135496730076
-0.049813608992773206,0.5294560999365847
-0.5788541741142121,-1.6756095018284443
-0.3694104433971337,-1.7522422428823767
0.9857913934262685,1.1456627811750606
0.19411037635355277,0.44011383729094594
0.25401786909781343,0.8064133605136153
-0.3477537119013727,-1.736797322209079
0.22827517426096766,0.5764064494846588
-0.4855936065820219,-2.2848587297798963
-0.251299556597423,-1.1770491545174315
0.958041390374549,0.6793179261844315
0.5309428471096427,0.39889906964087174
-0.136146313600217,-0.7778652496950039
0.11919333007038335,0.5335170541099967
-0.3796935588824095,-1.4122423033326599
0.4069989671231369,0.49413028954766014
-0.4160409551098534,-1.5684983938102888
0.6844584160002782,1.0591844587956443
0.8927283172582141,1.2200492606354094
0.33908772258046915,0.34215788284816095
-0.5976668077772653,-2.0378622974669636
-0.12479133811422027,0.023065912360121177
-0.42191345984274786,-1.0297624457147165
-0.2643756293421553,-1.2522670247815988
-0.6756926592394756,-2.0715632639118358
0.2092808902112009,1.0177782098604151
-0.35105042813570697,-0.9752109990624538
-0.66747586561214,-1.4408442266359869
0.8782112371456983,0.8327409037330427
-0.9414594636664289,-0.3719243675247447
0.9971170916220358,1.1615165386810329
-0.7920431362244109,-0.016781479411088762
-0.11245606414334275,0.3811419857227345
-0.028547509887454803,0.5441835296588458
0.4825605026617703,1.0872892436029404
0.8289672805208805,1.0820111460673625
-0.22887553170473196,-0.7655414698212355
0.41165271828421357,0.871092944415643
-0.950419530161251,-0.7345775161964326
-0.951246594164411,-0.9343522376970534
-0.3282813698813345,-1.1921717665298153
-0.22905859142229956,-0.8761628670507868
-0.22898021711999328,-1.055692922843684
-0.16044646181286182,-0.33867120174693816
0.24189578150578517,0.9922568320699958
-0.5656099427498931,-2.1554590204631583
-0.23989956093990328,-1.3084883633008408
-0.33676602125730337,-1.1415072617168271
0.985206201911317,0.49096759841167426
-0.6621503686362833,-1.4805119603162629
-0.8953801428633319,-0.34164406273682163
-0.625117091234034,-1.7696969104878173
0.44905826407652505,0.8080998114561437
-0.6624560770915087,-1.5514707234834597
0.1795866516586213,0.8498616869715733
0.3565606239590928,0.49676736790261294
-0.44655147044225485,-1.8526076099157505
0.6493792918923273,1.243895075593302
0.8983618785657894,1.6007752455341455
-0.488228268557523,-1.3329949092950062
-0.31350068808612885,-2.1522223185534317
0.09286341229223627,1.0891915737924154
-0.331783435270244,-1.3859357120716647
0.7487994921575829,0.7167870220034223
0.9779618787627082,0.7810731103136689
-0.05405689411612813,0.6461938648969286
0.3778263393016019,0.9751701905412237
-0.8904445369670388,-0.5326473786476806
0.37506195265740927,0.6388192945109286
-0.6330964844896183,-1.7009844817826587
-0.17501724700361465,-0.6007162260779563
0.9974622363458694,0.4513975850238292
-0.608851649408056,-2.283994968773454
0.629751538008984,0.6534735348738299
-0.8676699765286551,-0.4067329351948037
0.6806882241904342,0.24731370244238327
-0.8165880002055692,-1.1263119623576536
-0.9792260358488372,0.8466629479256802
-0.8124470738528609,-0.6074296588358241
0.43813578648063345,1.5674388954527494
-0.2919014558996462,-0.8247899341967684
-0.6893299693592492,-1.0451851776031444
0.4991089887113789,1.1793511125239637
0.31745529298081854,0.7305013690565935
-0.8171343766193988,-0.681430025167791
0.15600516077724103,1.398191548053811
-0.06046601641282123,0.2599915380397376
0.7636849302109991,1.0030762827372843
0.7444785564248246,1.0754528176459688
-0.14700863098055006,0.19549147305522602
0.10851820524036193,0.3180349269505464
-0.19993829501228166,0.02405813793221634
-0.5754629220951972,-1.871847931273595
0.4291647257684428,0.8370236838077578
0.3580204311076265,0.7462553260036752
-0.8214649831703158,-0.6821225769784683
0.6278103268719806,1.0352460543187276
0.8272063605049307,1.2561185087583586
-0.17777249404310846,-0.6579792681145082
-0.3649728148283391,-1.9308907253415888
-0.5728473117517825,-2.017986023706662
0.5762705020538881,0.5984313557876229
-0.6077122123046321,-2.2196805220467763
0.7082005943094836,1.227982964793615
-0.32615232194846633,-1.1986170760017805
-0.6015881741008338,-2.370461795274914
0.9931516927868542,0.3912151223350053
0.7149349662010278,1.4399639199456502
-0.2964345131902275,-1.013215691780208
-0.5432088145015128,-1.3796971927729784
0.3629438073595923,0.5899561745426323
0.21510972435010833,0.07393083534400069
0.6591798107645925,0.41065864298127297
0.22361273177130214,1.026392453698628
-0.185194854146018,-1.0337734864912782
-0.15067807336490802,0.16934666308856228
-0.3880999822720794,-1.6202409309915358
-0.5597668142648102,-1.6574325345808103
-0.30404894912238434,-1.028391966369386
0.3758624306524061,1.2940794418577002
0.9926377059798939,0.8556860513895648
0.7505349800367802,1.236938302452271
-0.5877332355248084,-2.424670944743417
0.574911013272037,0.5501213325766983
-0.7434725943035636,-1.0008177862136343
0.7657346809371033,1.1552587345898937
-0.46297596953827314,-1.943460775873914
-0.030807842473286717,0.026717113262456127
-0.7029591493927343,-1.1060285576607782
0.0037371407350785812,0.5298600404822428
0.9177394599172903,0.8706220472691948
0.7317450269076273,1.8090880860454086
-0.2243262578372862,-0.9015707886097615
-0.8103449073045177,-1.0567152026420608
0.22262458870687074,1.3475998793241044
0.4506365165453863,0.5664055703068984
0.8117674506323631,0.86219520340224
0.5132520300807224,1.0471035870293246
0.7806410738953518,1.70641238933328
0.48056423259319425,0.7474701632339014
-0.2608359719835882,-1.7438187751411207
0.9508370829461035,1.3487872767882254
-0.44227953092591465,-1.773865988733169
-0.06377192960173095,0.4862933046623555
0.24798621964700618,1.1047304117540884
0.21061310257212318,1.3693301131564286
0.3696506601355172,0.9558098374347542
0.14803846476995686,0.20709398268046475
-0.7443423945506071,-1.1804926333390493
0.6229684834431353,1.5499402690273576
0.40247256769536177,1.533720198591092
-0.711844825546291,-0.8826480113421777
0.30896284441466726,1.0072522491788927
-0.5416746513207589,-2.2121884619985837
0.031176564807988694,1.1115080485766642
-0.08321233670845163,-0.3221351290756534
-0.6367915254833949,-1.609016989741813
-0.18856885480629115,-0.6620160097892306
-0.4020463315104814,-1.4776135785421545
0.4817287085721651,1.1241338227852062
-0.8936726595663005,0.6512727468651512
-0.36335371869253397,-0.975146447122174
-0.9441314146267248,-0.15115808528007887
0.27336737611422834,0.8302941142194254
0.8361199694163475,0.6863139629890451
0.0716333885997833,0.9696044619144916
0.8542141150152422,0.4633739574025725
0.2114596351477629,0.37306109866128434
0.650710616407008,0.9874249851802124
0.00888408166666288,0.5565875499196531
0.7266964677793211,0.9394027083846224
