listing_id,area_sqm,building_age_years,metro_m,center_km,bedrooms,floor,amenities_1km,renovation_score,has_elevator,sunlight_hours,monthly_rent
B0002711,60.0073,5,4022.2511,21.3507,1,10,4,3,1,5.6889,2342.3335
B0012825,115.2545,12,2491.8869,15.3625,4,10,3,2,1,5.1386,3585.2166
B0013895,128.4531,23,4032.9347,22.5887,4,16,5,3,1,7.5427,3802.4356
B0021501,92.0134,20,3795.6452,24.8774,2,9,3,2,1,3.3505,2713.1373
B0008808,93.9489,8,3971.3354,21.2283,3,11,5,3,1,6.7045,3390.3336
B0021255,53.841,26,3061.1804,11.4093,1,8,8,5,1,6.141,2426.5543
B0012289,100.939,21,362.5606,6.9531,3,18,9,2,1,5.9093,4138.5474
B0019590,125.7662,10,409.8583,13.5661,3,19,12,5,1,5.5813,5026.689
B0009444,50.1107,22,3674.6644,23.4154,1,20,3,2,1,2.7364,1701.613
B0016209,47.152,8,2428.8442,17.5424,2,28,7,2,1,5.6364,2425.2554
B0010088,129.6105,14,3250.0663,23.416,5,25,3,1,1,4.4854,3742.1297
B0000336,41.8089,21,1197.4278,11.9626,2,14,14,2,1,3.9909,2159.9497
B0006645,57.983,23,794.2818,5.7926,1,5,12,1,0,4.2603,2522.9221
B0003818,153.8578,28,1098.1552,3.5077,4,5,14,1,0,4.3021,4729.1364
B0006395,117.1515,22,1959.5919,4.5627,4,10,11,2,1,6.1699,4190.7927
B0017912,108.1167,9,1768.423,2.6848,3,7,11,3,1,5.6017,4490.7666
B0014647,118.4393,15,3784.9434,24.7904,5,10,2,3,1,4.8601,3623.5172
B0020036,72.2254,25,461.5342,7.4823,2,25,9,3,1,5.9555,3624.2187
B0011314,109.1842,21,2766.5269,16.2842,2,17,5,2,1,5.8945,3542.1616
B0011694,120.2183,16,3144.9795,22.1377,4,9,4,2,1,6.5855,3662.8539
B0003742,116.5095,11,120.0,3.2534,4,26,15,3,1,5.965,5251.703
B0002064,120.5699,31,3843.9811,19.9142,3,1,3,1,0,5.7263,3151.9059
B0005269,114.8931,22,1909.0045,10.9966,2,18,10,3,1,6.1638,3863.4706
B0009301,146.0634,15,3683.9413,23.7846,4,27,4,2,1,5.4623,4219.1457
B0001179,66.7319,14,3375.9104,16.6685,3,4,6,4,0,5.4842,2676.9136
B0001842,152.467,17,2911.5126,23.9086,5,9,0,3,0,5.7489,3844.2359
B0016841,58.4286,8,3683.5944,20.7276,1,18,2,3,1,6.9244,2606.144
B0020500,153.4889,7,3163.4956,23.8395,5,18,2,3,1,7.7056,4512.3786
B0013598,107.8637,23,1383.1127,4.2017,3,10,10,3,0,6.3134,3918.2957
B0016775,68.4903,5,999.0022,5.4746,3,5,9,3,1,4.6433,3350.4353
B0021453,130.7913,30,120.0,2.6592,4,13,15,2,1,5.9454,4949.7114
B0020277,100.6682,13,1526.1934,3.7659,3,28,12,1,1,5.6158,4107.6583
B0020242,106.95,23,2646.0813,22.1122,4,15,6,3,1,5.7773,3445.007
B0020047,126.6785,9,120.0,5.8755,4,2,9,5,1,5.0524,5205.7293
B0000299,69.9899,11,1876.9732,2.1302,2,7,15,3,0,6.5096,3516.4872
B0007269,68.4638,3,1678.18,10.8425,2,17,9,4,1,4.4918,3345.5422
B0003206,47.4303,25,265.012,7.4944,2,13,14,3,1,7.4451,2901.3563
B0003551,80.091,31,260.5038,8.9188,3,23,16,2,1,5.3036,3771.8621
B0012594,121.6509,6,2898.9354,15.9555,4,22,7,2,1,6.9488,4091.3627
B0002575,58.4623,32,120.0,4.1927,2,14,13,1,1,5.5144,2868.9094
B0013392,72.4503,0,4448.9334,23.4332,3,11,1,5,1,4.7817,2827.5991
B0004690,130.5052,21,2078.2856,23.797,3,4,0,3,0,5.0373,3683.0917
B0018467,82.7268,14,933.2203,9.4375,2,11,7,2,1,6.4358,3519.0076
B0002426,50.2128,15,3722.829,21.3687,2,6,5,2,0,6.6176,1950.882
B0013568,51.9928,13,408.0629,2.1079,1,11,15,2,1,7.3365,3008.8311
B0001205,46.3766,4,2025.9041,12.8743,1,15,9,3,1,6.4066,2567.482
B0012995,111.5436,9,120.0,6.2772,3,24,10,4,1,5.9404,5079.0524
B0011183,110.7385,22,3541.1128,15.7992,4,10,8,2,0,5.2104,3460.6685
B0018110,124.1096,21,682.1596,10.3449,3,19,7,1,1,4.9551,4117.9677
B0020501,124.4399,5,284.897,12.8831,3,26,4,4,1,6.6546,5221.8856
B0021708,64.3114,30,2192.3899,14.6428,2,15,6,1,0,4.0139,1985.8487
B0003753,114.188,10,3737.367,20.033,3,1,2,4,0,4.5298,3440.9116
B0003871,86.9845,15,4900.0,24.2273,3,11,1,2,1,3.8742,2958.585
B0009913,90.3907,16,3043.8282,21.205,3,20,2,4,1,5.1257,3093.9692
B0002851,91.766,32,819.8273,18.1216,3,27,8,1,1,5.6132,3259.0328
B0003405,42.0511,6,1147.1228,7.1381,1,2,11,4,0,4.7495,2572.5707
B0010917,107.7443,26,1768.6747,3.8463,3,14,14,1,1,4.9702,3883.9866
B0001951,129.1314,2,3293.3786,21.402,5,12,5,2,1,6.2494,4041.393
B0019840,99.6792,4,4680.7202,22.2034,3,5,5,3,1,5.3324,3468.0239
B0004702,72.3571,24,120.0,3.5026,3,4,11,3,0,5.8944,3580.8354
B0020913,53.3161,30,120.0,5.0382,2,26,12,3,1,5.988,2944.9424
B0001207,94.0814,3,2197.5814,11.0331,2,9,9,3,1,4.3502,3757.7563
B0020305,111.5298,23,4374.3919,23.5568,4,20,4,2,1,4.781,3298.348
B0005017,73.201,27,1077.2562,10.2693,1,20,10,1,1,4.7384,2942.5506
B0012477,36.0066,11,837.4738,17.9099,1,16,11,3,1,3.2874,2210.7563
B0002828,103.628,30,2291.7568,13.704,3,13,8,1,1,6.7184,3011.4578
B0000343,128.4061,18,3592.0783,19.3069,3,10,5,2,1,7.3903,3621.5115
B0016809,88.1299,15,2822.9272,23.6523,3,15,2,4,1,5.4818,3010.1747
B0011720,61.7447,10,2437.5548,15.1333,1,26,9,3,1,4.379,2896.3103
B0014245,76.2625,2,3930.8928,14.9931,3,11,7,3,1,4.2526,3169.0925
B0017779,48.4869,7,2312.2969,20.1691,1,21,3,5,1,5.031,2184.3078
B0009107,104.0502,10,4900.0,23.7678,3,12,3,4,1,2.936,3566.466
B0015563,39.8118,17,2567.6556,20.9086,1,16,1,2,1,6.2065,1649.7047
B0019762,41.2018,16,960.2982,15.4162,1,26,8,2,1,3.5801,2228.5282
B0002451,127.61,20,1332.6553,17.255,4,8,6,2,1,6.0079,4021.2896
B0014061,120.6369,32,2896.9283,24.0862,3,2,6,2,0,6.58,3035.6528
B0019780,138.214,31,2649.5563,19.996,4,18,3,3,1,7.3287,3682.4054
B0019922,80.6569,21,1733.5922,18.0539,2,6,5,3,1,6.1217,2981.9501
B0013342,87.7875,25,120.0,2.0332,3,21,16,3,1,6.6846,4320.172
B0017106,118.4673,32,918.614,2.1147,3,25,12,3,1,6.0907,4377.1376
B0009789,43.9142,12,1961.7468,12.3894,2,24,6,2,1,4.6911,2462.2212
B0012607,94.118,29,120.0,7.1828,2,16,12,1,1,7.1594,4133.3802
B0000607,125.6825,6,314.1995,1.6989,4,7,14,3,1,5.8011,5278.2585
B0016982,152.3569,26,2622.4356,9.2511,5,23,11,5,1,8.193,5030.2495
B0015815,57.8143,30,1369.2506,2.2117,2,12,9,3,1,6.283,2649.0242
B0006698,112.6125,1,120.0,4.1685,4,16,16,5,1,5.9332,5303.7943
B0006915,124.0119,14,4444.7007,19.5528,4,9,6,2,0,5.445,3481.982
B0020056,87.9703,32,3440.8961,23.1446,3,6,2,4,0,5.5048,2546.2029
B0017363,109.0457,28,348.732,3.3477,4,27,14,1,1,6.364,4594.4613
B0016523,51.3663,11,1117.8302,8.8861,1,9,10,5,1,4.5687,2861.7542
B0018896,41.0802,10,1098.0695,10.6772,1,20,8,3,1,5.1275,2518.7439
B0021208,125.4935,31,4200.5582,19.4169,4,16,4,2,0,4.3873,3116.4129
B0008157,53.143,24,4344.8881,18.6403,2,14,3,1,0,3.6031,1496.7801
B0001930,58.0902,28,3068.8902,23.7487,2,9,3,2,0,5.8249,1735.6499
B0013632,73.4629,25,2383.4332,15.3244,1,5,7,3,0,5.0048,2432.2401
B0020709,133.5736,27,661.0103,4.2979,3,11,10,3,0,5.6236,4349.5468
B0005094,35.7089,21,120.0,3.0235,1,23,14,2,1,3.8308,2714.4713
B0005918,102.4918,13,1251.5702,11.2312,3,21,8,3,1,6.2651,3922.5422
B0021007,87.3729,31,120.0,5.4371,3,19,12,1,1,4.2855,3937.4741
B0003722,100.9894,9,1387.6127,4.2156,3,12,9,3,1,6.4927,4133.0196
B0005765,133.7412,24,1357.9374,4.6007,5,8,13,2,0,5.5176,4460.3439
B0012326,70.6016,24,2330.5715,18.626,2,10,3,1,1,5.0472,2196.7773
B0002098,151.3084,14,1865.3227,18.1011,4,28,4,1,1,5.0757,4348.9569
B0005959,134.0832,16,1861.0105,19.8982,4,16,9,3,1,6.1349,4184.8814
B0007366,102.1674,26,1261.5156,9.4882,3,13,7,3,1,6.8804,3801.9478
B0018393,151.3319,22,1367.0283,17.9954,5,3,10,3,0,6.2908,4764.3137
B0014253,81.0433,9,2894.865,18.5792,2,1,6,4,0,6.8792,3072.0525
B0015656,66.033,10,3788.5683,19.3883,2,16,3,3,1,4.1979,2477.6572
B0003036,85.9038,5,2589.5653,17.1334,1,25,4,5,1,4.1998,3288.7231
B0009706,51.4895,14,1006.9603,22.6211,2,21,5,2,1,6.5365,2375.6003
B0011195,64.1725,16,1099.5924,13.4527,1,19,8,3,1,4.5794,2967.7148
B0003143,133.3177,20,2020.1121,16.1581,4,5,11,2,1,7.2378,4125.6213
B0016439,65.8186,16,1621.8823,11.6942,3,12,8,2,1,5.9139,2938.9918
B0010391,59.9848,6,825.0212,10.7717,1,13,11,4,1,6.0387,3199.4202
B0005760,51.0022,22,261.6727,14.3377,1,8,11,2,0,4.8205,2533.2207
B0003932,90.6063,0,1399.4968,15.3807,3,28,7,3,1,7.2161,3871.5967
B0010379,83.2232,0,2250.3651,17.4756,3,26,7,2,1,5.4877,3318.0652
B0007205,99.6791,5,628.7098,11.741,3,10,9,3,1,4.9248,4243.7875
B0021683,114.1767,27,2717.9853,12.8839,4,12,5,2,1,7.4878,3723.4835
B0004491,117.5941,12,3076.3926,20.1256,4,24,6,5,1,2.8102,4084.4517
B0010127,35.5048,10,1002.3125,3.2735,1,2,12,1,0,6.5333,2330.859
B0020031,125.0096,7,2107.7917,18.7573,4,5,3,4,0,5.5479,4227.7829
B0021380,99.8277,4,2409.9495,23.9974,4,6,2,3,0,7.5827,3403.1999
B0012017,140.073,7,739.2793,12.0207,4,21,12,4,1,6.2345,5174.2418
B0012796,146.9446,28,120.0,2.4151,5,9,12,1,0,7.7315,5194.8917
B0003470,76.5722,12,120.0,10.2912,2,14,12,3,0,4.1663,3766.7196
B0019055,38.5682,14,120.0,6.0653,1,8,12,3,1,6.2261,2638.5082
B0004673,70.4303,27,2546.7788,16.9597,2,24,0,3,1,6.7196,2698.9544
B0000722,59.7312,27,471.8174,9.049,1,1,7,2,0,4.7975,2633.4999
B0008716,80.1212,13,1803.4426,8.8195,2,12,7,4,1,6.0393,3433.8674
B0001342,143.9653,21,4442.6743,24.9327,5,14,2,2,1,4.6218,3736.6116
B0019123,62.7999,27,1513.1493,5.7094,2,7,15,1,0,8.0671,2582.4574
B0021366,49.6543,15,2004.3087,10.8659,2,25,8,2,1,6.3047,2344.4989
B0018895,152.3649,24,1438.2673,10.5902,4,12,9,3,1,6.0155,4749.9398
B0009696,145.6688,7,3418.005,16.477,5,26,5,3,1,8.1062,4631.0309
B0007603,143.0114,14,2139.998,3.8851,4,7,13,3,1,7.8444,4959.0135
B0004439,49.5254,27,4503.6691,23.6799,2,11,0,3,0,5.1065,1706.7746
B0019960,152.682,30,1602.3715,24.4904,5,17,2,3,0,5.206,3718.5471
B0003839,45.6346,15,2307.7728,21.3938,2,25,2,4,1,6.2368,2253.0113
B0000122,71.0652,1,1802.2473,16.7108,1,23,7,5,1,4.3307,3235.655
B0004079,80.1448,8,4468.4978,20.9383,2,18,1,2,1,4.4562,2862.9975
B0002618,91.4209,8,2359.7679,21.0391,3,19,4,4,1,4.3407,3452.3163
B0007007,99.6258,2,1184.0577,3.8258,3,17,16,3,1,6.3532,4420.7774
B0011300,70.4872,24,1632.9629,2.9192,1,20,14,2,1,4.7776,3191.2671
B0010890,64.2953,30,1041.1585,15.4294,3,8,9,3,0,5.4318,2714.349
B0000332,59.0674,14,2801.1399,17.9608,2,17,3,4,1,6.1651,2626.0719
B0012610,119.4937,22,1176.0953,17.8775,4,14,6,4,1,5.8679,3915.9721
B0004640,111.2395,32,1598.8738,11.6228,3,22,11,2,1,6.1499,3786.6485
B0005788,65.9453,5,237.1762,3.0718,2,16,15,3,1,6.6358,3930.2524
B0012173,71.3367,27,3654.1145,22.5625,3,28,5,4,1,3.7434,2735.1599
B0011078,50.7598,16,1007.4029,9.7186,2,10,10,2,1,5.0491,2511.844
B0007713,92.0304,18,2080.126,10.1591,4,22,6,2,1,4.5111,3705.4241
B0018361,144.7168,28,2040.3552,15.075,5,17,8,2,1,5.4701,4407.3257
B0000797,59.173,30,3127.3988,17.5772,2,23,6,2,1,5.6162,2075.5862
B0002434,53.2183,1,3808.4738,9.9525,2,15,8,3,1,5.361,2786.6726
B0016354,146.0629,2,2949.2042,14.9501,5,16,5,4,1,4.8031,4577.1197
B0001911,112.6519,21,120.0,12.767,4,3,7,4,0,7.0008,4343.01
B0009118,78.9288,6,988.6102,10.0795,2,26,13,3,1,4.7213,3567.9801
B0005312,102.7941,20,1513.4829,5.0427,4,23,16,3,1,5.95,4486.141
B0000556,126.8494,13,368.7811,10.2097,4,2,11,3,0,5.7704,4862.0941
B0012036,116.6013,23,3122.9151,19.7894,3,22,3,4,1,5.8979,3467.3777
B0013519,133.4418,16,1485.9126,13.4375,4,13,9,1,1,4.218,4280.157
B0017746,111.9157,28,1409.7499,12.9229,4,6,8,2,0,6.1916,3624.9657
B0022033,83.3054,8,3209.1065,20.2558,3,11,3,4,1,5.4299,2920.8458
B0006830,61.0968,19,2653.0346,14.7066,1,13,10,3,1,5.1831,2830.5252
B0016406,138.549,32,120.0,2.346,5,2,13,1,1,7.935,4954.5097
B0004014,54.9067,1,3567.9186,18.2543,2,18,3,3,1,7.0734,2599.0592
B0002917,118.2123,32,3641.2232,15.1566,5,1,5,3,0,5.6909,3331.406
B0017057,81.2836,11,2800.416,15.0656,2,8,7,3,1,4.4163,3164.6644
B0003475,118.6984,2,2133.3093,21.7058,4,27,3,2,1,6.0275,3821.2872
B0016381,38.9601,13,1538.4191,5.468,1,8,10,2,1,4.2697,2421.9668
B0006531,64.5682,10,1444.8974,7.3812,1,19,9,3,1,5.5232,3051.0538
B0012839,81.0356,12,3784.1171,20.2345,3,23,4,3,1,3.3923,2938.8878
B0004869,101.6896,20,599.1983,6.9939,3,16,11,3,1,7.63,4273.504
B0014543,114.619,8,1221.9875,9.0258,3,4,12,4,0,6.147,4325.2039
B0021465,44.913,2,3693.6354,10.8475,1,7,10,3,1,5.2042,2319.1107
B0002646,107.4167,24,3237.5924,14.8997,3,26,5,2,1,7.4303,3576.5675
B0015924,35.6697,4,120.0,13.3022,1,20,10,2,1,5.1419,2468.2486
B0000568,100.7856,19,1525.1138,17.5689,3,25,4,5,1,5.3188,3896.0634
B0003416,42.3419,6,1300.5572,9.8364,1,26,10,2,1,6.1114,2464.7471
B0019919,52.3077,7,3365.3298,16.9835,1,9,7,2,1,5.1571,2143.0431
B0001960,126.5353,8,2866.9413,23.3675,4,1,0,4,0,4.5429,3850.353
B0003310,140.6811,29,120.0,5.5994,5,19,11,2,1,6.6223,5208.3991
B0010826,97.8977,13,1722.4616,14.1781,2,24,6,3,1,4.5331,3640.2341
B0020562,125.3742,8,2634.1813,20.7737,4,4,5,3,0,6.3305,4012.6535
B0022199,81.9996,1,1363.6488,2.4334,2,14,11,4,1,5.4834,4062.1103
B0008646,112.667,7,3209.6983,18.5508,4,15,4,2,1,4.9945,3442.0534
B0002512,77.3411,29,2334.831,12.691,2,16,9,2,1,4.9163,2907.8865
B0001158,39.5091,8,812.3694,1.6463,1,3,13,4,0,6.2868,2700.1231
B0011911,150.0673,5,2575.6113,18.8296,5,14,7,3,1,6.5335,4698.21
B0000920,72.5086,4,2955.365,21.7963,3,19,6,3,1,5.7784,3200.8626
B0007272,73.089,4,1841.5097,12.8916,2,22,7,2,1,3.8091,3211.5997
B0003763,84.1915,11,255.5972,8.6278,3,6,9,3,0,7.1638,4111.0709
B0013020,36.71,19,1660.2419,4.7171,1,4,11,2,1,5.0846,1982.6558
B0015011,120.4678,12,1197.3133,11.0625,4,13,10,3,1,4.8563,4322.7494
B0006081,89.3241,31,1383.8775,16.5985,3,7,4,2,1,6.3882,2781.2931
B0011279,63.6197,19,120.0,4.1988,1,17,12,4,1,5.02,3674.378
B0010429,49.4419,4,2336.5927,24.6005,1,15,4,3,1,3.1023,2006.1079
B0008631,118.7511,26,4220.2577,22.4097,3,11,2,2,0,5.2493,3156.6275
B0007807,151.7274,1,1669.5962,12.0166,4,21,13,4,1,5.1929,5300.9568
B0012561,144.0953,28,1865.0661,15.8144,5,19,6,3,1,6.1661,4199.1529
B0003449,97.3861,27,1469.5117,4.4726,3,28,11,4,1,6.0259,4122.0006
B0006603,76.6524,25,1889.8035,8.7874,2,21,11,3,1,3.8874,3120.6283
B0001221,62.1595,8,217.3658,7.3488,1,26,8,3,1,5.7262,3544.2186
B0020457,48.3561,13,330.4526,4.8789,2,2,13,4,1,5.0125,3240.4077
B0022120,82.8693,13,3186.2819,19.1596,2,23,5,4,1,5.8966,3064.6934
B0013570,143.9478,25,1154.8758,6.7671,4,24,11,4,1,5.4786,4925.3268
B0021000,62.0499,10,2754.4162,14.9568,2,17,6,1,1,2.8858,2611.2846
B0019587,129.3268,4,1868.1325,8.9575,4,18,12,4,1,6.3828,4806.698
B0015549,87.4883,9,1822.0727,16.1668,3,11,9,2,1,6.6162,3566.614
B0014548,96.439,16,2789.0301,19.9821,3,25,7,4,1,7.5514,3725.3936
B0015360,43.4376,18,516.2875,13.1558,1,26,6,3,1,5.3128,2482.3076
B0021808,37.3371,16,2393.6511,10.4541,1,13,10,3,1,3.1273,2231.7315
B0019926,55.4598,30,120.0,4.0805,1,6,13,2,1,5.6402,2711.2816
B0005644,52.3164,7,120.0,8.8292,2,12,8,3,0,5.1388,3096.4716
B0010078,154.6704,29,2277.8012,22.7983,4,6,2,3,1,7.7684,4104.9403
B0003865,91.4488,0,856.2914,7.4892,3,8,11,4,1,4.3455,4433.5135
B0012208,67.3764,23,1872.7195,22.1105,2,9,5,3,0,5.9243,2144.9652
B0011853,35.2505,32,2221.0966,14.2542,1,17,10,1,1,7.5922,1706.6033
B0010410,41.8827,7,3252.6078,22.803,1,21,3,2,1,5.4864,1834.5372
B0007856,133.9,11,1307.1099,10.6141,4,16,12,5,1,6.3658,4947.1567
B0017188,44.7936,26,2393.1056,23.9181,2,25,2,2,1,3.6355,1362.897
B0011910,52.3743,1,2212.6448,7.7112,1,20,11,4,1,4.2802,3042.9273
B0006049,151.3903,28,2221.1195,11.6558,5,13,8,3,1,4.0801,4445.3536
B0005990,36.1257,10,120.0,1.7011,1,25,14,5,1,3.4869,2962.9425
B0004363,88.7628,10,1639.6627,11.7588,2,3,12,3,0,5.126,3766.492
B0004310,66.3406,17,3826.5673,24.2823,2,25,0,4,1,5.1428,2608.3103
B0015785,116.5304,21,2352.2555,5.2463,4,3,11,3,1,6.2672,4227.5355
B0021753,90.9553,20,4278.7296,21.5157,2,4,5,2,1,5.2914,2748.1794
B0008826,36.5869,28,2261.8003,9.5463,1,16,7,1,1,5.1141,1523.7808
B0016356,65.2176,11,2176.6949,17.3181,2,9,2,4,1,6.3472,2657.1752
B0020254,150.3019,13,2742.1442,20.7034,5,20,7,4,1,7.0271,4614.2802
B0020209,142.9705,26,3381.8402,24.8432,3,26,1,2,1,7.0676,3726.5837
B0007139,92.2974,24,2494.3388,12.3577,3,5,8,1,1,7.1929,3027.5166
B0007987,136.0226,14,1781.6572,5.4768,4,19,8,3,1,7.9247,4785.2155
B0013304,77.3812,29,1085.518,9.5104,3,5,11,1,0,5.7387,2730.8353
B0008023,112.4474,3,1726.8347,5.382,3,27,10,3,1,6.2723,4540.9714
B0022198,52.5132,9,1907.7277,5.2697,1,12,10,2,0,4.2923,2656.3308
B0000174,140.4261,23,943.554,9.083,4,20,12,2,1,6.3433,5137.3995
B0021682,122.476,16,120.0,5.1497,4,7,13,3,0,5.4237,4965.9484
B0006429,45.7397,12,547.6842,11.172,1,12,9,3,0,5.2089,2479.0578
B0017616,53.3114,13,1098.0764,4.5601,2,15,14,4,1,4.849,3225.1013
B0012866,114.928,4,2050.0894,15.5615,3,10,6,3,1,6.4032,4016.2558
B0005233,119.9598,9,2966.2661,19.1235,5,4,3,4,1,4.4092,3851.7152
B0020028,59.2869,28,601.2567,7.0698,3,5,13,2,0,4.5028,2754.8188
B0001078,113.1714,10,3566.3343,23.6905,4,22,7,4,0,5.5909,3584.4962
B0009219,47.9883,11,1320.8444,7.4349,1,5,12,4,1,3.9684,2692.1436
B0000521,84.3088,19,2956.5086,11.4003,2,21,9,1,1,3.5794,3229.3119
B0014485,63.2845,9,1585.2038,20.0942,1,2,7,3,1,3.583,2435.7676
B0006638,55.2349,20,120.0,7.6983,2,18,9,2,1,4.3875,3110.6975
B0021976,151.4257,6,2797.5735,20.3978,4,12,3,5,1,5.5439,4471.5503
B0009418,83.1288,15,2315.1542,17.546,2,13,6,5,1,4.7157,3259.4728
B0001350,36.0083,5,869.8379,3.5558,1,19,13,4,1,4.8525,2748.6812
B0020207,118.049,14,1338.2612,10.7349,3,26,10,2,1,5.3881,4434.2013
B0004511,88.1347,5,1535.5004,5.4414,2,4,8,2,0,3.7273,3496.7696
B0004160,118.8852,14,3032.6894,23.3264,4,26,2,3,1,5.0568,3818.2618
B0014086,142.1856,1,2369.934,22.7291,4,21,4,3,1,6.7132,4616.4712
B0020680,113.1381,24,2527.0348,4.4848,4,15,8,2,1,6.2353,3788.5674
B0015670,144.1989,6,3559.86,20.9392,4,7,3,2,1,6.283,4001.2502
B0005858,38.1492,26,120.0,3.1291,1,19,13,2,1,4.4015,2575.8234
B0018668,61.0829,8,1748.4158,6.3551,1,22,12,5,1,4.7747,3397.7971
B0001251,91.6335,6,2824.9322,13.3799,4,16,7,2,1,4.1117,3514.5428
B0020533,75.5309,25,1485.9181,18.8533,1,6,7,3,1,4.392,2599.4514
B0001415,92.0493,3,120.0,6.4835,3,24,9,2,1,3.9439,4384.6104
B0012277,153.7205,28,2227.9663,22.1149,4,13,2,1,1,4.7446,3907.8159
B0019255,114.3663,11,329.938,3.56,4,19,9,4,1,4.9169,4889.3372
B0015405,35.1909,17,2054.8656,16.6376,2,22,6,3,1,6.4749,1887.1007
B0001944,142.2703,13,618.4233,6.0352,5,27,12,3,1,5.8833,5489.3914
B0019583,111.7171,27,2410.8301,23.8254,2,19,3,3,1,5.3895,3168.5383
B0019930,118.6357,23,272.4204,2.3088,3,11,11,3,1,6.6449,4700.5077
B0000130,74.0218,31,1348.9054,3.6441,3,21,13,2,1,5.1458,2982.7525
B0015132,93.1757,26,2132.4254,18.3069,1,7,4,2,1,5.4536,2933.5037
B0013423,134.9116,19,2890.0726,24.6733,4,21,3,2,1,5.8768,3757.1448
B0021697,100.6492,20,727.9381,14.3411,3,5,6,2,0,5.2407,3720.8321
B0013375,70.0162,8,923.0319,3.1265,3,6,13,1,0,6.1401,3410.5314
B0019790,138.7558,18,3085.5374,13.9237,4,11,8,2,1,4.6534,4185.1846
B0007594,40.9953,1,1250.4793,6.5201,1,15,10,4,1,3.7732,2585.3935
B0011846,72.6903,25,1211.1273,17.1162,2,22,7,3,1,5.055,3081.616
B0021090,111.1752,30,2821.2031,21.6623,4,2,5,3,0,6.3325,3151.8902
B0005569,89.5313,28,2945.0407,8.0067,3,27,10,3,1,5.1023,3625.1958
B0016662,38.5209,29,4058.3369,24.076,1,13,4,2,1,3.6886,1168.6263
B0007365,85.5614,1,1476.4364,12.504,2,12,8,2,1,4.8359,3595.3758
B0017461,122.4834,19,1577.5398,16.4927,4,16,5,3,1,6.0528,4200.6351
B0006121,37.3652,4,4017.7758,18.8716,2,17,7,4,1,4.3293,2115.6614
B0015150,46.3733,26,2799.2021,11.4607,1,25,9,2,1,4.6602,2134.4686
B0022099,36.5524,28,1588.7836,24.2266,1,2,5,2,0,5.2839,1082.9381
B0004198,125.831,31,1362.0528,12.3006,4,5,7,2,0,5.259,3712.9877
B0013564,67.4471,16,2494.1688,14.9405,1,10,4,3,0,6.2406,2902.5155
B0019998,111.7001,25,1843.0849,12.982,3,1,4,2,0,6.1746,3297.6653
B0012672,36.4608,15,803.9206,10.2196,2,4,13,4,0,4.8491,2177.7852
B0014846,112.1505,12,3833.5459,21.3309,4,11,2,2,1,6.1853,3247.395
B0002760,121.1267,12,2343.4513,12.5649,4,14,10,3,1,5.6909,4343.5728
B0016658,131.8546,11,3204.6038,15.6091,5,2,6,3,0,6.4418,4191.0811
B0017662,74.2581,19,2706.3865,4.3763,3,4,8,1,0,3.6836,2744.7619
B0005841,128.2544,31,2109.2436,17.0424,3,18,8,3,1,5.506,3862.3553
B0001823,89.8879,8,2547.0918,23.5767,3,5,3,3,1,5.6976,3156.3048
B0003409,83.9753,21,2478.7878,17.7522,2,26,6,2,1,4.2536,3124.4914
B0018016,131.3478,2,1815.6013,23.6863,4,19,3,3,1,6.7962,4237.2994
B0004917,35.0771,28,120.0,2.0832,1,14,15,2,1,5.9146,2157.2979
B0021012,87.8079,1,1645.992,21.5952,3,27,4,3,1,4.5093,3497.817
B0007700,137.0884,31,630.8276,2.6002,4,25,16,4,1,7.2069,5180.4558
B0012043,50.3929,11,3433.6434,24.192,1,28,3,2,1,4.5857,2126.3304
B0011939,55.7701,6,2859.0089,20.7242,2,24,10,1,1,4.3661,2641.9248
B0015005,105.9142,10,837.194,2.5804,4,14,15,3,1,5.2009,4540.43
B0005163,139.8833,31,1376.9025,10.3395,4,18,11,1,1,6.6195,4172.9847
B0015214,61.9819,12,3273.9811,21.67,2,19,4,3,1,5.0735,2739.6619
B0012083,79.2582,24,120.0,2.5047,2,4,13,5,0,6.7631,4124.0235
B0000409,133.2049,29,3418.9448,19.3697,3,22,6,3,1,4.7685,3978.1534
B0011684,56.527,19,2572.6434,15.626,1,21,7,3,1,3.5658,2500.5952
B0020460,102.8759,16,2630.7099,18.933,4,4,6,4,1,6.8529,3726.9578
B0013474,79.9035,32,545.8631,3.1885,3,24,12,3,1,5.6923,3766.1857
B0011269,38.1763,30,3294.2529,12.4171,1,3,9,3,0,6.7203,1314.0899
B0017028,132.8282,15,3344.14,22.4379,4,24,4,3,1,6.3017,4023.448
B0009601,85.7199,14,186.0824,3.8511,3,2,9,1,0,6.6221,3707.6157
B0000460,51.4654,15,597.6738,8.4528,1,10,13,3,0,4.8458,2868.3651
B0022374,140.0861,8,1308.5825,7.6824,4,17,6,4,1,5.3368,4954.7805
B0017483,120.5352,8,1998.0122,16.2129,5,18,4,4,1,5.2148,4388.0961
B0019987,44.0149,13,3802.9243,16.7501,2,14,0,4,1,5.1171,2133.1827
B0002683,108.6248,16,2673.3395,17.9801,3,15,5,4,1,6.6502,3894.4292
B0019285,83.7568,19,716.2691,6.8781,2,26,12,2,1,5.8253,3632.1473
B0002191,101.0454,11,1610.4439,1.5661,2,14,12,3,1,4.1396,4090.8653
B0004892,128.3358,14,333.0755,4.6664,4,19,10,4,1,8.051,5508.3593
B0020687,38.4812,5,284.9806,3.4563,1,24,14,4,1,5.0294,3132.1893
B0020413,88.1132,16,3150.0061,18.2855,3,26,4,4,1,5.6349,3472.0388
B0019109,78.7247,29,1217.8726,2.2095,3,9,11,3,0,5.9243,3266.8614
B0011822,103.108,8,3670.305,24.602,3,12,5,3,1,5.3801,3362.5267
B0006761,113.0451,4,475.1341,6.1804,4,21,10,4,1,8.6,5046.3023
B0006034,58.5247,12,2961.5707,19.6438,2,23,5,3,1,5.4813,2462.9758
B0020996,82.2992,30,2300.332,11.7614,2,26,11,1,1,4.7467,2910.0721
B0006958,119.3643,30,2310.0188,10.9121,5,21,8,2,1,6.3338,3968.1733
B0013092,125.4117,24,2625.1894,23.6456,4,12,4,2,0,5.8583,3520.5034
B0015568,150.2689,12,120.0,1.594,5,19,14,4,1,6.6301,6339.9246
B0014036,35.7274,27,3693.6775,5.7453,1,20,6,3,1,5.3727,1571.6728
B0016053,143.7078,29,1027.5802,2.5729,3,14,10,4,1,5.6629,4767.2284
B0021133,115.2888,19,2291.4423,24.2948,4,15,3,3,1,4.5563,3385.2426
B0004194,141.9818,10,910.091,7.4152,4,17,10,3,1,6.5832,5027.9131
B0008859,90.4387,9,120.0,1.7073,2,6,12,2,0,8.6,4446.9529
B0008474,120.5633,11,3359.7455,16.2092,3,14,9,1,1,6.2702,3875.1938
B0005040,113.971,32,1653.7589,9.8632,3,11,12,2,1,7.8144,3765.5917
B0021127,36.2754,6,3236.6197,23.0832,1,21,1,3,1,4.7889,1727.6417
B0007546,99.7915,1,1130.5978,12.6941,3,19,10,4,1,5.6952,4383.9769
B0012934,118.111,8,120.0,2.3064,4,14,13,3,1,5.8713,5456.0209
B0008644,131.8528,5,4022.9734,22.204,4,9,0,3,1,6.7699,3966.0429
B0016080,84.2312,4,2639.4918,23.5427,3,24,3,2,1,6.9402,3248.2487
B0000804,86.4582,24,120.0,5.257,2,10,14,3,0,4.5921,4060.8553
B0011996,72.8881,17,2691.1929,22.0874,2,20,5,3,1,5.862,2714.6049
B0019594,41.7697,4,743.7741,12.6671,1,7,7,3,1,5.8318,2197.6102
B0004201,132.9056,6,934.477,12.0664,4,4,8,4,0,5.7374,4821.8965
B0008889,87.6248,1,542.5627,7.7874,3,5,13,3,1,5.9452,4050.4511
B0021213,69.8492,15,1916.9193,14.3841,2,25,3,1,1,7.1524,2834.0497
B0000574,117.5608,30,3028.5164,16.011,3,4,2,2,0,4.6181,3056.0122
B0004805,138.752,26,4265.8844,22.7471,4,27,0,1,1,5.4402,3924.481
B0003171,143.5374,8,1154.5235,5.3061,5,1,11,3,0,7.0849,5139.2609
B0002406,147.144,18,2821.6743,17.6669,4,1,5,2,1,7.3308,4142.1571
B0000845,131.5718,0,3417.177,23.4654,4,24,4,2,1,4.1956,4136.1303
B0020904,51.8178,25,698.4434,2.5642,2,5,11,1,0,4.9248,2386.8194
B0011015,44.9063,5,2028.7613,17.796,2,22,6,3,1,5.7757,2326.9383
B0008450,122.3745,15,2082.1891,15.3743,3,28,9,2,1,6.7155,4245.0766
B0016575,104.2674,3,1274.2699,10.3216,2,8,11,3,1,5.5091,4097.1013
B0014711,153.53,21,458.5771,5.0499,5,23,11,1,1,8.6,5467.2854
B0018787,130.3867,14,645.0501,5.1641,5,4,7,2,1,6.8291,4657.6703
B0003534,103.0607,13,3216.9808,16.5986,3,24,7,4,1,4.6635,3836.42
B0004551,90.9658,2,540.1446,3.9532,3,22,12,4,1,4.6455,4488.8253
B0022183,116.3617,8,2277.3104,8.0051,3,18,7,3,1,7.1682,4083.0681
B0013260,121.7053,2,4234.6718,20.9092,3,3,2,3,0,6.1524,3589.0495
B0016787,39.8783,30,2006.4794,14.3493,1,5,10,5,1,5.5915,1710.6976
B0019487,139.6635,7,393.5394,4.1649,3,14,13,3,1,7.0716,5681.5929
B0017489,98.6465,11,420.9135,19.1195,3,7,3,2,0,4.3146,3813.2417
B0015920,90.5195,4,2113.055,12.8554,2,24,4,5,1,5.7851,3944.7141
B0020434,86.782,28,1617.4381,2.0317,4,21,10,1,1,6.6596,3662.3073
B0011734,65.5763,30,1835.8822,13.5874,2,24,4,3,1,5.3518,2351.1537
B0006076,60.5503,18,1835.1154,5.843,1,17,12,4,1,6.9562,3153.9824
B0009337,76.3951,31,1342.5205,3.8934,3,2,11,1,0,6.1763,2790.2763
B0008272,124.9674,1,915.2563,11.204,3,12,8,4,1,6.8885,4704.9628
B0003157,39.4006,2,3992.2147,24.5586,2,17,5,5,1,5.5186,2001.8654
B0013557,110.4406,16,3232.0624,20.4108,4,7,5,3,0,5.4036,3537.6504
B0020734,62.4567,29,1756.019,14.4455,2,7,10,2,0,5.2625,2005.7052
B0017475,82.9126,13,2889.6982,22.6846,3,9,0,5,1,4.5698,3157.148
B0000297,118.624,19,3407.092,23.572,4,28,1,1,1,4.4518,3290.167
B0013935,121.9449,1,2254.0487,15.3362,4,6,7,3,1,6.0621,4324.1124
B0018576,38.1046,18,2316.5747,12.4672,1,18,7,5,1,7.3325,2218.5291
B0012234,37.0357,12,120.0,4.2718,1,25,10,2,1,4.5473,2597.3895
B0009271,83.5292,18,3568.2454,17.9504,3,8,3,4,1,3.6866,2921.0467
B0011711,39.4381,2,4057.3359,21.4539,2,24,1,2,1,5.1496,1807.569
B0011029,36.6821,0,856.0963,4.6792,1,4,16,4,1,4.3383,2781.5254
B0008945,134.6088,19,1327.2374,7.8237,4,16,13,1,1,5.2972,4609.6338
B0015933,68.4283,11,3005.2951,19.2308,3,14,1,3,1,5.8973,2715.8168
B0010023,36.6051,26,1311.4598,9.5767,1,24,15,2,1,3.1952,2100.1339
B0008312,71.3269,8,1929.3716,10.0498,2,12,8,2,0,4.8463,2937.4772
B0002073,50.9143,24,382.7467,6.5834,2,28,12,2,1,4.087,2938.7
B0020226,36.9614,15,2362.8445,19.0662,1,5,4,4,1,2.8544,1636.1713
B0004568,82.0036,20,1630.2875,15.4118,2,3,10,2,1,6.5341,3153.8864
B0000374,51.0475,28,2413.3107,16.8258,2,28,6,3,1,4.7228,2085.0412
B0011273,42.8501,7,120.0,3.4229,1,16,12,3,0,5.0526,2829.9658
B0010397,85.1127,1,1135.3443,1.8483,2,9,14,2,1,5.6897,4187.1851
B0005973,76.2128,5,959.1835,19.6421,2,24,9,2,1,5.1084,3489.9079
B0012342,58.1308,12,1718.0364,4.2537,1,7,13,3,0,4.4112,2992.8092
B0017625,59.3969,28,3406.6583,24.6461,2,9,2,2,1,5.0795,1797.3967
B0018267,127.9949,24,1819.9675,6.6676,3,9,12,1,1,3.388,4011.2553
B0002995,125.8327,23,1155.4149,7.5809,3,25,11,1,1,6.2192,4474.6454
B0001345,50.4608,15,1563.6929,6.1441,1,8,5,2,1,3.3932,2293.452
B0012352,75.9221,11,2848.8843,15.2961,1,20,7,3,1,3.6549,3095.5833
B0019035,149.3144,30,1254.3581,4.0812,5,22,15,1,1,6.5777,4710.5536
B0011646,80.4532,0,1055.8413,1.8619,2,21,10,3,1,4.8155,3795.6106
B0012801,38.5627,25,2520.6588,18.6229,2,18,6,2,0,5.8993,1393.2583
B0010880,73.5965,17,963.1508,2.4106,2,27,15,3,1,3.4362,3603.7965
B0016687,59.8771,11,4237.4957,24.5622,2,8,2,4,0,4.0592,2178.3586
B0009656,148.8511,9,501.2079,11.1586,4,4,8,3,0,5.1448,5148.9055
B0009828,130.3415,0,1885.9469,13.4116,4,22,6,4,1,5.6588,4584.7433
B0017362,90.9772,0,120.0,9.9332,4,15,14,5,1,4.7959,4488.6489
B0003199,83.0461,11,357.395,10.7728,3,3,11,5,0,6.2368,4070.0361
B0015012,107.4281,8,3207.571,15.47,4,24,6,3,1,4.4638,3899.4701
B0007528,80.6119,29,1688.9733,24.0761,2,5,3,1,1,4.4283,2280.8665
B0022412,47.2864,9,1811.6082,8.1251,2,2,10,5,1,6.3286,2813.0853
B0014308,115.4406,23,581.7183,4.6017,3,14,14,2,1,6.3448,4476.9779
B0000852,48.2356,23,709.481,7.7033,1,25,7,2,1,5.6215,2424.7473
B0004556,107.5431,24,1767.3007,11.0547,3,10,9,3,0,7.1801,3808.8947
B0004998,114.756,27,1518.2819,6.0454,4,21,9,2,1,3.7945,3910.5556
B0001492,69.5791,1,3255.5292,17.8851,2,19,3,5,1,5.8986,3069.3153
B0011087,85.7102,19,1110.3847,18.6628,3,10,4,4,1,4.6609,3316.5127
B0018900,148.1203,3,1959.9739,8.3127,4,5,13,5,1,5.2306,4845.9585
B0015025,69.7513,6,2344.309,14.6141,3,6,9,4,1,5.1489,3140.5856
B0006213,132.4539,5,120.0,3.6688,4,9,12,3,0,4.8258,5244.276
B0004384,64.7685,23,1140.2137,2.5474,2,26,10,2,1,4.3322,3213.5676
B0014348,146.2402,26,1390.8721,7.9842,5,4,9,1,0,6.3076,4395.668
B0002030,71.4496,10,2457.291,18.9344,2,1,5,2,0,6.0988,2680.3269
B0012018,105.4289,11,973.6712,2.2377,3,11,12,3,1,6.3105,4495.1055
B0007504,68.8501,6,3200.3979,21.0558,2,13,7,2,1,3.0514,2746.0295
B0016856,133.3831,13,2816.5573,19.2957,4,6,5,1,0,6.1801,3897.3275
B0006297,125.8952,19,2238.3809,11.2038,3,23,11,5,1,6.1941,4391.3139
B0006388,91.2692,23,147.136,3.1736,3,5,14,2,1,5.1345,4306.9884
B0009329,148.031,12,1598.6161,2.2694,4,18,14,4,1,7.5376,5459.4372
B0020768,55.2684,10,2692.6416,15.9948,2,2,6,4,1,6.0826,2379.8517
B0018255,35.4338,24,2476.2266,20.7722,1,17,6,2,1,3.2946,1305.999
B0021384,146.0781,20,130.8695,2.0826,4,26,13,4,1,7.4598,6045.9027
B0021965,71.8464,18,1869.4394,16.0663,2,17,5,4,1,6.695,3094.8595
B0005907,80.0088,32,1722.9142,8.6708,2,20,8,2,1,5.6849,2984.0645
B0015657,125.7104,23,1879.0782,15.1487,3,26,9,2,1,4.9483,4049.6808
B0011923,35.1958,17,379.9575,5.262,1,11,13,2,1,5.0317,2331.4104
B0022284,82.6583,18,1686.7847,18.0138,3,24,10,2,1,4.8789,3295.0263
B0022479,120.514,6,120.0,1.9835,4,2,13,4,0,6.0948,5407.2059
B0003793,76.5197,30,1145.3276,14.566,2,15,5,2,0,4.7412,2425.3013
B0005289,49.5358,20,2812.1122,18.9617,1,8,5,3,0,5.1977,1860.799
B0019550,104.0205,9,725.6177,5.3023,4,8,10,4,1,4.7644,4537.0615
B0001041,65.2659,4,692.1113,14.4896,3,15,8,4,1,4.2651,3214.281
B0019047,103.2721,10,2396.845,14.5003,4,9,11,1,1,4.2379,3851.6259
B0004696,65.8247,14,3381.9582,17.9191,1,5,9,3,1,5.3986,2745.4629
B0001916,130.2418,7,1815.2477,12.0947,4,5,7,3,1,7.9672,4302.1643
B0001500,67.9621,13,120.0,4.9495,2,8,11,3,0,6.8724,3583.1583
B0014984,140.2696,9,120.0,2.3569,5,1,10,5,1,6.5294,5792.0544
B0015623,61.1874,19,3597.4114,23.9579,2,24,3,2,1,5.3218,2339.0386
B0005132,131.232,11,1297.2113,9.5892,4,20,7,4,1,6.108,4511.2732
B0014110,92.1669,3,3747.5309,24.1573,3,22,0,2,1,3.9297,3343.774
B0015767,113.4031,5,4667.3706,24.0471,3,18,4,4,1,3.8078,3720.71
B0018237,99.4789,4,120.0,2.9488,3,16,16,3,1,5.6024,4652.6349
B0007158,126.5528,1,3978.6429,24.9812,4,10,0,3,1,4.747,3704.162
B0021028,116.8466,11,4327.0579,16.7281,3,6,9,3,0,5.5237,3857.688
B0012389,77.6985,30,1853.9139,24.1883,2,8,3,2,0,5.3793,2300.3503
B0008355,148.2696,17,3781.5639,19.5932,4,13,6,2,1,7.364,4165.5119
B0013615,144.0464,28,1167.2035,8.314,4,10,9,2,0,4.9594,4434.6203
B0016541,71.0052,30,1097.6453,2.8033,2,24,16,2,1,6.4713,3478.3013
B0016309,46.0611,12,1187.5034,5.4281,1,20,10,1,1,7.095,2676.6265
B0007233,43.758,29,120.0,3.6315,2,28,11,2,1,3.5701,2693.4335
B0006775,133.5466,25,1897.5541,15.9404,4,4,4,4,0,7.1009,3851.7686
B0007858,95.4823,26,1117.8141,2.8167,3,15,12,1,1,4.9877,3859.4478
B0007844,128.2509,19,1975.5173,5.9091,3,7,10,4,1,7.557,4458.4247
B0011585,89.7594,9,1152.8492,13.5435,2,12,8,2,1,3.4788,3514.7066
B0020394,144.3208,16,2631.0296,18.4301,5,24,6,3,1,4.7452,4428.6245
B0009399,53.4799,32,120.0,5.6924,1,11,12,1,1,3.6936,2553.6389
B0013855,80.2818,0,1685.2829,16.1372,2,24,10,4,1,4.3151,3804.2759
B0010969,101.0113,10,970.3148,5.3403,4,20,12,4,1,4.6774,4539.0006
B0020524,37.493,3,1601.9469,16.8424,2,18,7,5,1,3.8923,2366.9514
B0015875,142.7175,14,387.9958,5.9355,5,4,12,3,1,7.2413,5497.6907
B0008821,48.8714,17,1400.3501,4.4009,2,17,11,4,1,5.7398,2853.4702
B0006271,49.6093,4,2289.888,17.3316,1,26,3,3,1,5.3602,2483.522
B0003156,92.7952,21,120.0,10.3201,3,22,13,2,1,6.0039,4204.2721
B0015526,106.927,16,4503.0493,17.78,3,11,3,2,0,7.0322,3263.2582
B0001424,91.4671,28,120.0,2.1459,2,8,16,2,1,5.6155,4150.7918
B0002333,115.4006,28,1141.1838,3.2577,4,5,14,4,0,5.4796,4300.6884
B0019423,144.956,1,485.882,6.3158,5,15,11,1,1,5.5491,5577.4272
B0020799,66.0564,28,2043.3329,11.894,3,7,8,2,0,4.8685,2314.4107
B0019814,64.151,16,120.0,8.3648,2,4,13,3,1,5.4696,3488.9873
B0007658,142.154,17,1349.2521,14.6142,4,4,9,3,0,6.929,4527.4445
B0006328,154.0739,21,3385.7685,20.8716,5,12,3,3,1,4.6204,4337.0363
B0019213,80.5584,32,3276.8737,15.1205,4,19,4,3,1,5.5584,2715.508
B0020396,57.7709,25,1929.7988,6.9446,1,18,11,1,1,4.2582,2312.3889
B0000736,148.6613,5,120.0,2.7051,4,4,11,2,1,7.4512,5847.9557
B0004028,123.0894,32,2825.8761,7.7192,3,27,8,2,1,8.1448,3862.812
B0021372,91.6505,30,2738.7371,7.8529,2,23,10,2,1,6.729,3219.2423
B0016607,78.3003,8,1179.9816,10.8858,2,20,7,2,1,6.5016,3460.7734
B0022226,101.6811,4,3401.0477,19.417,3,23,3,5,1,6.7916,3937.088
B0022250,135.8683,31,1111.07,8.1339,5,27,7,1,1,7.2426,4578.8728
B0018072,99.9439,31,2706.2586,23.0419,3,23,3,1,1,4.6409,2977.07
B0005663,124.6907,23,4199.7317,12.9325,5,27,4,1,1,6.7729,3875.3233
B0009201,37.3849,0,3587.0669,24.1596,1,27,3,4,1,4.1218,1848.6608
B0015922,53.8214,22,2528.7088,13.6153,2,4,7,3,0,5.8198,2232.9262
B0018472,63.1231,8,404.7062,7.5677,2,19,12,5,1,5.8171,3795.9067
B0010654,104.7858,13,3271.4312,20.9423,3,25,2,2,1,4.7699,3620.1912
B0001038,122.7041,30,2670.0646,14.3305,4,9,11,1,0,5.8433,3481.5942
B0005296,101.7674,15,1181.6386,10.9832,3,8,8,2,0,6.215,3685.4617
B0021313,89.732,28,1537.7194,10.7827,2,23,11,3,1,7.6698,3625.1905
B0011791,143.5916,23,2492.0313,11.3733,4,23,8,1,1,6.5916,4531.1176
B0008588,107.3559,19,2924.2762,16.5359,3,7,6,3,0,5.8258,3414.812
B0009164,78.4697,8,1878.6315,8.9442,2,22,11,4,1,5.7239,3829.37
B0019847,118.4334,21,828.9454,2.1619,3,7,15,3,1,5.2383,4524.5121
B0016697,138.5512,15,120.9022,12.0594,3,25,8,3,1,7.1743,5384.0115
B0014943,150.5629,16,1014.0177,4.1553,5,23,11,3,1,4.5915,5128.2076
B0008316,119.5497,8,2383.6855,19.8822,3,10,8,4,0,4.9214,4021.6192
B0020572,126.4244,23,891.0687,10.2637,4,12,10,3,1,5.8579,4420.491
B0005995,153.909,10,1191.107,6.9394,5,23,12,3,1,5.9928,5576.326
B0002730,136.9572,14,3142.7721,24.8474,4,23,4,2,1,6.1227,3864.0929
B0021452,88.9782,19,1354.925,15.9884,2,9,8,2,0,3.2497,3049.8386
B0021257,93.9349,18,3510.8193,13.3455,3,2,10,3,0,6.2855,3556.6455
B0011467,153.2465,20,2711.9086,23.0194,5,9,3,4,0,6.1206,4346.7761
B0018395,60.7165,3,2317.3905,21.0375,1,18,4,4,1,3.7215,2537.0127
B0015604,51.406,16,3186.7026,18.4412,1,15,6,2,0,4.1063,1828.6851
B0017594,99.436,12,2872.3948,16.4811,3,23,6,2,1,5.6584,3795.5521
B0019792,65.2531,1,731.7719,7.7802,2,8,13,5,0,5.5686,3481.7452
B0007218,142.4276,14,2358.2071,8.6112,4,24,9,3,1,5.4716,4834.0141
B0002641,117.9354,4,2972.4608,12.6541,2,17,7,3,1,8.0091,4239.4627
B0012053,100.7077,7,2654.7504,14.8646,3,14,8,3,1,7.6465,3830.5928
B0010755,122.1236,23,3354.1911,24.3693,5,11,0,3,1,3.5626,3457.5669
B0010510,154.6247,7,120.0,4.532,4,19,11,4,1,6.7224,6311.5811
B0019682,63.3308,23,1175.957,14.9372,1,9,11,3,1,5.3672,2713.1876
B0019167,135.8887,23,733.741,10.821,4,19,9,3,1,5.7422,4660.5663
B0005323,128.6973,5,1681.0146,8.469,4,11,12,3,0,7.4005,4572.3654
B0014956,96.4864,27,3220.8913,19.0089,3,8,5,1,1,6.3942,3093.7344
B0004135,149.5784,2,2975.2249,15.243,4,26,9,4,1,7.117,4923.4406
B0010620,45.7449,15,1273.7246,10.668,2,5,6,4,0,4.2413,2339.2558
B0013003,113.5623,13,1369.4205,19.3398,4,23,10,2,1,5.6846,4268.4361
B0021447,69.2604,31,1868.5002,3.8007,3,18,9,1,1,4.3046,2914.0742
B0015552,134.3156,30,1131.9544,12.3408,4,15,13,1,1,5.6419,4113.5636
B0005934,142.8971,22,2758.9676,13.4329,4,1,10,3,1,7.502,4335.1447
B0002401,118.1245,32,3111.8894,23.1131,4,26,1,1,1,4.9057,3040.3135
B0008756,94.7467,29,1842.7618,13.5757,3,10,5,2,1,5.0841,3014.3379
B0011108,44.7184,17,3039.3754,17.4893,1,14,5,2,1,5.9987,1884.3176
B0019945,58.7238,17,120.0,2.2554,2,13,13,2,1,8.0067,3602.8037
B0000924,149.2434,1,3967.7623,18.5373,4,2,5,3,1,4.8929,4255.412
B0005808,125.0838,0,1084.7182,3.4925,4,21,11,4,1,5.9532,4990.5416
B0004664,154.7493,4,120.0,7.8911,5,15,9,3,1,7.0342,5858.1584
B0003576,48.2793,9,560.0255,11.3291,1,13,15,3,1,3.9246,2467.1713
B0008711,143.0599,12,715.1414,10.1713,5,22,10,2,1,5.6415,5400.1248
B0011617,120.6746,29,1726.3462,7.4166,4,1,9,2,0,5.3384,3737.749
B0012834,139.5904,30,1577.7288,22.0234,4,12,6,3,1,5.1426,3896.1365
B0018177,53.0876,8,483.4782,5.2952,2,27,12,3,1,5.1557,3344.8124
B0008877,145.7082,0,1993.427,3.5369,4,9,15,4,1,6.0965,5502.8371
B0017473,130.4739,31,1587.9238,4.3736,3,2,12,3,0,5.3019,4049.6238
B0012726,53.2588,21,1071.2308,10.9766,1,13,8,3,1,5.2129,2397.5781
B0003670,148.1003,23,2964.8184,20.9734,5,14,3,3,1,5.3778,4349.0195
B0002457,112.9067,21,3006.768,16.4502,4,15,4,2,1,8.189,3460.5685
B0015577,38.6602,7,1697.5253,24.6012,1,10,6,3,1,4.0259,1751.7667
B0013212,52.501,8,2602.1028,13.7694,1,9,5,2,1,5.1341,2141.9877
B0001480,118.078,7,120.0,3.2993,4,1,12,3,1,6.5564,5125.3234
B0022282,114.7929,25,1386.5717,2.4547,4,12,12,2,1,4.6064,4221.7099
B0012020,69.0491,27,3950.5119,21.1156,1,10,3,2,1,5.4154,1982.4256
B0015297,102.9746,27,1004.1303,4.1591,4,18,12,3,1,6.2206,4108.8866
B0018474,120.9159,9,1152.9058,13.1622,3,22,8,3,1,6.5078,4426.3688
B0016501,96.9401,0,120.0,10.233,1,28,11,4,1,5.8735,4740.4614
B0009642,55.0158,3,885.2477,3.9024,1,16,15,2,1,4.3753,3183.795
B0011177,108.7672,9,2099.8798,19.5478,4,22,7,3,1,6.1225,3938.8478
B0005352,113.6227,10,2009.5606,10.0598,4,7,11,4,1,5.7998,4519.8267
B0015224,41.5318,14,488.593,22.5561,1,14,7,4,1,2.8855,2057.3951
B0008061,41.2965,29,3435.5568,20.6006,1,18,6,2,1,3.6076,1361.7015
B0009675,71.0064,30,1517.2315,20.717,2,22,4,2,1,5.2077,2392.8618
B0004732,100.636,11,1626.389,11.4111,3,8,7,2,0,6.8364,3795.1516
B0005458,87.0483,24,1584.3449,12.0667,2,3,7,1,0,7.5507,3156.4184
B0001739,116.0166,1,828.5284,12.3547,3,26,11,3,1,5.4614,4865.7542
B0003166,80.7846,28,2586.3138,16.9143,2,12,1,2,1,4.6287,2476.6903
B0019871,65.9074,11,2140.2946,9.9222,2,9,9,3,1,4.7874,3200.3825
B0019170,135.0849,4,1459.6476,16.4997,4,25,11,3,1,5.334,4979.2508
B0002220,37.5264,14,869.1902,3.0315,1,11,14,3,0,5.1788,2334.5356
B0018445,67.0948,30,1447.5292,9.1696,1,18,8,3,1,6.841,2674.8841
B0007432,50.5883,2,2119.9371,21.3054,2,4,6,5,1,6.668,2514.5982
B0000371,80.2118,21,2865.8373,13.5458,2,25,8,1,1,6.3125,3121.0784
B0001445,154.1871,26,2215.5167,20.6879,4,26,5,2,1,6.3556,4118.5446
B0009644,97.3419,1,2420.6058,14.6632,2,8,6,3,1,7.5945,3752.4372
B0002280,59.2847,11,1337.9359,7.4108,2,6,11,4,0,5.7349,3028.8991
B0005096,57.1361,30,1254.2773,5.7535,2,24,11,2,1,4.9682,2936.6689
B0015951,87.6122,25,883.0744,8.628,3,14,11,2,1,5.5868,3795.1164
B0007343,139.9557,10,3040.2749,15.2051,4,8,8,1,1,5.4307,4363.7733
B0007772,98.5396,18,2528.8964,8.0768,3,4,11,1,1,5.0898,3601.7119
B0021225,73.9467,10,1859.6319,12.1377,2,5,7,4,0,5.8146,2909.9052
B0006852,68.2794,1,2332.5304,15.2665,1,7,4,2,1,5.4518,2820.8957
B0017703,126.9268,15,3475.5572,17.5513,4,3,5,2,0,6.9244,3865.6537
B0021487,126.8784,17,1289.1521,14.0085,5,3,7,3,0,4.7595,4181.0883
B0005761,145.6419,10,3752.5915,19.0574,4,19,3,2,1,5.1372,4036.6714
B0002539,128.9028,0,389.2889,6.3917,4,7,13,2,1,5.442,4933.8693
B0010041,77.7141,12,1194.9301,14.1447,3,19,6,3,1,4.3678,3127.7503
B0002031,110.4786,30,3204.5226,20.788,3,10,1,3,1,6.9993,3037.7659
B0008572,141.018,6,1029.0765,4.3806,4,6,12,3,1,5.284,5069.7778
B0014924,143.217,26,1855.8149,17.436,4,12,5,3,1,3.8072,3968.8042
B0001134,125.7608,28,2410.4857,5.8428,3,7,14,3,0,6.429,4171.1912
B0019815,145.3362,10,3939.4549,18.964,5,9,3,2,0,6.8859,4038.9298
B0006643,154.7135,12,4900.0,19.2595,5,21,6,4,1,6.6891,4736.4914
B0017550,96.1179,16,120.0,5.4267,3,5,11,3,0,4.2438,4361.5771
B0014129,109.4961,29,2158.7413,7.8576,3,5,10,3,0,8.2829,3770.0975
B0014699,73.2959,24,2506.899,19.0387,2,13,6,4,1,5.4665,2823.4938
B0007177,59.2068,30,2259.3834,17.4989,2,5,4,4,1,3.0722,1791.5934
B0017047,74.8444,15,2346.4439,19.0254,3,23,1,4,0,5.8205,2583.3892
B0016897,130.1788,9,3414.3816,21.597,3,13,4,4,1,5.5964,3963.1104
B0014814,128.1098,27,1869.09,13.1905,3,26,8,2,1,7.1883,3906.7111
B0006371,83.2199,1,3158.6935,14.3464,2,16,5,4,1,7.6555,3559.5978
B0011976,53.6167,2,3613.4249,23.3176,2,5,3,3,1,6.4599,2152.8428
B0007275,146.1049,28,1466.7047,12.9341,4,22,7,3,1,7.656,4432.4503
B0011895,85.3189,13,4352.574,24.3622,2,3,3,3,0,3.8036,2807.409
B0002772,51.3243,13,2501.5666,11.7321,3,23,7,3,1,4.1774,2563.4746
B0009367,90.0569,10,1777.1478,17.8966,2,13,4,3,1,6.1796,3335.1372
B0007385,95.8273,14,4739.9212,24.8784,3,12,0,4,1,5.1337,3181.1124
B0004776,141.5284,31,2932.2983,13.7181,5,5,8,3,0,6.8643,4018.4779
B0002643,153.5348,20,1066.7197,12.4734,5,15,11,3,1,3.983,4858.5085
B0004646,79.6259,8,1566.8995,5.9738,1,16,9,3,1,5.0754,3592.8628
B0002229,108.6586,1,1578.6745,8.5314,5,12,9,3,1,5.6007,4314.803
B0010346,99.1701,11,170.7267,8.0683,3,10,13,1,1,6.3223,4367.7647
B0014782,57.0024,18,120.0,5.4848,2,14,13,4,1,5.568,3536.7715
B0022003,39.8701,6,2130.1101,21.7029,1,11,2,5,1,4.8483,2156.7477
B0002524,122.1342,21,2497.0902,12.1625,2,19,7,3,1,8.586,3895.5116
B0007610,117.5789,12,1767.4378,6.2986,4,3,11,4,1,5.8921,4502.7402
B0016458,112.7586,3,3010.074,18.1022,4,10,3,5,1,5.1462,4012.4016
B0022194,112.4978,31,120.0,4.2452,3,3,9,2,1,5.9674,4242.6377
B0020154,104.9405,20,2274.2346,6.558,3,3,9,4,0,6.9507,3843.3412
B0004832,63.8436,24,1700.3854,7.0029,2,11,12,3,0,6.6097,2857.9479
B0003316,131.5766,13,180.3231,6.7538,4,25,10,3,1,5.8055,5460.551
B0009298,104.0112,18,1290.4656,16.9158,4,15,7,3,1,7.3976,3855.3762
B0015700,125.348,10,2462.8575,17.3303,5,22,8,2,1,6.6559,4090.055
B0008679,126.7087,5,3915.6182,21.0913,4,9,3,4,1,6.9359,4103.5636
B0009871,145.4579,26,424.789,6.4311,5,22,10,1,1,5.565,5095.3067
B0003803,45.0359,19,922.1007,16.9271,1,28,6,5,1,5.6947,2294.1483
B0004764,109.2327,1,652.7633,2.0904,3,22,11,4,1,5.8376,4904.0628
B0018545,60.5815,29,2514.4244,8.1758,2,8,7,2,0,5.3891,2116.8446
B0007414,53.6999,26,120.0,1.6172,1,14,12,3,1,5.1021,3149.0388
B0019344,110.2654,3,120.0,2.4562,3,2,9,2,1,5.9232,4926.6659
B0002079,81.7615,17,120.0,6.7182,2,20,10,3,1,5.231,4310.9209
B0012628,49.448,16,1799.8267,13.3202,1,26,7,3,1,5.2398,2568.4212
B0019795,68.2259,27,2921.9967,13.2402,2,25,8,2,1,4.7585,2493.9125
B0020798,54.3634,29,1431.9911,5.0306,2,25,11,2,1,4.16,2554.4673
B0006923,144.775,24,2627.677,23.9305,4,18,3,3,1,5.0974,3950.1806
B0000464,87.8485,7,2474.7995,11.352,2,4,12,3,0,5.4357,3575.2057
B0010581,149.3991,4,365.1108,4.1841,4,28,13,4,1,6.8178,6098.6381
B0015666,129.4025,7,1713.6256,17.5703,4,6,8,2,0,5.1453,4347.0582
B0017785,45.0482,21,1886.8687,9.322,1,10,11,3,0,3.7676,2163.0618
B0016325,71.5371,20,1750.2493,17.789,2,13,4,3,1,5.1917,2629.4829
B0016950,86.4151,0,831.7989,1.6153,4,28,12,2,1,5.7903,4341.7459
B0008276,45.3434,30,1361.4393,13.4281,1,13,9,3,1,4.1829,1856.9598
B0012295,61.0895,15,1766.4891,7.7746,2,18,9,2,1,4.3224,2870.5762
B0011098,148.1974,18,2654.1895,18.2809,4,13,8,3,0,5.2474,4145.3227
B0005470,54.4208,15,2835.5394,21.2323,1,14,8,2,1,5.1395,2397.3018
B0001653,104.9973,10,3471.317,24.959,3,1,0,4,0,3.8296,3240.0646
B0001718,115.2503,30,3185.9543,14.1331,3,13,8,1,1,3.9061,3352.8288
B0005786,87.0059,31,431.4321,5.565,3,17,15,4,1,5.172,3681.6142
B0020098,108.4114,19,2230.5903,22.3927,3,11,7,3,1,4.7576,3364.2419
B0003216,67.3943,11,768.0677,5.4333,1,4,8,4,1,5.7095,3240.8449
B0001114,71.1354,3,2423.1031,22.9171,2,7,3,3,0,6.5103,2488.3786
B0001546,42.631,17,3233.9583,18.7293,2,14,5,4,1,4.4359,2091.0054
B0020932,142.7374,20,120.0,3.3463,4,16,14,2,1,8.1635,5581.7224
B0008255,112.3419,10,2896.104,18.3686,4,15,4,4,1,7.3141,4112.1318
B0007144,110.6747,22,1663.8458,19.2991,4,24,4,2,1,5.8037,3544.1113
B0002223,128.9035,2,2174.5491,20.3334,3,3,3,2,0,6.882,3768.8915
B0003436,100.4628,17,2686.0271,14.758,4,19,10,3,1,5.3284,3822.8725
B0014576,68.2934,7,1955.0974,22.764,2,12,8,5,1,4.9997,2927.3675
B0018442,99.7623,4,2775.9287,12.868,4,27,9,3,1,6.6439,3740.7266
B0009704,61.1431,12,809.7141,2.242,2,17,16,5,1,4.5345,3539.6566
B0019098,146.159,9,1787.7811,4.8859,4,22,12,3,1,6.0898,5011.5854
B0016388,142.3884,7,3275.4024,21.1147,5,1,4,4,0,4.2778,4297.7115
B0010082,112.9776,11,1797.3242,11.2685,2,4,11,4,0,5.3781,4073.6718
B0010650,118.8512,22,1964.7516,20.2581,3,21,6,1,1,4.7868,3493.951
B0016912,35.7028,31,269.9356,5.7619,1,1,10,2,0,3.0246,1690.7979
B0001642,124.5398,11,2052.8613,22.2372,4,15,2,1,1,3.9591,3838.805
B0022197,78.6122,31,3069.189,24.7475,2,27,0,3,1,4.9195,2572.9162
B0020995,86.0918,3,3645.9506,24.7708,3,21,6,2,1,4.6205,3047.3316
B0021389,115.7472,11,583.5652,9.6439,3,4,10,2,1,5.931,4413.7217
B0004879,139.7339,10,4233.7037,21.9237,4,11,10,2,1,5.6176,4227.7578
B0016431,88.6479,24,2826.0906,14.7125,2,17,3,3,1,4.7266,2834.6996
B0000560,67.3996,25,4209.2448,23.1503,2,25,1,3,1,4.2409,2362.028
B0021104,145.139,27,1109.9529,2.2226,5,14,16,3,1,5.4864,4929.8717
B0009129,67.1597,21,2107.5872,15.5544,1,11,6,1,1,4.8959,2439.6999
B0019709,117.3922,12,3774.0394,18.8051,3,28,3,4,1,6.9732,3865.3589
B0007723,57.1718,26,1638.6499,19.951,2,4,5,3,0,6.7251,1987.3628
B0011529,137.5243,23,3199.8753,15.8317,4,6,4,3,0,5.6544,3928.8097
B0014777,124.7948,7,179.9709,12.8135,3,27,9,3,1,6.8042,5081.8076
B0002423,94.6585,12,4469.8279,20.9774,3,21,5,2,1,4.4728,3231.066
B0011514,85.8933,22,3376.5222,11.3559,3,16,6,2,0,6.9762,2819.3408
B0002834,115.0468,7,1439.3329,2.4283,4,23,11,3,1,6.1009,4653.6643
B0011773,154.5486,6,2589.3582,20.0215,5,3,4,4,0,4.7679,4538.0697
B0004649,85.0355,12,1505.9048,8.6015,4,13,10,3,1,6.1603,3796.1013
B0011118,110.4052,20,1041.3819,3.2201,4,18,12,2,1,4.8949,4474.624
B0017051,94.0512,8,1996.1379,2.7838,3,13,10,3,1,5.4013,4287.3286
B0018726,86.44,1,120.0,8.7487,2,21,14,3,1,6.8519,4525.4584
B0013166,67.4631,9,2315.0781,19.7771,2,28,6,3,1,4.4375,3162.1102
B0004518,83.3038,23,1708.8915,10.9688,2,15,8,1,1,6.7203,3046.6529
B0018167,47.5652,17,2833.3593,15.631,2,16,6,2,1,3.2238,1964.875
B0018852,92.0205,23,3510.477,24.5755,4,14,3,2,1,5.1968,2862.9968
B0006257,47.4768,0,844.2128,6.806,2,21,13,3,1,5.3651,2946.984
B0021083,41.1815,19,2281.9483,11.6398,1,28,8,2,1,6.627,2292.6976
B0006157,67.9909,16,2807.4526,13.7219,2,19,9,4,1,6.6063,3201.621
B0019503,56.2693,1,1202.1116,9.4879,2,19,14,2,1,3.5503,3152.7954
B0005045,96.1552,27,120.0,12.0892,3,9,9,3,1,4.3015,3893.7092
B0011784,119.0615,17,2970.0972,17.2602,4,10,3,2,1,6.0466,3663.9324
B0018974,149.7166,26,1408.3465,7.7911,4,9,8,2,0,8.0274,4585.8165
B0007973,90.5796,1,700.9517,13.4293,3,21,7,4,1,3.8597,4107.4358
B0018614,116.8467,23,3057.0124,22.0511,3,12,4,3,0,5.5893,3353.913
B0013083,138.5577,15,2647.9724,13.4606,5,14,8,3,1,5.7789,4504.199
B0021466,37.2896,8,3322.0527,23.8019,2,13,9,4,1,4.2794,1948.1819
B0017922,84.1485,10,2885.0076,9.1777,3,21,11,2,1,6.0759,3803.194
B0010086,63.3669,8,1642.3131,19.2603,1,25,9,4,1,3.8975,3078.4919
B0012864,44.4776,15,2453.0594,22.7691,1,16,3,2,1,2.526,1745.2637
B0016524,130.2763,5,529.5917,16.6933,4,3,8,4,0,6.0555,4765.0516
B0006510,112.3572,31,2840.168,19.5145,4,13,2,2,0,5.2844,3147.8753
B0014914,41.1924,31,4121.5898,14.8979,1,10,5,3,1,3.7513,1387.2749
B0021851,89.3674,2,2184.8565,16.4035,2,2,4,5,0,5.7534,3278.5551
B0000410,38.4339,22,120.0,1.7191,1,18,10,3,1,2.867,2544.4383
B0010342,137.545,1,2651.1058,18.2002,4,22,6,4,1,7.4997,4618.8842
B0020377,96.2334,26,1927.7176,10.5678,4,25,9,3,1,5.4439,3547.067
B0001115,141.6244,3,3528.1019,12.8946,3,2,6,4,1,6.0299,4507.6635
B0001745,126.456,3,3078.8821,22.6406,3,9,0,5,1,6.0937,4026.4449
B0006615,88.8513,19,603.6185,4.8356,3,4,13,1,0,6.3484,4015.2159
B0007584,80.4853,29,2945.7116,23.6831,3,16,2,1,1,7.7951,2538.6226
B0010668,145.6881,21,3075.2178,18.3561,5,11,8,3,0,5.8175,4109.9288
B0005152,80.8537,15,120.0,6.7498,2,11,12,3,1,4.4572,4082.4713
B0019206,147.8149,32,1558.9986,11.0704,5,23,6,2,1,7.4223,4294.7068
B0003542,142.1551,23,1169.6896,2.2608,5,25,10,3,1,6.2455,5057.0097
B0015553,56.8645,26,764.0839,8.6475,1,8,14,2,0,4.2245,2404.3391
B0019032,77.1323,32,2427.861,10.6809,2,1,10,1,0,4.4762,2505.1954
B0021300,72.1718,23,2100.3058,23.0323,2,21,4,4,1,4.224,2521.8832
B0022138,152.4733,13,2019.0869,18.7965,5,27,4,3,1,6.192,4663.7156
B0002303,82.0297,29,2561.0772,15.352,3,17,10,3,1,5.6022,2984.1607
B0003926,39.0379,11,847.4067,7.1096,2,20,10,2,1,3.6347,2792.6638
B0002025,119.8488,22,2136.9279,12.7105,3,18,6,1,1,5.2472,3598.2448
B0003061,122.9665,32,2221.5984,22.6963,4,20,5,1,1,4.2039,3267.356
B0021822,51.0343,28,1117.6247,13.2426,1,15,11,3,1,3.6629,2141.5851
B0016918,148.287,11,2738.147,5.3682,5,27,13,2,1,5.3219,5163.9741
B0014009,92.4161,18,161.485,21.1348,3,12,8,1,1,5.568,3579.3309
B0015433,116.9977,31,120.0,6.3351,4,17,12,4,0,6.2895,4544.2195
B0001859,138.1735,24,3323.2479,22.7507,4,15,3,2,1,7.3802,3704.4163
B0011325,139.3673,6,2801.385,12.3053,4,2,7,3,0,6.6936,4395.8691
B0002966,88.6197,24,2500.0732,9.6273,2,28,9,4,1,4.8685,3624.6744
B0004088,85.1241,15,986.6441,14.6568,3,5,8,4,0,4.7609,3338.3456
B0007719,129.0949,6,2365.508,19.323,4,25,6,3,1,5.522,4315.7927
B0010746,131.3864,29,2823.2739,16.7284,5,7,10,3,0,4.1432,3989.0904
B0008663,144.34,19,2005.3685,10.6477,4,11,6,2,1,6.5057,4307.992
B0021134,152.7899,5,1149.8017,15.036,4,19,4,4,1,4.4305,5050.3538
B0014679,130.4548,16,120.0,7.3239,4,8,9,3,1,8.1109,5053.5626
B0019080,94.3479,6,1064.3509,12.9503,3,9,8,5,1,5.6243,4172.8985
B0017071,44.988,23,2170.4321,14.6108,1,18,8,2,1,5.9258,2003.9768
B0015069,144.1425,18,2937.3821,14.7217,4,20,6,3,1,5.9529,4311.5189
B0004406,40.2278,22,430.0736,1.9299,1,20,12,2,1,5.3994,2547.6213
B0021876,45.8942,30,602.1428,9.7997,1,4,8,2,1,5.5832,2008.7689
B0018984,134.2448,17,120.0,9.6057,4,28,9,3,1,6.8748,5312.4997
B0007836,141.9335,12,3821.4852,18.5211,4,24,5,1,1,6.4497,4173.2462
B0009048,87.0212,19,1862.0907,16.767,3,6,4,3,0,6.8134,2923.4655
B0014605,76.3823,10,2134.6112,7.4315,1,17,11,4,1,5.4259,3582.46
B0003638,113.9167,10,3081.8373,24.8254,3,23,4,4,1,4.8243,3675.9585
B0019342,94.4456,2,1367.5513,8.144,3,22,15,5,1,4.0739,4359.8853
B0001857,38.6368,7,2592.067,20.4333,1,3,8,3,0,5.4685,1763.2419
B0017692,69.5421,16,1600.1833,12.5253,1,6,11,1,0,5.781,2816.3463
B0017652,124.7034,17,2989.7335,19.1959,3,11,0,2,1,6.7185,3637.5911
B0018537,97.2899,12,2614.4075,14.5472,3,15,7,4,1,6.2346,3682.3584
B0003683,104.0632,8,2194.2968,10.9121,3,27,10,4,1,5.8184,4008.9145
B0022370,54.5467,14,1714.5175,9.8028,2,20,10,4,1,6.4778,2899.146
B0018991,42.4886,4,964.5861,12.3888,2,1,8,2,0,4.6376,2166.5295
B0019681,53.6095,24,279.7059,2.9616,2,20,10,2,1,4.1497,2918.3089
B0009989,105.8413,27,842.1381,9.8565,3,16,10,3,1,5.283,3970.3032
B0020217,56.4719,8,1960.8684,22.6239,2,6,5,4,0,6.6463,2277.3713
B0022491,73.3737,8,806.7575,22.3511,2,1,7,4,0,4.301,3013.287
B0004627,54.805,18,120.0,1.5946,2,16,14,4,1,4.9715,3575.9673
B0006259,119.4672,31,2900.6065,24.3372,5,20,0,3,1,5.3248,3367.2199
B0004737,77.3155,31,3804.9085,21.4992,2,6,5,3,1,4.6946,2321.8986
B0018846,42.2663,19,1569.0084,10.5239,2,9,9,4,1,3.8057,2209.7845
B0012755,57.9288,23,1427.7362,16.3688,2,14,5,4,1,5.0002,2459.0492
B0010786,150.3267,16,2403.9383,15.7588,5,15,5,3,1,4.9878,4553.0178
B0015045,37.7028,27,1362.6048,14.6211,2,20,7,3,1,4.2854,1632.1555
B0009715,79.2434,21,2243.7447,8.5237,2,17,9,1,1,4.4812,3360.6884
B0013434,122.6223,22,767.6033,3.9923,3,6,13,4,0,5.5417,4503.0872
B0004327,121.9703,12,3252.0994,19.3184,4,22,6,2,1,6.8679,4097.5767
B0005278,113.1965,0,4049.7094,23.869,3,25,0,3,1,6.2995,3921.0286
B0010163,51.5861,4,3273.6563,15.2093,2,1,0,3,0,4.8238,2280.9238
B0019612,42.6399,5,2062.9176,7.3209,1,21,7,4,1,6.7299,2465.985
B0007703,81.1377,5,3148.9293,10.7318,3,18,6,4,1,6.31,3386.0953
B0003285,78.2437,3,2932.0737,15.8357,3,11,6,2,1,5.6198,3176.0966
B0006135,37.7444,4,472.7305,4.6769,1,20,10,4,1,4.1924,2970.4666
B0013262,51.4719,30,3967.9008,21.9795,3,4,5,3,0,4.616,1716.8463
B0001063,154.1477,22,2283.559,16.8675,4,23,5,2,1,5.2354,4071.4266
B0019634,43.5522,18,2363.7342,14.7189,2,9,6,3,0,5.3192,1849.2485
B0008269,72.6979,8,2146.8899,3.5427,2,27,12,3,1,5.6163,3548.5409
B0013828,98.0129,29,2270.623,7.7379,3,11,9,1,0,5.5313,3029.769
B0002331,101.6594,31,2309.5324,10.3724,3,6,7,1,0,5.5497,3081.2019
B0010886,121.766,7,1486.4929,11.8328,4,20,8,3,1,5.8197,4502.0506
B0013613,146.537,1,537.7066,14.0647,4,26,9,3,1,6.6168,5280.2685
B0008211,149.0184,31,120.0,5.3304,4,15,12,2,1,5.3843,5356.1286
B0008012,103.2474,12,824.278,9.9309,3,12,9,3,1,7.1742,4092.2075
B0010522,128.8508,16,963.0603,18.4646,4,27,3,3,1,6.1625,4651.2691
B0021054,61.8816,31,3683.9683,16.188,1,26,6,3,1,5.607,2324.3573
B0004208,71.4626,10,4151.0885,22.1797,2,16,6,4,1,4.604,2947.3746
B0003558,119.7552,13,2110.6902,20.0768,4,6,0,2,0,6.5578,3621.8988
B0015121,118.5165,14,3171.176,22.3813,4,4,6,2,0,5.0524,3675.9371
B0015995,50.2817,1,3522.1675,14.6425,1,28,6,2,1,3.1231,2343.9886
B0009105,102.6722,2,2340.9408,16.8,3,20,6,4,1,5.0576,3978.8185
B0014211,109.6723,29,1106.4741,9.4052,3,3,7,3,0,7.9536,3708.9872
B0002203,84.5259,5,2265.3912,5.7764,3,17,12,3,1,5.1831,3574.3662
B0012117,41.552,29,2187.3709,21.5794,2,23,5,1,1,3.6694,1455.7536
B0004264,123.2405,18,4135.97,23.9324,4,8,4,4,1,5.5527,3747.064
B0021820,35.5171,15,2457.4295,12.5604,1,10,12,3,1,4.3667,1838.0788
B0014659,135.565,17,1303.9664,1.6525,5,18,13,1,1,6.2781,4911.9052
B0016502,118.7871,14,1505.9959,19.2934,4,5,7,2,1,6.5615,3944.6191
B0017079,95.4949,10,2677.0583,15.8687,2,16,5,2,1,5.6786,3366.4911
B0002032,75.8538,26,1463.3262,19.7348,3,19,7,2,1,5.7308,2847.451
B0011863,112.1606,16,4767.5052,22.0366,3,19,0,3,1,6.0036,3563.7383
B0010422,51.5708,25,4330.9518,21.2997,2,20,1,5,1,5.52,2062.5485
B0013035,116.4778,2,120.0,12.0635,3,14,8,3,1,6.3385,4754.724
B0018236,48.6943,20,1729.8876,15.3675,2,9,8,3,1,6.245,2233.4735
B0014562,136.0426,4,120.0,3.2713,4,14,13,2,1,7.8184,5654.7798
B0004679,55.284,17,1992.0305,11.3104,1,26,12,1,1,7.4654,2807.5189
B0000830,50.0444,8,1849.9137,5.0528,2,5,12,4,1,4.1825,2959.9159
B0022154,145.9145,16,2131.2138,22.8372,4,4,2,3,1,7.7142,4078.3992
B0016717,102.1683,1,3536.677,14.4113,2,22,6,3,1,6.4398,3818.9245
B0008685,125.815,29,1078.5903,2.108,4,27,11,2,1,5.8112,4746.8453
B0016370,130.7479,26,150.2834,3.5599,3,28,13,1,1,5.5484,5137.0257
B0015774,124.2656,7,2259.3998,13.4434,3,8,8,1,0,6.6696,3784.3965
B0014135,127.9537,31,2236.2222,24.417,5,14,3,3,1,4.7917,3569.3704
B0015811,63.4491,31,1143.2517,5.2295,2,1,9,3,0,6.3675,2437.4544
B0020639,79.9683,0,1453.8932,2.8556,2,10,16,3,1,4.9602,3922.9134
B0021804,60.7245,28,2726.7517,1.9402,2,4,13,1,0,6.3988,2666.1538
B0015028,56.9249,0,2522.2523,19.6688,1,14,8,5,1,5.7145,2853.9117
B0020672,137.1655,10,3059.1215,17.7273,5,8,8,3,1,4.9475,4209.0432
B0002444,129.0018,18,2872.2401,23.5363,4,12,6,3,1,4.4809,3654.4229
B0004140,102.8436,23,2882.0861,23.9548,4,1,6,3,0,5.9712,3099.9937
B0006198,114.1008,4,2657.741,13.1781,3,19,8,2,1,5.995,3745.4512
B0001146,91.5577,1,1840.166,9.7926,3,7,10,3,1,4.8348,3747.3264
B0016150,146.9661,19,580.7564,11.6271,4,4,11,3,0,6.5083,4992.5379
B0001256,105.4252,24,1051.5752,8.9904,4,25,10,2,1,5.4355,4044.9371
B0009089,69.4654,12,2502.135,23.1595,2,21,4,4,1,5.5469,2854.6283
B0022262,123.432,19,3584.3853,24.157,4,26,2,2,1,5.3994,3696.6967
B0010849,117.6908,8,2182.8188,21.6951,3,7,7,3,0,7.6974,3794.1749
B0016130,111.9004,25,2992.2228,21.5671,2,3,4,3,0,6.5643,3160.1213
B0013868,119.222,32,1096.6096,6.0738,4,15,8,3,1,5.2812,3971.7251
B0017756,86.7003,21,414.4512,4.2531,2,19,13,2,1,6.1656,4209.0314
B0008448,95.2593,11,579.8249,3.1186,2,2,11,3,1,6.3742,4110.0107
B0015420,102.4726,20,3791.9203,23.8591,3,4,0,2,1,6.1633,2869.5398
B0014730,71.0212,0,2763.3291,20.5617,2,22,1,5,1,6.0057,3142.0949
B0016737,112.174,30,1987.4285,16.2046,4,5,9,1,0,5.0915,3228.7573
B0014256,101.4347,11,120.0,6.9171,2,24,11,1,1,6.0881,4515.268
B0013602,112.6869,21,1930.119,15.6664,4,8,0,3,1,5.0173,3652.9907
B0008721,50.731,3,3296.4341,15.7666,2,17,10,4,1,3.1665,2664.9273
B0022337,52.402,18,3274.4807,24.0803,2,7,5,4,0,2.881,1763.6735
B0009738,113.3459,2,2724.0507,10.7692,4,22,9,3,1,6.7353,4608.7268
B0008195,148.992,21,2236.7792,12.4354,4,9,9,4,0,4.608,4445.3899
B0004387,129.1168,29,2882.219,12.1267,4,8,7,3,0,6.5494,3652.3569
B0002841,121.8188,22,2320.4378,14.4073,4,17,6,3,1,5.2084,3850.6179
B0009528,126.3859,7,4788.0407,24.7403,3,2,2,4,0,6.6228,3389.355
B0018799,121.2362,31,2296.8561,15.4014,4,23,7,3,1,5.6982,3611.5265
B0001407,140.5354,29,861.9328,14.2037,5,3,7,1,0,6.4151,4356.5847
B0018025,90.1147,25,2849.9177,21.9102,2,5,3,3,1,5.4376,2807.6904
B0021836,92.2285,30,2044.1221,9.1966,3,21,8,2,1,4.7341,3395.2726
B0000639,70.6253,9,552.3629,10.2815,1,15,13,4,1,5.7544,3507.1237
B0019446,127.0751,30,715.9133,2.6968,4,15,11,3,0,6.1781,4193.0829
B0022240,126.7206,12,2422.3061,14.7287,4,18,10,4,1,5.0261,4513.0925
B0015220,107.1166,19,2330.2179,9.6747,3,8,5,3,1,5.447,3509.7187
B0014800,41.3316,19,247.3182,10.8818,2,28,7,4,1,4.2734,2500.3325
B0005588,115.1364,11,2668.679,16.0641,5,14,10,3,0,5.9561,4169.8091
B0009878,61.4837,11,2747.7218,11.778,2,14,8,1,1,4.8772,2798.4531
B0004885,125.3911,15,296.8366,11.2837,4,18,9,2,1,6.9335,4999.8611
B0011463,102.1054,22,2032.0084,14.4113,3,17,6,1,1,6.6913,3291.968
B0000994,148.7561,10,2481.8549,17.4514,5,14,9,4,1,6.5626,4915.4924
B0000452,146.5,3,1372.9061,20.8611,4,16,3,5,1,7.6253,4844.6715
B0008869,57.9837,15,1511.3764,18.3153,1,8,7,3,1,5.9888,2409.5665
B0018690,59.5385,1,1987.7989,10.3317,1,17,9,4,1,7.4788,3202.3179
B0012829,87.675,10,2805.6469,17.2934,2,7,8,2,1,6.7927,3354.5763
B0012030,36.9349,26,2870.7898,12.377,2,26,9,1,1,4.8186,1818.7498
B0019331,129.9136,8,1151.205,1.6054,3,22,10,3,1,6.2105,4730.4489
B0017336,114.7344,22,1511.6047,11.8908,4,28,4,5,1,4.8944,4077.0728
B0019171,127.5576,25,3305.9302,19.7591,4,16,7,2,1,5.6072,3670.4024
B0017815,40.9093,10,3250.524,17.527,2,6,6,4,0,5.3177,1983.5996
B0017737,55.2006,12,2738.4779,19.0505,1,21,6,3,1,4.7261,2471.7607
B0022353,94.8102,16,2074.0499,7.1824,2,23,11,4,1,5.5063,3953.4357
B0022346,113.4319,18,2778.8491,18.3694,4,3,3,4,1,7.894,3665.2086
B0000665,131.184,19,120.0,4.0672,4,14,14,1,1,6.17,5317.4995
B0007560,94.1569,8,2068.167,9.2722,3,25,12,3,1,7.8674,4224.7177
B0014928,58.1754,32,120.0,4.541,2,18,16,3,1,6.0727,2976.7367
B0018565,99.2175,0,3588.8146,24.7273,4,20,5,4,1,6.2882,3651.8116
B0006425,77.132,9,748.3263,10.7931,2,20,12,2,1,5.8009,3880.5882
B0003175,72.0708,10,1840.278,3.2381,2,21,10,3,1,6.0595,3696.5182
B0006894,139.7154,3,3964.5524,22.2701,4,21,1,1,1,5.8069,3994.578
B0020355,149.43,26,2299.1083,16.1905,4,8,6,4,1,6.0914,4351.2849
B0014887,78.7674,12,1136.1366,12.1377,3,18,8,4,1,5.4446,3650.7788
B0005461,120.1695,24,1283.6053,10.6596,3,18,10,3,1,7.9512,4340.6483
B0016015,105.7468,15,2912.2888,14.7942,2,13,9,4,1,6.7848,3978.8547
B0021705,122.5917,9,3169.9689,12.813,3,26,6,3,1,5.6049,4232.6232
B0004636,108.6536,19,1253.5043,7.4931,2,26,12,5,1,5.9271,4300.0298
B0008404,51.2933,13,924.8178,5.4672,1,11,14,2,1,2.7114,2889.1048
B0012821,59.1745,12,2151.2525,20.6395,2,10,4,3,0,4.5335,2157.3134
B0003381,56.5245,26,273.7196,8.3513,1,14,9,3,1,6.0737,2912.1879
B0015299,115.7117,8,3024.3055,19.5193,4,24,2,3,1,5.8933,3971.8826
B0021323,86.0722,1,1681.8023,8.7383,3,25,9,2,1,6.308,3822.1731
B0005423,62.8479,30,2362.4353,13.5904,1,23,4,4,1,5.3404,2397.9771
B0013476,55.4487,23,1507.1771,17.6339,1,8,5,3,1,2.7755,2225.8946
B0017944,94.2252,6,2563.5537,22.9022,3,13,2,4,1,5.4153,3343.281
B0020417,117.7951,11,2934.8421,13.7021,3,21,6,4,1,5.7406,4277.6183
B0004082,114.2751,10,282.6271,9.5397,4,8,11,3,1,6.6887,4841.3912
B0011203,38.9946,22,1411.0199,7.1328,1,6,10,2,0,5.2246,2132.1249
B0002100,140.5456,21,564.9827,6.4837,4,5,14,4,1,4.0934,5099.4177
B0022086,142.4836,18,2329.3725,14.0458,5,23,5,1,1,7.9606,4348.8558
B0012008,105.4194,29,120.0,2.2197,4,17,11,1,1,6.8315,4192.5228
B0014644,37.6802,6,2166.7121,8.2444,1,6,9,3,0,4.3836,2281.6215
B0009040,111.2326,31,949.5802,9.574,3,12,10,2,0,7.4856,3755.8023
B0011085,105.4183,5,1653.6092,6.1898,3,17,9,4,1,6.4032,4374.3534
B0021686,61.4482,7,1338.306,7.9715,1,26,6,3,1,4.9963,2814.0618
B0000636,131.5736,11,1171.7521,3.8647,4,11,13,3,1,4.6036,4895.7929
B0014874,125.7863,9,2120.5234,7.0393,5,8,7,4,1,3.1496,4560.4021
B0007288,130.5106,29,2240.2746,9.0498,3,8,11,3,0,5.5923,3970.9224
B0002349,99.041,27,3478.1833,17.616,4,14,9,3,1,4.1863,3231.7184
B0004579,79.448,14,360.0501,4.8269,3,5,11,3,0,5.2206,3840.3769
B0007492,94.8384,24,2100.5419,10.166,3,18,6,3,1,5.001,3575.5994
B0012198,87.7829,28,2956.7509,22.436,2,28,4,2,1,5.3247,2681.667
B0009122,68.5412,31,1249.6602,4.4881,2,4,11,1,0,6.9323,2567.6653
B0011019,61.5616,23,3618.2864,22.1901,1,15,0,1,1,5.1944,1829.36
B0011419,76.7274,4,2501.7941,14.8968,3,23,7,4,1,4.1123,3460.6411
B0019818,107.7049,19,4438.538,19.3186,2,13,0,3,1,5.8025,3246.8235
B0016462,39.5257,10,2769.3564,18.7434,1,1,4,3,1,5.712,1801.8997
B0003088,74.9089,17,3681.6398,12.3637,2,15,8,2,1,5.4028,3219.6314
B0017290,43.0378,26,759.1681,6.584,2,6,13,2,1,5.0134,2427.0711
B0015678,42.8358,5,1676.8346,15.3082,1,11,9,3,1,5.2928,2274.691
B0017112,54.1987,2,1381.9277,2.4753,2,6,12,3,1,6.246,3021.1074
B0018413,149.8612,3,2101.9424,11.1172,5,1,10,3,0,5.6601,5011.0572
B0009659,72.0116,1,2274.0559,15.3326,2,19,9,4,1,5.6912,3615.3814
B0016653,68.5842,4,120.0,1.625,2,21,11,4,1,5.007,4063.678
B0011905,111.1531,20,3024.3066,21.973,3,1,5,3,1,5.9081,3351.1727
B0005868,83.2383,31,2165.6409,21.7491,2,16,6,3,1,3.1014,2533.3549
B0007284,151.5702,27,3719.239,16.4238,5,1,6,1,0,3.7476,3806.3316
B0013046,126.7494,31,3968.5255,23.64,4,28,3,2,1,4.7921,3202.8496
B0015519,78.1986,8,2177.5145,12.7985,3,13,6,5,1,4.0449,3453.6618
B0003351,94.199,32,3914.0846,22.0215,3,23,1,3,1,6.2268,2790.3456
B0008482,128.9675,32,4171.4077,24.4626,4,12,7,3,0,5.0882,3300.3986
B0003388,125.9814,10,3487.6374,23.7827,4,18,4,4,1,4.8169,4065.1147
B0021613,131.8852,24,915.5108,7.5,4,25,10,3,1,6.1992,4839.6188
B0011434,96.9205,7,1645.9409,21.3536,3,25,6,4,1,5.8023,3761.4514
B0000721,47.1869,28,1744.3003,10.6915,2,13,10,2,1,5.8914,2241.8665
B0002726,145.8463,24,1552.8087,16.2064,4,7,9,3,0,6.7858,4271.2476
B0018402,116.6069,23,2090.7567,13.1849,4,6,6,2,0,6.4246,3687.2275
B0004823,67.3346,17,1435.7935,13.1327,1,10,10,3,0,5.6436,2932.0228
B0010744,72.4047,23,2835.1509,18.9397,3,23,4,3,1,5.481,2990.7504
B0005373,152.5905,0,770.686,12.8252,4,11,11,3,0,7.7552,5393.3844
B0007915,130.8785,1,1903.1283,16.3147,4,23,12,4,1,7.5906,4761.103
B0000911,122.1682,26,2745.375,13.2546,3,26,4,3,1,4.3404,3819.3318
B0012683,139.0966,29,3166.9385,19.2849,4,18,5,2,1,6.0416,3679.93
B0021111,82.14,3,2686.1385,22.5275,3,13,3,2,1,4.4881,2984.4423
B0014254,76.5639,27,2542.8772,22.8352,2,4,4,1,1,4.3651,2047.141
B0008190,124.3451,11,1544.1196,10.6425,4,13,8,2,1,6.5915,4269.5858
B0016395,126.6626,28,422.8541,9.176,4,11,12,3,1,4.9659,4486.9523
B0016519,119.9252,21,1493.2739,10.5873,4,19,7,1,1,5.6462,4031.3798
B0007228,151.284,32,2490.1259,7.7571,4,14,7,1,1,5.035,4142.6508
B0001390,122.365,14,963.2127,7.2287,4,23,8,3,1,5.5883,4465.447
B0009412,125.1831,5,843.3908,5.1744,4,21,12,2,1,5.8547,4857.2083
B0016746,50.8878,20,399.6164,5.5754,2,4,12,2,0,5.2344,2830.8059
B0004698,101.5241,0,1533.6499,8.9326,3,12,11,4,1,7.7911,4265.2025
B0008680,63.2008,11,2946.738,17.6975,1,18,8,1,1,6.5052,2540.6437
B0020412,42.3902,17,1870.1802,20.8462,1,2,2,2,1,4.1167,1569.9004
B0002408,55.3556,6,3124.1983,17.6596,1,19,6,3,1,5.2341,2534.6438
B0022100,66.1488,29,2249.0149,18.3979,2,27,11,1,1,3.403,2509.0199
B0021631,58.4747,27,1941.3863,21.2967,3,2,5,2,0,4.5262,2000.1575
B0013081,123.054,29,1421.7167,13.1546,3,19,4,3,0,6.0245,3467.0012
B0004514,89.9299,15,2879.3697,22.6349,4,5,2,4,1,6.0799,3127.404
B0013243,99.4755,25,1552.4562,6.8753,2,4,10,2,0,5.2855,3262.6363
B0001083,109.5905,27,2500.7386,13.9618,3,23,6,2,1,6.378,3574.0771
B0017421,143.7843,2,120.0,6.2427,5,23,9,5,1,6.7304,6216.4905
B0004025,40.4472,1,1244.8917,8.7916,1,10,13,4,1,3.0238,2536.8995
B0021341,151.4523,21,1933.7559,18.6302,5,1,6,2,0,4.6677,4189.8291
B0005451,126.4874,24,1425.3871,7.9796,3,1,10,3,0,5.6843,4187.141
B0017609,108.0701,28,2168.5554,22.1892,4,27,4,1,1,5.3716,3352.3105
B0003806,104.0304,21,1604.4291,15.162,4,15,5,3,1,5.6814,3673.772
B0002859,78.3192,11,3368.6176,20.868,3,28,4,2,1,3.5789,2782.3971
B0018373,152.0564,29,4327.4933,15.6148,4,14,3,1,0,6.7746,3675.9817
B0000065,136.4683,5,2282.8635,21.8175,3,14,3,5,1,6.3231,4480.0853
B0001629,70.1193,28,2466.4823,11.8006,2,27,12,2,1,5.4536,2855.6578
B0008020,85.1457,10,3308.3681,19.1194,3,28,0,2,0,4.8827,2774.6617
B0021417,83.6387,28,2213.7448,10.9387,4,6,12,3,0,5.7638,3155.1036
B0011982,94.7016,18,598.1103,6.0373,2,8,12,1,0,4.5441,3879.6479
B0008337,106.9679,11,1595.7844,19.3434,4,27,6,3,1,6.1479,3836.2728
B0002543,61.5001,7,120.0,12.4099,2,2,11,4,1,3.6886,3527.4737
B0018862,148.3749,22,3426.0149,24.718,5,24,0,4,1,4.3574,4183.0685
B0004467,97.5163,20,1453.0879,8.1,3,1,9,1,0,4.8765,3593.5374
B0018847,142.7322,10,2296.2368,3.953,5,2,13,1,0,5.6335,4590.4816
B0013248,77.8059,0,2002.4978,12.1864,3,15,14,5,1,5.107,3749.0331
B0011753,104.9071,27,505.1256,7.4197,3,23,12,2,1,8.0743,4299.8082
B0002870,84.8799,22,344.9482,2.5853,3,28,12,4,1,3.3911,4141.9889
B0001894,62.5941,8,120.0,2.2788,2,21,8,1,1,5.126,3409.3246
B0001941,127.0982,25,3051.6833,15.1943,3,9,10,1,0,6.4011,3727.5416
B0001301,147.0064,16,120.0,5.7054,4,24,11,2,1,5.8598,5693.8214
B0020550,88.1827,5,2879.1542,19.3084,3,6,3,5,0,5.1246,3447.519
B0006029,119.0116,23,494.9791,5.3994,4,12,9,2,1,5.8126,4570.966
B0000135,120.6227,25,2911.9788,23.8633,4,13,0,3,0,6.6544,3317.1847
B0009007,52.7253,21,2460.934,13.8523,1,5,4,2,0,3.9945,1922.2111
B0022452,154.145,6,532.4103,8.2647,4,4,8,3,0,6.1762,5416.9404
B0009222,150.4404,9,2016.5344,16.5939,5,11,5,3,1,6.5345,4646.4314
B0000100,73.3383,23,1203.8578,13.2059,3,13,4,4,0,6.64,2948.425
B0011063,140.6841,26,1184.1122,6.2083,4,17,11,4,1,5.3217,4944.7005
B0010319,70.702,17,1648.4182,11.944,2,23,10,1,1,4.8777,3310.4898
B0012247,120.2491,1,3658.7865,21.0079,4,4,5,5,1,5.3034,3834.9212
B0019705,65.68,1,2645.5797,12.2,2,9,8,4,1,6.2136,3271.1088
B0017468,55.3722,2,412.899,10.4432,1,10,13,3,1,6.4249,3105.7525
B0013663,50.7521,21,2239.8178,20.7771,2,12,5,3,1,5.9342,2076.1604
B0015710,51.2523,24,470.1182,1.5262,2,24,9,3,1,5.955,3033.1991
B0009808,43.3071,9,2907.606,24.6751,2,3,4,3,0,4.8897,1750.1686
B0015979,60.9363,3,416.6974,8.5342,3,7,11,2,0,4.0478,3193.3359
B0015527,69.0037,6,2739.75,15.8032,2,10,5,2,1,4.0208,2693.3415
B0015848,113.0511,13,120.0,7.259,4,15,10,3,1,5.1583,4908.0229
B0011251,70.9612,32,493.9707,2.8115,2,9,13,2,1,3.8019,3206.1149
B0001836,144.7346,28,2678.3371,6.3966,4,2,11,2,0,6.9278,4200.8666
B0017492,89.8604,27,1407.3275,11.3522,2,18,5,2,1,5.6764,3197.4211
B0008237,59.5814,27,2830.91,16.5293,2,27,9,1,1,6.4145,2602.3673
B0000290,116.2875,29,1518.0668,8.6084,3,25,11,2,1,6.6875,4223.0131
B0021245,42.3407,25,2690.6799,18.4409,2,6,5,3,0,5.4299,1430.2242
B0002572,141.1805,32,4342.8576,23.4147,5,14,0,3,0,6.4984,3330.8414
B0016099,139.3009,27,2913.8735,17.8698,5,11,4,1,0,6.9137,3563.5214
B0016840,80.2919,14,2430.8078,7.1655,3,15,11,2,1,6.8741,3582.6083
B0002927,89.6447,31,2747.0456,21.0306,2,17,4,1,0,5.5943,2171.1636
B0022187,116.8158,6,900.128,10.1121,3,17,7,5,1,6.1568,4756.8611
B0021899,144.663,15,2608.7852,12.9927,4,8,12,3,1,8.6,4638.0068
B0022184,48.9041,31,2233.8256,20.114,2,4,4,3,0,4.1158,1509.3218
B0004874,113.5766,15,3471.6441,23.9984,4,1,1,3,0,5.374,3180.8967
B0011762,151.4235,23,120.0,2.7402,5,5,9,1,1,7.8422,5450.8432
B0004693,105.617,10,145.1608,13.4793,3,11,7,2,1,8.263,4306.0398
B0016472,46.3753,15,1900.4562,21.4203,2,4,0,3,0,4.4048,1774.2489
B0014688,138.5303,12,1021.2271,9.702,3,14,12,2,1,4.7092,4894.935
B0004307,134.7927,4,2107.354,5.94,3,28,8,4,1,6.6098,4841.9823
B0000042,53.6254,15,2687.4477,17.3564,2,17,5,2,1,4.2091,2288.9719
B0022408,72.3449,21,308.489,2.0321,1,17,13,3,1,6.0239,3726.5263
B0018707,122.7674,26,922.1585,12.3704,4,25,10,2,1,5.0429,4512.1376
B0008566,154.899,31,1862.1563,12.5895,5,5,11,2,1,5.7009,4499.5617
B0000247,78.4791,27,839.7993,7.012,3,14,9,3,1,5.2829,3368.1333
B0015436,72.1178,1,3474.2932,23.5046,3,15,1,3,1,4.7896,2620.2296
B0015531,73.588,26,2241.3922,12.6691,2,8,10,2,1,5.1182,2702.9721
B0016447,118.9469,11,1958.7716,17.9213,4,12,5,1,1,6.15,3735.6584
B0010909,130.1533,13,1828.2862,12.2685,5,27,9,3,1,6.9267,4771.7084
B0010973,50.8633,26,2070.0005,14.4093,1,12,11,3,1,5.4352,2129.9899
B0006905,101.1723,28,2081.5879,11.0459,1,7,9,3,0,3.5821,3122.7726
B0013962,92.1469,32,3873.198,22.2132,4,8,0,2,0,5.9124,2465.5427
B0011696,92.5513,1,2995.1362,15.3787,3,19,3,3,1,5.797,3596.9556
B0010603,139.8993,15,2423.9754,13.7559,3,11,9,2,1,7.6047,4297.9549
B0007132,129.4138,17,2828.1331,21.2871,4,6,4,4,1,6.484,3998.4618
B0006788,71.5417,6,3598.5149,22.3566,2,14,4,3,1,3.8961,2791.01
B0000482,97.3529,7,2470.5517,18.1594,3,3,7,4,0,5.0304,3547.3172
B0015904,139.8628,31,2978.2605,16.4007,4,3,9,4,0,3.8252,3802.2696
B0008751,97.9543,15,1751.5581,21.5418,3,25,7,3,1,5.1651,3656.4322
B0004095,84.0982,6,2491.123,15.2067,2,11,8,3,1,5.8629,3350.1209
B0016865,51.9596,13,3534.9168,21.8149,1,6,3,2,0,4.8982,1898.672
B0020495,40.9321,15,2163.0189,12.5704,1,12,7,2,1,6.5455,2012.3814
B0013481,57.8471,28,3416.8217,23.1644,1,13,1,2,0,3.0138,1501.3505
B0008897,127.7726,19,120.0,2.9016,4,26,12,3,1,5.9907,5283.1838
B0018355,47.2566,29,2077.8186,21.222,1,28,9,4,1,5.2814,2125.4232
B0001189,112.6986,18,1245.8396,2.8749,3,25,8,3,1,8.0363,4331.7221
B0015392,124.4441,10,1314.4915,3.2247,3,17,12,3,1,4.8292,4774.03
B0001869,129.2175,32,120.0,4.238,4,21,12,1,1,5.6607,4830.1141
B0020769,144.7599,25,2343.1566,15.0062,5,11,13,2,1,7.77,4489.9173
B0019296,67.7906,13,1149.3926,8.2462,2,17,10,2,1,3.5999,3140.2942
B0007693,150.834,32,120.0,2.3928,4,3,14,2,0,8.2006,5268.7801
B0019655,154.0269,13,3607.2825,10.1796,4,18,9,4,1,5.5007,4945.872
B0014538,80.4195,32,394.1585,9.9054,2,13,9,2,1,6.9691,3279.2342
B0007063,55.4379,31,120.0,6.8171,2,9,13,2,0,4.3835,2590.3799
B0018073,131.0603,1,3158.0905,21.5133,4,15,3,3,1,5.4913,4304.0536
B0018722,106.9053,6,983.4131,2.8921,3,1,11,4,1,3.9061,4434.8292
B0020409,145.5074,23,1981.1887,15.8128,5,17,6,1,1,7.0411,4362.0985
B0015685,74.0586,14,2417.6609,24.9311,3,13,1,3,1,3.849,2785.2652
B0018104,123.1668,14,2075.0255,13.4028,4,11,5,1,1,5.0703,3920.4716
B0004369,129.4607,6,2892.1129,18.3122,5,15,6,4,1,6.6366,4010.7401
B0020521,150.1582,27,1053.7733,14.4565,5,26,6,2,1,6.646,4662.6789
B0018056,72.7221,30,1337.476,10.9671,3,20,8,3,1,5.8748,2944.5669
B0007134,56.4702,27,120.0,3.5134,1,1,15,3,0,6.8145,2793.8645
B0005037,101.359,15,2139.453,6.5935,4,6,11,3,0,6.4062,4033.5804
B0011220,89.3738,2,492.7403,4.3171,3,27,16,3,1,6.4075,4624.4442
B0010162,140.7639,28,2346.4349,14.379,3,7,11,2,0,4.9961,4037.9177
B0003096,124.7183,18,4787.2633,18.078,3,11,4,1,0,6.8413,3708.3772
B0001528,130.1267,10,1943.9135,23.7977,5,4,5,4,0,4.3557,3989.4591
B0011399,86.2557,25,177.5122,3.1414,3,19,12,3,1,6.6369,4372.8559
B0017220,119.7942,22,2726.8836,10.2198,4,20,6,3,0,7.7663,3580.8056
B0017469,121.3724,22,2546.1596,17.2606,4,27,6,3,1,5.8145,4073.9381
B0021017,108.3205,31,1341.0455,10.9081,4,9,8,3,1,5.6469,3755.4234
B0019701,130.1522,12,2649.4993,17.3464,5,28,6,3,1,5.0553,4197.7116
B0019281,90.2497,19,1287.6366,3.4684,3,7,12,3,1,4.9707,3651.2466
B0020955,46.902,12,1715.7593,20.76,2,5,4,2,0,2.9929,1987.5702
B0009618,47.2945,9,120.0,3.9253,1,7,11,3,0,3.3497,2962.098
B0009877,100.8934,8,1930.946,15.4883,3,20,4,3,1,6.6785,3889.1773
B0020906,117.7454,3,120.0,4.1209,3,27,10,3,1,7.1776,5181.9831
B0006392,117.388,6,1934.166,17.5829,4,12,2,3,1,5.5161,3596.8039
B0021634,92.6755,1,3572.6418,17.6247,2,18,2,4,1,6.4643,3455.0492
B0003756,127.1419,22,2105.7086,21.5936,4,28,3,2,1,6.4621,3733.899
B0017708,78.4239,3,1700.6212,13.9191,2,17,5,4,1,5.695,3348.9838
B0022123,69.3085,7,2068.4092,23.21,1,20,1,2,1,4.918,2772.5779
B0005302,81.5055,31,2674.6921,17.628,3,21,10,4,1,4.3372,3073.4954
B0009169,129.7268,6,1928.6476,15.4839,4,16,6,4,1,5.5835,4447.9263
B0011394,96.7334,12,3882.7152,20.6138,3,23,7,3,1,4.7,3397.5284
B0018550,152.3518,31,220.5107,12.9035,5,22,9,3,1,4.7102,5116.4337
B0019180,50.4215,1,2221.9503,22.2273,2,22,4,4,1,3.7351,2086.4626
B0003371,102.9737,14,1542.1439,9.292,3,5,14,4,0,5.593,3846.9866
B0011105,150.8344,12,1901.6466,8.3056,5,1,10,4,0,5.9178,5050.4257
B0015506,102.796,16,1225.3299,5.3291,4,13,9,3,1,6.845,4047.932
B0005018,47.9079,24,2967.773,12.2307,2,12,8,4,1,4.9183,2000.2108
B0005491,126.059,8,2911.2529,6.1278,4,13,9,3,1,7.3796,4596.0731
B0008855,107.9819,4,3595.7928,18.2149,3,5,1,4,1,6.8871,3571.8512
B0001050,37.0478,3,1170.3595,7.1044,1,28,11,5,1,6.2376,2754.2132
B0020964,140.3601,26,120.0,8.5496,4,12,10,2,0,5.3723,4962.5264
B0018221,86.9211,12,1009.476,4.224,3,15,10,4,1,6.2953,4069.2103
B0001346,63.329,1,2626.3632,14.1018,2,14,1,3,1,5.4511,2595.8947
B0002732,64.9635,0,2797.2764,6.1934,2,4,9,3,0,5.3099,3022.8356
B0005495,147.8205,26,1589.4017,18.5285,5,2,7,3,0,5.1817,4222.2218
B0015550,60.4813,0,3972.6382,22.7464,3,18,6,3,1,4.6446,2640.7094
B0016969,153.3243,25,2785.7774,11.0427,5,21,7,3,1,5.8255,4483.4934
B0001313,115.5984,4,3136.7467,15.4066,3,5,4,4,1,7.5329,3990.4648
B0006619,125.0035,23,2665.0632,16.8617,4,4,6,2,0,5.3538,3761.4619
B0008217,147.0578,14,2462.1423,15.5088,4,25,7,3,1,5.233,4716.3174
B0007733,108.6548,0,2418.5727,18.5074,3,19,5,3,1,4.265,3799.9728
B0013653,100.3536,29,4900.0,20.8811,2,4,6,1,0,4.1501,2662.5361
B0013785,56.2449,17,3129.8402,5.1257,2,15,11,3,0,5.5873,2698.0853
B0008034,101.2037,11,285.19,6.3415,3,2,9,3,0,5.6161,4209.8456
B0013353,35.0969,27,1439.1682,5.4846,1,24,10,1,1,3.7541,1681.0681
B0002754,106.6038,0,2496.0014,19.1069,3,5,8,2,1,4.6085,3678.2271
B0012150,48.4096,23,1334.4362,18.1387,1,6,6,3,0,4.4747,1887.0466
B0011386,131.3785,20,2699.1164,22.2228,4,15,4,3,1,4.9807,3878.4643
B0018861,93.1222,16,3860.8571,21.7042,3,6,4,2,1,4.5518,3164.2996
B0002713,56.0051,30,3588.6083,23.1528,1,23,4,1,1,3.9204,1756.5629
B0011642,98.5722,23,1346.2246,8.7767,3,16,9,3,1,5.4008,3614.1268
B0003929,37.9714,11,2699.1202,18.8979,1,14,8,1,0,3.5972,1482.8488
B0005530,92.2859,6,1466.0458,15.6608,3,11,9,3,1,8.042,4016.5466
B0004192,98.9107,15,3200.6552,12.3386,3,6,11,2,0,6.508,3653.8637
B0015233,137.2433,18,2287.7203,19.5501,4,13,5,4,1,6.1457,4283.7021
B0010487,122.4421,22,1600.9903,16.1315,5,10,7,1,1,4.125,3778.813
B0013860,104.4053,12,120.0,9.8263,3,27,9,2,1,6.7529,4653.4903
B0021880,58.2739,29,1863.7043,10.8927,1,17,11,2,0,7.572,2330.1597
B0008000,87.3593,12,2160.0434,18.5488,2,27,4,2,1,5.6939,3341.6057
B0017623,74.5357,14,3951.2652,23.9349,2,15,4,1,1,5.573,2756.5757
B0013933,132.4179,13,777.9533,8.6396,4,16,15,1,1,6.4889,4930.8814
B0013780,141.8314,28,2961.9841,15.524,5,6,3,2,0,2.9765,3649.132
B0018613,80.1615,20,1831.7694,1.6153,2,21,13,3,1,5.5243,3549.3853
B0014686,58.936,14,500.3251,8.2751,2,6,13,2,1,5.9841,3120.0838
B0022170,133.7308,13,1740.834,6.145,3,1,14,2,0,6.0153,4834.2612
B0016616,77.5442,8,3827.0222,24.7298,3,7,0,2,1,6.0882,2730.0395
B0006221,126.9687,17,2776.7166,16.1283,4,15,7,3,1,4.964,4095.1943
B0010662,86.0822,9,2773.4269,18.9926,3,6,4,2,1,6.0179,3068.598
B0002173,67.8819,0,2151.2915,1.5195,3,16,16,4,1,5.6052,3624.4599
B0014580,59.3132,29,2407.417,15.6507,1,23,4,1,1,3.3888,1981.4368
B0022165,96.521,0,1899.6985,12.1305,2,9,12,4,0,6.2937,3936.7513
B0020492,86.3417,17,120.0,1.5388,3,20,16,1,1,4.7095,4312.1383
B0000225,119.851,25,1027.0969,4.5547,4,28,10,3,1,6.4356,4315.6307
B0013510,150.1602,1,3610.7783,22.3142,4,12,3,3,1,6.6898,4387.8499
B0008799,58.7827,7,4121.53,24.6853,1,6,0,3,1,6.2616,2269.2129
B0006991,61.6831,10,1073.0111,8.507,1,28,10,4,1,5.2651,3257.5917
B0003118,105.7396,23,2796.6482,16.4387,4,13,4,3,1,4.3591,3546.1933
B0014336,103.9104,18,967.2802,8.6226,3,12,7,3,1,6.2088,3947.4588
B0011721,103.3298,25,588.9478,5.3613,3,4,11,1,0,6.1754,3890.635
B0001255,72.6106,16,3676.052,13.7556,3,17,6,2,0,5.9281,2708.8491
B0011228,83.6508,3,4083.6933,19.6415,2,3,0,3,1,5.7859,2750.4555
B0009867,68.2464,21,1607.0668,10.9938,2,16,10,3,1,6.2651,2989.2349
B0015970,60.3166,10,1708.2838,20.8342,1,22,6,2,1,4.1967,2371.8917
B0010828,113.3564,14,2118.516,20.7216,3,26,6,3,1,4.2394,3820.8689
B0020655,147.0677,32,2470.9993,22.5697,4,6,0,2,1,7.024,3493.0691
B0018586,132.669,30,813.8469,12.8825,5,5,10,2,0,6.0074,4319.7807
B0005579,57.4255,17,395.1369,9.9994,3,20,14,5,1,6.523,3481.1655
B0016786,126.6619,32,3957.6667,23.9654,4,28,4,1,1,5.403,3303.7978
B0005940,88.1246,24,2427.9938,15.9807,3,6,5,3,0,4.8711,2923.5139
B0005235,82.7282,8,2691.7596,24.011,3,6,2,4,0,5.3837,2793.7738
B0018937,75.9214,19,3970.8018,24.9099,2,13,0,2,1,4.8024,2571.8566
B0006914,141.0137,17,120.0,2.019,4,24,13,3,1,8.203,5782.7538
B0010756,127.8857,2,2384.9963,11.6997,3,28,11,4,1,5.4351,4621.9959
B0013945,130.0761,13,2955.0123,9.9256,4,28,3,3,1,6.2753,4166.1628
B0009534,59.0606,10,2190.6474,20.7404,1,21,8,1,1,4.8454,2479.39
B0022139,151.2909,21,1523.1957,3.7325,4,13,13,3,1,7.1637,5268.2625
B0012816,141.0865,12,844.1505,5.2843,5,7,13,2,1,6.0382,5083.2619
B0005963,108.3359,1,296.8858,4.0517,3,22,12,4,1,4.2726,5164.654
B0021719,96.364,5,3637.8188,23.5078,3,25,2,5,1,3.6767,3547.9392
B0016216,111.7124,12,2016.048,12.1085,3,19,9,4,1,7.6079,4332.7756
B0015482,99.026,28,120.0,9.0504,4,18,13,3,1,7.0555,4393.2855
B0003774,129.6435,10,120.0,1.5139,4,1,15,2,1,6.6225,5341.7742
B0002296,66.022,3,1991.5695,15.6336,2,25,5,2,1,5.582,3017.9106
B0016704,138.2803,19,2805.5696,17.5185,5,24,6,4,1,5.8589,4496.7002
B0021668,105.2896,10,405.793,7.002,3,17,12,3,1,6.8648,4699.2611
B0005583,138.4756,14,1180.6216,12.8817,5,2,4,2,0,7.758,4536.4299
B0014640,133.0733,11,2710.1558,24.4441,4,4,4,1,1,3.9531,3745.086
B0007495,54.5752,4,3039.4246,17.6172,1,5,6,4,1,4.4795,2291.0991
B0019040,105.5287,17,1089.7312,8.9104,3,15,8,2,1,6.2776,3935.5896
B0005902,57.287,31,1732.4816,10.9553,2,20,6,1,1,6.1069,2127.1837
B0006754,114.2238,8,2090.4387,23.5013,4,6,2,2,1,5.7653,3647.7331
B0018240,145.7227,20,3730.4662,22.1161,5,16,4,3,0,5.5351,3752.2181
B0008222,69.683,1,1673.7285,13.1589,2,23,8,4,1,4.3488,3308.5993
B0020250,142.1476,24,1933.5485,12.247,4,12,7,4,0,3.994,4068.8546
B0011717,100.5429,18,1493.8397,4.2655,2,3,14,3,1,7.3803,4395.426
B0006675,126.1207,15,120.0,4.7232,4,2,11,4,0,4.4236,5351.1002
B0021659,78.9701,0,1450.4263,15.2369,2,11,9,3,0,7.9825,3483.3632
B0017458,36.3014,22,1067.3129,3.1363,1,3,13,2,0,3.8935,2068.3615
B0010717,40.3687,18,1630.199,17.6581,1,28,7,1,1,3.3562,1884.3175
B0011945,130.7604,18,926.2885,5.5826,3,17,9,4,0,7.9546,4755.024
B0001095,69.2448,5,2681.6628,17.7967,2,1,8,3,0,5.9043,2840.4585
B0013700,69.1761,15,1255.9273,14.114,2,11,12,5,1,5.0964,3376.6865
B0013191,104.8016,27,4250.0987,24.915,3,18,1,3,1,4.5865,2872.7032
B0013537,122.9898,28,3504.6236,21.0248,4,22,3,1,1,3.977,3277.9717
B0014170,144.8561,12,3058.2387,23.1318,5,10,4,2,0,5.6087,4073.8154
B0002013,53.705,20,120.0,14.6092,2,13,7,2,1,5.2856,2621.611
B0009881,54.6952,11,2628.1562,14.6834,1,8,7,2,1,4.0784,2358.0795
B0002782,98.2659,10,2454.0703,19.724,3,12,6,2,1,4.5701,3491.3896
B0020558,90.2486,1,1765.8361,19.0003,3,12,9,4,1,5.6371,3629.8452
B0002911,98.6589,8,2811.457,24.7775,3,23,1,3,1,6.6055,3453.4758
B0009554,53.4731,27,908.9602,2.8801,2,20,12,2,1,7.2102,2717.7109
B0009324,39.2327,17,3431.4413,23.693,1,13,3,3,1,4.5571,1534.9504
B0005827,71.2043,22,3671.5647,24.8042,2,1,1,5,0,5.433,2178.3253
B0017068,111.7923,15,3195.4743,23.9466,3,2,3,2,0,5.6611,3210.1941
B0020004,75.9608,0,201.7944,7.2021,3,7,10,3,0,7.2571,3727.1775
B0011332,72.2232,31,2196.5987,14.8393,3,28,9,1,1,4.0931,2652.8686
B0001511,103.4057,16,3051.4981,17.3826,2,16,3,3,1,5.0829,3241.5645
B0008256,43.4515,13,2233.3398,21.5002,1,28,5,3,1,3.9946,2110.8482
B0008335,94.4408,20,1862.2397,14.451,3,14,11,2,1,4.8527,3575.1962
B0000478,120.3043,24,856.7418,7.043,4,21,9,2,0,6.7859,4049.997
B0011056,108.7838,28,4849.174,24.3619,2,20,1,3,1,6.2046,2941.9171
B0017885,137.3595,13,884.3344,9.1424,5,1,11,4,1,5.1942,4939.5482
B0004153,98.0301,6,3672.8751,23.8451,3,16,1,3,1,3.5322,3363.5306
B0006979,82.7226,4,1470.2511,9.7872,3,9,6,3,0,6.3124,3496.6394
B0018538,35.5589,15,2834.9045,15.9545,1,10,8,4,1,4.495,1774.3973
B0013350,36.5682,21,1977.5379,20.7585,1,7,3,1,0,4.0523,1163.9361
B0016543,100.1484,10,2083.0857,4.1921,2,25,13,3,1,4.6614,4121.1421
B0020448,101.7917,6,952.9805,7.9852,3,12,10,4,1,4.2093,4360.5987
B0001210,90.5721,27,1316.8146,20.0329,3,7,6,1,0,4.2011,2805.8746
B0009358,109.7194,24,3769.0232,24.9217,4,4,1,5,0,7.5492,3244.3872
B0020810,47.5979,14,3015.4663,21.425,1,12,6,4,1,3.9561,2048.3571
B0010621,49.5536,20,4767.5963,23.5348,1,1,1,5,0,3.5211,1870.0375
B0010311,62.3056,25,3803.1251,20.0962,3,15,6,2,1,6.416,2462.1225
B0022414,64.8087,29,1599.89,16.741,1,13,7,4,1,5.6362,2429.8168
B0002867,76.8004,15,120.0,8.7578,3,12,12,2,1,6.2176,3850.6202
B0021624,59.9063,21,1865.064,18.6396,3,12,9,2,1,3.0244,2556.6918
B0003864,101.498,6,120.0,3.2841,3,3,10,1,0,6.7868,4380.7272
B0014145,150.5872,20,1462.2224,9.7738,5,5,13,4,0,6.7426,4928.4001
B0018527,83.7129,11,2697.5232,24.396,2,10,3,4,1,5.3751,2976.3362
B0001239,59.0238,17,120.0,9.6963,2,3,9,2,0,5.1558,2816.0906
B0007253,69.3769,6,1988.2475,6.0413,2,11,9,3,1,4.7829,3320.7569
B0000081,69.7869,30,945.4041,6.8488,2,10,10,3,0,5.4213,2990.2317
B0021565,78.7699,14,1689.9813,8.6487,3,5,9,3,0,4.4979,3325.0223
B0002639,61.622,21,738.6165,10.0418,1,15,10,3,1,5.8352,2964.5002
B0012113,62.5484,13,2517.942,13.9084,1,9,9,2,1,5.0544,2606.4057
B0020780,136.4132,6,3043.2944,16.7107,3,17,6,4,1,5.7108,4371.9365
B0000096,44.6654,2,120.0,2.183,1,17,16,3,1,6.0075,3123.1581
B0008315,80.8504,22,3208.1476,16.408,2,18,6,4,1,3.808,2970.5792
B0006965,42.0344,7,3402.046,8.3328,1,4,13,4,1,6.4608,2502.9126
B0021183,107.77,16,2425.7985,16.2167,3,13,7,4,1,7.957,3874.0455
B0007068,47.0645,29,1134.2924,19.5238,2,10,12,4,0,4.8483,1960.7668
B0005239,126.4403,31,1656.0978,1.9541,3,14,13,4,0,5.7189,4074.5927
B0013298,103.2521,25,1772.5466,8.465,3,16,12,2,1,6.956,3773.6886
B0006452,71.6023,16,2559.7067,21.97,2,2,6,4,1,3.1489,2662.5736
B0003719,68.9682,3,2214.9252,20.7775,3,4,3,3,0,4.1845,2869.6668
B0004995,40.8162,10,3326.4035,24.0502,1,23,1,4,1,4.4491,1980.2516
B0002208,86.1362,13,3527.4455,14.6372,3,10,2,3,1,6.7537,3204.0075
B0006524,119.5831,1,311.8913,12.7035,4,14,10,4,1,3.8898,5077.6061
B0019638,145.5362,5,443.682,6.4478,4,20,12,5,1,7.2501,5895.6282
B0006476,35.5377,24,1969.1642,1.8679,1,12,11,4,1,5.7681,2169.9479
B0008323,65.3713,19,2113.7372,13.9601,2,16,7,2,1,4.5024,2682.2481
B0010333,121.4907,6,1010.1217,2.1947,4,18,12,3,1,8.2484,5106.6425
B0011099,69.1277,11,1447.5022,13.4671,2,9,8,1,1,5.066,2790.6623
B0003800,109.3861,27,1362.4569,5.3719,2,15,16,3,1,5.7896,4104.319
B0004606,140.0714,31,1271.2449,12.6247,4,18,11,2,1,7.5781,4426.749
B0011796,44.3008,11,1021.4562,9.3829,2,25,10,3,1,5.6357,2657.9954
B0022119,54.3364,17,3327.5635,13.3926,1,22,9,2,1,5.211,2222.0564
B0000469,53.0373,31,1894.8627,11.7131,2,14,12,3,0,6.4958,2085.7499
B0013874,66.8432,16,1698.4185,11.171,3,20,6,4,1,5.525,3084.6861
B0003815,50.329,16,1084.7948,12.852,2,7,10,3,0,5.467,2593.2107
B0009717,122.3321,19,2732.0267,20.2072,2,4,6,1,0,7.1609,3460.1553
B0003851,72.3099,22,3771.0937,16.2179,1,10,7,4,1,5.2373,2474.8635
B0017675,105.6618,27,1531.4914,18.7939,2,26,5,3,1,3.9871,3564.0187
B0016815,105.0318,8,1346.4046,21.433,4,23,8,3,1,3.5271,3931.3025
B0003914,50.8395,31,4285.7737,24.3072,2,3,4,2,0,3.6455,1215.8017
B0021153,154.0408,12,1284.9302,5.673,4,20,13,4,1,7.7537,5431.4347
B0009126,49.6959,22,1788.5277,12.9081,1,12,5,2,1,4.8333,2193.9316
B0005327,41.2106,18,120.0,2.2263,1,14,16,2,1,4.2409,2785.6362
B0009838,153.5818,28,3810.0724,22.4993,5,21,8,3,1,5.8553,4302.6352
B0021402,72.3951,13,2227.2823,8.0241,2,8,6,2,0,5.3528,2889.6364
B0007530,106.4652,14,120.0,8.1321,3,3,10,2,0,6.1834,4499.2904
B0016096,128.2694,30,120.0,7.2392,3,8,14,3,1,5.947,4793.172
B0005008,107.5208,4,1276.2733,15.2757,3,14,11,3,1,5.2917,4041.7883
B0018663,79.6105,1,2816.7676,14.1667,1,22,8,2,1,6.5803,3286.6903
B0011057,85.5002,29,1475.3894,13.3299,4,20,6,2,1,5.9638,3295.4943
B0004775,76.3784,3,2412.8438,19.9611,2,8,2,3,1,4.5919,3012.7471
B0019538,47.5552,1,2359.2509,5.9514,1,16,12,4,1,4.0809,2834.7488
B0018515,102.995,25,2411.058,8.4834,3,22,11,5,1,5.5016,4026.6252
B0008218,66.8398,6,1823.0101,19.4915,2,13,6,2,1,3.8351,2518.0017
B0003750,77.5637,25,2421.196,21.8848,3,9,3,3,1,5.8194,2521.6661
B0000653,93.3642,18,700.411,5.816,4,6,12,4,0,6.3464,4130.3718
B0006332,65.0905,4,1487.5869,9.4346,2,14,11,3,1,5.2891,3228.0434
B0008900,67.9047,17,1767.838,20.6997,1,7,6,2,0,7.016,2402.9665
B0003230,38.3893,29,1918.2709,13.8631,1,6,7,3,1,6.0475,1680.1883
B0016695,90.785,18,120.0,2.4969,2,19,15,1,0,6.8895,4069.0152
B0001458,103.8112,26,3095.5156,21.697,4,12,5,2,0,6.6134,2928.5104
B0003560,148.1885,15,490.4992,4.7393,3,23,12,3,1,7.2999,5525.2696
B0008786,48.0855,23,2036.7207,11.1773,2,16,8,2,1,5.5637,2307.0422
B0007645,116.6944,16,2545.0568,12.9444,4,15,11,3,1,6.4124,4269.2302
B0022076,79.0739,12,2045.3245,20.2429,3,9,4,5,1,3.8433,2857.9961
B0018717,65.3768,12,2298.389,22.0921,2,11,3,3,1,4.1845,2499.2371
B0012952,47.7384,12,2740.5576,12.0933,1,24,9,4,1,2.9779,2573.7171
B0011196,97.6957,32,2297.5436,11.8476,3,28,9,2,1,6.8397,3546.7588
B0016026,110.3791,18,2514.1489,23.8299,3,9,3,3,1,6.6475,3284.7695
B0014367,147.6457,3,146.4103,5.9159,5,1,14,4,0,6.3827,5965.5069
B0006240,137.8147,19,3258.4143,22.6301,4,8,2,3,1,6.0713,3913.754
B0006817,130.2714,7,120.0,5.1147,4,6,13,2,0,5.3125,5282.5492
B0009415,96.5938,8,338.4894,5.287,2,15,10,3,0,7.8023,4353.7934
B0003062,85.7504,25,1994.4269,3.4476,3,25,11,2,1,6.3082,3599.6185
B0017551,149.3869,6,2313.7342,12.2807,5,16,7,5,1,7.7979,5101.7224
B0018017,57.2567,14,2694.2437,16.1904,1,6,6,2,0,4.5911,2070.9689
B0004403,112.4286,26,2074.0921,18.1248,2,1,3,2,0,5.1135,3417.4326
B0016135,88.0184,10,4900.0,24.4679,3,27,1,3,1,3.5598,3187.6535
B0017965,40.7472,21,120.0,2.9603,1,22,12,3,1,6.9204,2777.9309
B0006702,75.7155,20,1661.7127,5.8291,3,15,9,2,1,5.7631,3199.2068
B0018303,61.5451,12,2198.4411,11.7075,1,1,10,2,0,4.8011,2873.0245
B0003280,47.0252,24,3879.8456,24.1869,1,28,0,1,1,3.3578,1333.8722
B0001989,43.6807,30,2335.5942,19.1285,1,12,4,2,1,5.1577,1334.1865
B0016410,39.5202,6,3269.3112,10.5678,1,19,10,4,1,5.2316,2376.2306
B0001809,127.2038,9,4604.4178,24.4137,4,6,1,4,1,5.5263,3762.7785
B0003213,150.0561,23,3121.6403,19.3044,4,23,3,2,0,7.7483,3790.1411
B0002720,123.9255,31,499.6557,12.905,3,10,10,1,1,3.9747,3898.8156
B0001758,125.2799,1,1096.3636,18.5045,4,25,5,3,1,4.898,4492.1641
B0006814,36.0153,6,2988.3405,23.0911,1,15,6,3,1,4.2546,1626.8611
B0015123,95.4567,26,1345.0798,11.4292,2,11,8,3,1,3.6042,3535.9459
B0002418,136.8543,12,2168.4012,7.5291,4,21,10,3,1,7.06,4958.4383
B0004093,132.9611,16,3257.9519,21.8831,3,6,5,4,0,4.6783,3857.3379
B0000719,43.4027,20,1860.0592,19.5355,2,26,10,2,1,5.097,2078.106
B0020291,73.4441,8,2328.9956,9.2093,1,22,9,2,1,5.4373,3187.4762
B0005700,95.6551,31,998.9937,2.5349,2,18,16,1,1,6.1413,3675.7148
B0005822,42.8285,21,3121.0347,19.2332,2,22,7,4,1,5.465,1987.2714
B0011870,66.3047,12,2265.7098,19.0046,2,5,5,4,1,5.7318,2586.895
B0012252,89.8711,2,729.5184,2.0606,2,7,13,3,1,5.9974,4224.2063
B0002581,95.0507,12,3863.5076,17.2546,3,24,6,2,1,5.748,3531.4811
B0002290,94.4482,29,2262.6706,9.5568,2,16,9,4,1,5.709,3360.5483
B0014633,83.7688,1,634.6934,7.358,3,6,8,4,1,4.7612,4191.3425
B0018570,67.471,25,2819.3889,18.4721,3,20,6,3,1,5.7058,2617.9947
B0018430,85.5632,26,1491.9076,7.1627,2,23,12,1,1,6.1598,3238.0586
B0015047,51.9026,27,283.4183,10.336,1,5,6,2,0,5.3488,2052.7231
B0017472,65.4369,4,2221.3787,11.338,2,23,8,3,1,4.4183,3011.0453
B0013740,76.2482,3,671.7025,8.6053,3,27,10,3,1,4.0754,3706.8245
B0005427,81.9635,14,2210.2331,17.0397,3,25,7,2,1,4.1968,3326.96
B0001245,136.8127,19,120.0,6.3375,4,10,13,3,1,3.8171,5373.2082
B0001352,115.7656,9,1538.7833,7.2343,4,8,10,5,0,5.3532,4459.2866
B0016430,148.1826,32,789.6766,2.5278,3,12,12,1,0,6.8613,4477.7575
B0012266,143.6005,24,450.855,4.8051,5,20,13,1,1,6.0767,5265.6931
B0009487,38.2188,7,476.3294,11.5661,1,3,7,3,0,4.9453,2248.4358
B0008980,53.7124,7,2402.7312,19.5523,2,15,0,4,1,5.1782,2417.3633
B0013963,147.5193,23,1692.2261,11.696,4,17,10,2,1,5.6731,4699.4852
B0012273,125.1455,22,217.3851,3.1864,3,19,13,4,1,6.5683,5003.5488
B0016622,77.4226,12,1954.3829,16.7493,1,21,7,1,1,5.7751,2949.6246
B0006956,44.327,26,948.969,2.9768,2,28,11,4,1,6.1029,2859.3042
B0021072,73.4807,3,1580.4032,4.6695,2,16,11,5,1,8.0982,3775.5628
B0015967,122.1403,2,3400.7231,17.2011,3,7,11,2,1,4.5416,4176.2056
B0018312,152.6916,17,1885.0503,21.3239,4,11,5,3,1,4.3158,4479.4088
B0001910,49.6558,23,4781.9206,22.4428,1,7,4,2,0,4.5597,1527.2793
B0002785,150.0664,5,238.3182,6.2112,4,11,11,3,1,5.3846,5663.6329
B0011473,69.2584,10,1177.6333,10.3185,2,13,9,3,1,5.3218,3424.2112
B0006787,142.2136,14,871.9158,10.5549,4,14,6,3,1,6.8905,4819.0157
B0012989,43.1892,17,1731.0132,21.4223,1,27,3,2,1,5.9453,1945.6501
B0014651,143.2305,4,3048.2384,22.1516,4,6,3,2,0,6.8017,4058.5874
B0010158,95.9225,6,2380.1401,7.4331,3,20,12,1,1,5.5858,3835.05
B0022095,121.1624,23,1851.0803,10.9073,4,11,12,1,1,5.7251,3955.5655
B0017371,119.3188,31,1140.105,16.8921,4,24,10,4,1,6.3517,4260.5966
B0021378,85.9188,10,1705.0885,16.3292,2,19,8,2,1,4.8151,3266.704
B0010602,128.5935,19,4092.7515,22.4473,4,23,6,3,1,5.9709,3949.3706
B0014911,50.7151,30,2180.1026,13.4857,2,2,5,2,0,5.3769,1879.2134
B0009628,88.5069,15,2020.3305,16.6638,3,18,5,1,1,6.0223,3383.7534
B0010732,137.566,16,2094.5112,19.231,4,28,9,1,1,4.4559,4434.9258
B0017272,73.4508,2,1021.1679,5.2088,2,11,13,2,1,5.3381,3760.6943
B0011133,152.9468,20,1304.1599,22.9454,5,7,6,3,1,5.8701,4411.1202
B0017344,106.7334,15,3118.2051,24.8454,3,24,2,3,1,4.5656,3407.7253
B0005259,73.5392,19,480.6367,3.3328,2,19,15,3,1,5.8023,3778.7375
B0005404,44.019,8,2352.0281,7.0477,1,18,11,4,1,5.4474,2947.5399
B0011270,143.6091,4,2269.9484,14.601,5,28,9,3,1,6.6631,5013.7834
B0005528,118.3289,12,1452.8297,6.2043,4,23,9,2,1,6.9217,4377.6832
B0017665,63.0465,9,192.6309,6.112,2,20,13,4,1,4.2209,3919.5711
B0000624,95.3723,24,1096.8962,17.0451,4,24,7,2,1,7.2358,3709.22
B0001521,37.0651,23,1459.3272,8.2527,1,24,9,1,1,4.4258,1838.8516
B0010339,53.6159,25,762.6721,1.9599,2,12,13,2,1,5.5994,2803.1006
B0004106,145.8654,5,1001.4328,8.3489,5,26,8,4,0,5.7794,5023.8292
B0014776,78.4666,21,3038.98,17.3554,2,15,3,3,1,5.694,2956.7985
B0017190,66.9518,22,1673.2378,14.9497,2,17,7,1,1,3.6868,2553.8831
B0004061,49.8545,6,722.9168,5.0043,1,25,8,4,1,4.9733,3298.7541
B0005442,102.0617,30,3916.3412,23.5397,3,28,7,1,1,6.2175,3079.601
B0011739,100.5895,14,841.8014,15.415,4,7,7,2,0,4.6517,3619.648
B0014104,106.0482,12,120.0,4.4585,3,3,14,2,1,5.4649,4668.0396
B0005326,134.3398,16,3815.7183,22.4912,4,20,4,3,1,6.8146,3900.2146
B0020858,39.7279,0,2409.4817,13.0151,1,28,10,4,1,3.1584,2324.2817
B0002184,130.9188,16,696.74,3.1289,4,12,11,2,1,6.3461,5087.2434
B0001253,66.6525,27,2020.4365,8.9528,2,17,7,3,0,5.2623,2351.896
B0011385,112.3419,28,742.6309,2.2946,4,28,12,1,1,6.078,4354.9672
B0020901,100.6023,2,2097.8171,21.5775,3,16,5,4,1,6.189,3818.6688
B0001552,137.3109,6,120.0,4.5955,3,26,10,4,1,5.7396,5782.0286
B0001811,81.4476,26,1248.7098,10.0854,3,18,8,4,1,6.0126,3635.4029
B0004815,77.0588,9,1455.1985,6.3519,2,11,9,3,1,4.037,3550.1588
B0018907,75.1971,9,4164.3059,24.8366,2,18,0,3,1,5.3605,2617.6331
B0016779,51.1085,15,508.9337,3.869,2,28,16,4,1,4.2008,3320.4795
B0010120,94.3921,22,922.4345,12.2302,3,24,4,4,1,5.235,3793.7106
B0020450,135.5319,26,2270.8939,24.9966,3,28,7,2,1,4.4472,3574.6698
B0016480,113.1901,26,2983.736,22.514,3,3,0,1,0,6.545,2862.3792
B0008264,129.4664,13,3480.7505,24.7077,4,25,2,4,1,5.4691,3746.5798
B0011793,142.1389,28,1459.8239,16.8701,4,23,6,2,1,7.7296,4347.7777
B0020310,62.3803,30,561.8967,5.5839,2,5,14,4,0,4.5991,2840.3903
B0005699,136.8702,31,4428.5001,23.3911,3,15,0,2,1,7.3934,3451.1915
B0016545,66.5356,10,2163.5827,1.5675,2,26,11,2,1,7.921,3523.327
B0013308,41.278,27,3173.9955,23.0381,1,21,2,3,1,5.0233,1330.0817
B0007265,39.8654,1,120.0,5.0345,2,13,11,4,1,4.8012,3157.3707
B0006355,137.2675,17,1358.2891,9.0722,4,14,9,4,0,6.8166,4494.5199
B0010993,37.891,5,1047.1023,9.8349,1,8,7,3,1,4.5805,2149.4972
B0007974,153.9567,32,989.1836,10.8821,5,22,9,1,1,5.5169,4578.4194
B0006113,41.9449,21,4056.5904,18.4895,1,1,3,2,1,3.4446,1597.0351
B0011125,92.4268,7,926.697,4.2946,3,26,8,3,1,6.1301,4279.9914
B0010375,100.5386,21,1103.8369,16.5843,3,6,5,2,0,3.1225,3227.6743
B0018242,112.7415,19,2374.6886,10.2884,3,11,4,2,0,8.49,3564.0753
B0015170,149.0772,10,1627.6754,23.5951,5,26,1,3,1,5.8695,4442.2787
B0016843,123.7719,8,1068.9097,12.1516,5,9,8,2,1,4.0993,4382.8074
B0012673,48.6516,12,1831.6062,20.0482,1,22,0,2,1,4.8329,2024.5919
B0013391,35.0088,24,3781.9748,21.1455,1,12,5,4,1,5.4756,1321.064
B0000662,134.8583,24,1922.1723,7.622,4,6,9,1,1,6.6387,4085.7853
B0006149,116.1673,30,3300.1531,19.0327,4,7,5,2,1,4.3912,3456.5002
B0015587,120.3933,26,1482.7495,9.8517,4,14,9,4,1,4.0718,3843.1948
B0019157,132.7667,7,3255.4981,16.787,4,12,8,3,1,7.1014,4323.1946
B0002103,65.061,17,348.6201,1.7807,1,17,13,3,1,4.3569,3554.534
B0004818,74.3407,31,2164.9684,16.1456,2,26,8,3,1,4.0313,2777.0487
B0005757,80.4815,16,120.0,3.2088,2,5,14,4,0,4.24,3954.503
B0018184,130.5252,21,604.5401,15.3033,4,5,3,3,1,5.6723,4431.5282
B0010885,49.4166,24,1556.3922,21.2899,2,8,7,2,1,4.228,1777.5436
B0016452,39.4816,23,1507.8119,14.6316,1,6,9,1,0,2.4,1669.2205
B0017725,114.9408,26,3189.5448,21.3118,4,14,1,2,1,6.6809,3323.8212
B0003400,146.5966,12,2775.4134,6.371,4,14,10,2,1,5.8002,4795.0356
B0007112,147.5214,17,2623.9932,22.5644,5,25,7,4,1,4.4217,4392.2297
B0003155,110.9864,27,2416.8683,20.7543,3,14,5,3,1,4.4414,3386.5323
B0001938,74.5782,28,2743.0875,16.6714,3,14,7,3,1,5.3377,2635.8844
B0007708,48.3844,0,2862.0842,18.1406,2,26,10,4,1,5.7291,2724.4387
B0022287,92.9423,20,4514.0115,24.8548,3,25,0,2,1,6.434,3096.1083
B0016563,110.9962,30,2482.2476,15.6334,4,3,5,3,0,5.3349,3278.8291
B0016264,54.7169,18,1456.8186,14.5345,3,2,6,3,0,5.6991,2309.7344
B0013754,153.5325,12,2819.2666,21.7887,5,17,5,3,1,5.4889,4432.0846
B0008015,74.7478,1,2906.2721,18.0233,2,5,6,2,0,3.7401,2724.3746
B0008829,132.5888,29,120.0,3.5238,3,7,13,1,0,7.2435,4791.9464
B0016804,107.415,13,2214.3214,24.086,3,25,9,4,1,5.9842,3986.0225
B0001125,103.9541,5,120.0,6.7167,4,2,12,3,0,6.7371,4898.1012
B0011828,124.1842,8,845.4455,9.7054,3,18,7,4,1,5.2667,4913.7656
B0008275,118.8002,20,2343.665,15.457,4,15,9,2,1,6.8755,4127.7202
B0019598,39.4687,12,1946.4666,18.3677,2,25,6,3,1,4.6217,2051.9443
B0014545,149.4544,3,3617.9373,17.726,5,5,5,3,0,6.3955,4391.1641
B0018926,37.296,10,1831.1903,19.8791,1,18,6,2,1,4.7113,1731.2056
B0010810,84.7669,3,3478.9453,24.4332,2,16,2,3,1,5.0872,3171.6456
B0000582,120.012,0,722.8851,2.8463,3,14,14,3,1,6.0845,5066.8257
B0017212,52.146,6,2229.6095,11.7238,3,17,9,3,1,4.0104,2809.5721
B0003019,105.1019,17,3817.8883,23.2649,3,5,4,4,0,5.1536,2920.0477
B0022238,65.7914,29,2873.9464,15.6535,2,11,8,4,0,6.1881,2519.4668
B0010050,53.8594,29,3337.5632,14.8368,2,22,2,2,1,6.283,1961.4393
B0011450,141.1634,26,1876.0586,13.6069,4,25,10,2,1,5.1256,4505.9083
B0020565,102.0738,9,120.0,4.1872,4,27,13,3,1,5.3446,5060.8519
B0008884,116.295,8,2554.7958,15.8408,3,25,0,5,1,6.0942,4205.5131
B0006606,140.9759,16,3823.4687,23.0068,5,4,5,2,0,5.6735,3902.1705
B0004189,135.6287,6,603.8822,12.4697,3,16,8,4,1,5.0084,5159.8643
B0021407,47.9253,0,2342.8877,12.9137,2,11,5,5,1,5.5637,2503.0486
B0016748,116.0098,1,120.0,1.6443,3,23,11,4,1,6.2068,5018.6814
B0019993,148.1864,27,1905.2744,7.6364,3,6,12,4,0,7.2085,4659.8681
B0005870,76.6695,17,1933.5909,13.3937,2,21,7,2,1,5.5131,3010.8876
B0011158,66.9021,9,1314.561,8.2984,1,2,11,2,1,4.7742,2999.9958
B0008177,74.1879,14,387.8614,8.8658,3,9,6,4,1,5.2426,3551.6938
B0007349,50.1533,1,120.0,6.3874,1,7,10,4,1,4.548,3184.7786
B0019695,46.5247,31,2242.0153,18.2186,1,17,7,1,1,4.5012,1601.3188
B0019019,113.4938,26,1867.575,14.5295,3,10,4,2,0,4.3489,3305.9958
B0021217,53.8938,12,845.4976,11.7711,1,26,8,3,1,6.1581,2841.9359
B0012843,114.7971,17,1669.3915,9.2139,4,4,9,1,0,7.2324,3941.0834
B0009532,42.6865,7,2702.4359,23.4508,1,7,4,3,1,5.7537,1641.7806
B0004544,125.8474,21,819.6266,2.5433,4,23,10,1,1,7.5062,4764.2086
B0016932,148.188,5,1833.5679,11.3468,4,7,9,4,0,7.0062,4902.3416
B0005773,80.4359,10,3253.8528,13.7568,2,18,6,4,1,6.7589,3260.6854
B0007152,61.324,3,2277.3249,22.4075,1,14,5,3,1,4.8002,2338.4207
B0016056,152.6457,20,4612.4806,24.6146,5,21,0,5,1,7.2493,4514.2471
B0016614,63.4333,15,4010.7314,23.8329,2,4,2,3,0,4.4896,2231.8954
B0021810,111.5396,22,2324.9726,13.8684,3,21,8,2,1,6.6236,3585.1421
B0022162,128.5674,26,2693.4654,15.8727,4,28,4,3,1,5.1306,3719.6831
B0004448,101.7985,31,2315.2371,19.6181,3,23,6,1,1,5.6064,2816.032
B0002305,126.729,26,3075.1085,14.0202,4,6,4,2,0,7.8525,3561.5727
B0006922,139.8813,16,3497.355,11.6437,5,13,9,4,1,7.9894,4689.2036
B0007302,94.0851,29,120.0,6.4918,3,7,16,4,0,6.156,4204.9777
B0008710,115.0937,4,1699.8017,16.4726,4,8,5,3,1,5.7302,3976.4096
B0004573,152.786,0,2100.8014,13.123,5,7,13,3,1,6.0393,5122.1917
B0015698,102.174,27,1824.4805,16.9413,4,8,10,1,1,4.6493,3400.0583
B0008731,94.0626,15,3059.5421,24.288,2,13,6,4,1,6.0038,3430.3034
B0005768,41.0874,2,1879.4162,9.4392,1,2,14,3,0,3.101,2486.0339
B0020410,121.3796,2,1356.9577,11.5711,4,12,12,4,0,6.6823,4494.5296
B0007375,57.6583,10,2132.3341,23.0235,2,21,3,4,1,5.3879,2573.9087
B0001324,115.4577,11,1569.4456,6.9973,3,17,11,4,1,5.6876,4594.8329
B0005186,100.4843,17,3783.8368,19.359,3,6,2,1,1,4.5129,3029.8516
B0002984,118.9097,31,3084.0307,24.2632,3,2,7,2,0,6.1401,3050.3853
B0020185,49.1529,8,392.9394,2.6073,2,23,16,3,1,6.9394,3309.6043
B0006294,151.7518,29,2229.7736,13.5715,5,4,11,2,0,7.3024,4364.8537
B0011346,131.3658,3,2964.2935,18.8664,5,7,6,4,1,5.0458,4360.6395
B0010594,108.7154,9,1975.5802,22.7529,3,4,4,3,1,6.3502,3501.8509
B0013997,119.2024,15,597.0865,17.161,4,5,10,3,0,4.9866,4258.3343
B0019789,120.8615,21,1431.1378,22.4486,3,9,8,3,0,5.6522,3747.2387
B0016060,53.9185,13,3012.9028,20.0533,2,19,5,3,1,6.7553,2266.8501
B0015225,142.8191,23,2245.9602,24.2853,4,8,3,3,0,6.4512,3710.4023
B0001419,43.1321,30,1749.4037,15.093,1,12,6,3,0,5.1885,1499.9384
B0001079,53.6861,28,3136.2929,10.1968,1,20,10,4,1,6.0839,2477.2133
B0017691,67.2035,22,1960.155,22.8767,2,24,4,1,1,3.9215,2189.5932
B0012420,44.8409,24,922.5529,16.6883,1,15,6,1,1,4.3743,1652.324
B0008253,65.1167,6,806.6185,14.9592,3,24,5,3,1,3.6031,3170.0607
B0005702,109.4954,32,1750.3885,9.2984,3,4,12,4,1,7.2174,3827.8724
B0006345,128.2997,31,1297.1049,15.3048,4,16,7,3,1,5.2722,3847.3242
B0015796,100.6377,9,1479.1966,10.2849,2,15,7,1,1,5.7145,3831.7085
B0013450,64.7935,31,972.1127,8.5436,3,25,13,1,1,4.9421,2781.459
B0009440,43.5208,31,2581.6048,20.3376,1,23,4,3,1,6.5559,1573.1336
B0001216,128.9525,31,1159.2918,7.6424,5,10,11,1,0,4.1293,3950.0826
B0008376,150.6679,23,891.5885,9.0331,5,1,7,1,0,7.2382,4446.0351
B0015169,123.4495,11,3486.5471,21.2546,4,22,5,3,1,5.1098,4038.383
B0017546,95.4582,2,2241.9839,15.9774,3,2,9,4,0,5.5043,3809.6515
B0000348,140.3975,29,716.9611,8.9301,5,25,13,3,1,5.8631,4908.7932
B0001620,129.9188,28,3436.9874,22.7732,5,9,3,2,1,4.2597,3350.2113
B0012207,99.3412,10,120.0,9.5371,2,27,10,2,1,6.2257,4670.0106
B0003967,81.228,1,1858.2172,12.6196,2,16,7,4,1,7.1461,3671.16
B0011403,77.943,1,904.5971,17.3428,3,22,1,4,1,5.6138,3499.9715
B0020299,68.7009,13,677.2508,4.3301,1,17,12,5,1,4.9695,3511.8998
B0014974,141.1487,8,1652.2718,13.0223,5,10,6,2,1,4.4374,4538.5788
B0011097,136.1704,9,3289.3483,24.095,4,2,6,3,0,5.879,4024.9146
B0007212,140.5885,9,3703.7478,17.3386,5,17,6,3,1,7.4883,4343.1744
B0006925,69.8057,32,2124.5276,19.4309,2,25,8,1,1,6.3552,2264.2028
B0018028,130.9115,4,1620.8452,15.149,4,12,8,5,1,7.0121,4744.5364
B0005460,64.4407,32,973.1705,5.6956,1,18,15,2,1,5.348,2924.3758
B0012882,58.0303,6,3802.1524,23.9787,3,13,0,4,1,4.9158,2473.9336
B0009252,55.1714,28,3273.3637,16.1439,1,1,7,4,0,6.5836,2036.3924
B0003181,82.6248,5,2123.5866,22.3816,2,19,7,4,1,6.4104,3339.0049
B0011788,53.1232,12,835.9572,6.2802,1,15,12,4,1,5.3983,3136.3966
B0006224,101.92,20,164.2169,2.9168,4,10,12,2,1,5.7172,4517.8632
B0015129,122.8294,6,2597.4551,15.7721,5,27,6,3,1,6.4157,4237.7377
B0003919,65.2755,14,1064.7293,10.3659,2,14,8,2,1,3.9699,2831.9995
B0020757,138.9055,16,380.8172,2.4745,4,20,11,1,1,7.2226,5087.97
B0003863,95.5369,28,917.9075,4.554,3,15,11,3,1,3.9946,3884.1983
B0003869,74.7903,7,2582.4617,22.7776,2,21,3,3,1,6.2887,2891.4733
B0002323,136.257,20,899.871,12.2682,4,17,8,3,1,6.0929,4680.0514
B0001598,65.4897,32,2381.9329,7.14,2,2,8,5,0,6.4921,2531.9597
B0004447,67.9707,23,2256.48,12.2579,3,4,7,2,0,5.2208,2466.4559
B0018840,74.2531,29,3722.9414,19.5108,2,12,7,1,1,4.8176,2136.6758
B0009801,118.7709,17,1418.4298,9.3571,4,23,6,3,1,5.0488,4439.6296
B0001096,123.6767,5,3742.0051,21.8277,3,26,4,2,1,6.0073,4038.1972
B0022497,108.1993,15,120.0,6.5776,3,13,13,4,1,4.7544,4817.6958
B0021139,73.7718,17,3011.0164,19.1278,2,12,6,1,1,4.0909,2635.8203
B0007311,125.9172,5,917.3959,2.7986,4,28,13,4,1,6.2209,5389.2886
B0006938,71.4753,14,4669.5952,23.0111,2,8,5,2,1,4.6141,2580.5572
B0005361,144.4697,12,1546.9753,17.6481,4,13,7,3,1,6.4992,4628.1939
B0012344,86.5463,31,1138.3315,20.5483,2,16,8,2,1,4.7972,2821.5087
B0008247,107.2692,30,3765.4411,23.168,3,20,3,2,1,3.8897,3077.6429
B0008880,146.0014,29,1930.2304,13.1981,5,17,5,3,0,7.9227,3927.4052
B0017873,115.8294,18,1927.8464,6.2071,4,13,11,1,1,7.1652,4219.459
B0013791,68.7523,30,3050.7767,7.4577,3,19,9,2,1,6.6834,2752.0982
B0012388,78.3776,12,1508.7696,16.427,3,4,10,4,0,6.4218,3369.0008
B0007748,124.5318,14,4117.2538,24.7546,4,9,3,2,1,3.3245,3222.9612
B0013021,108.3243,23,1906.7961,14.0726,2,8,4,4,0,4.2596,3315.1233
B0011486,58.3529,10,3224.0085,21.037,1,12,2,3,1,4.7469,2351.1976
B0004084,113.2397,21,2571.7482,15.9939,4,11,6,4,1,5.6306,3816.4775
B0002602,80.6479,4,1692.4283,19.1983,3,24,4,4,1,5.2325,3496.7181
B0014285,79.627,3,3785.6257,15.6699,3,10,7,1,0,4.6344,2949.677
B0019384,133.6975,0,557.9886,3.457,4,13,9,5,1,8.0497,5432.7306
B0010701,80.0961,29,2165.5881,14.9518,2,24,8,1,1,6.1663,2968.157
B0000221,127.325,6,2636.0698,20.0953,5,24,3,4,1,5.7931,4355.906
B0000527,43.5006,3,3884.0769,20.0574,1,25,4,2,1,4.7937,1988.2284
B0011480,67.0204,10,2619.8501,18.7062,3,23,2,4,1,5.5012,2870.17
B0022020,56.9118,13,2013.4598,11.7736,2,26,4,3,1,6.4879,2602.9365
B0021330,91.2924,26,2157.5732,17.9835,2,2,9,1,0,5.5349,2920.8036
B0004935,72.259,31,4114.7839,23.1582,2,2,5,3,0,4.1015,2146.189
B0021773,127.0622,13,1982.0944,17.9277,4,18,5,4,1,6.9328,4078.7933
B0019528,59.6959,27,384.4312,15.0671,2,28,9,2,1,4.8233,2819.5925
B0010751,45.4697,3,120.0,5.0445,2,3,13,4,1,5.9737,3299.869
B0011877,139.7016,30,1118.7713,1.952,4,21,14,2,1,4.9032,4855.4803
B0010807,88.0294,18,4081.8154,22.2166,2,20,3,2,1,6.5715,2911.1532
B0015237,112.4807,1,3652.0171,22.8366,3,17,3,3,1,4.1507,3625.9956
B0015068,135.1008,7,4392.645,23.4853,3,22,2,5,1,7.2341,4249.993
B0003854,112.6259,5,4900.0,24.9882,3,19,4,3,1,6.2775,3428.2391
B0019582,138.0319,0,1990.7843,2.6297,4,20,12,4,1,5.1603,5022.5098
B0008727,49.8019,4,120.0,5.8217,1,24,8,2,1,4.9836,3303.5092
B0009518,92.3403,32,1351.8663,9.1681,3,15,7,2,1,7.674,3228.4403
B0004616,63.5645,9,703.5348,6.0267,2,6,9,4,0,5.6082,3377.5881
B0009891,133.9528,16,1211.9383,20.7598,4,7,3,3,1,5.4807,4103.0388
B0017907,67.5418,5,120.0,4.4897,2,6,16,2,1,5.7726,3774.4628
B0013699,97.2936,12,1488.4394,15.7528,3,11,8,4,1,4.7813,3782.2321
B0004458,105.0443,1,595.4231,18.4245,3,3,8,3,0,4.9732,3968.2145
B0006117,109.3869,5,3762.6533,21.57,3,12,5,4,1,5.8064,3541.4547
B0008329,137.4299,24,1468.5218,9.5352,4,25,9,4,1,6.2232,4632.3283
B0010378,94.2402,30,2758.3,18.3577,4,6,0,2,0,6.288,2758.3908
B0014870,143.2918,16,1850.3448,21.1961,5,24,2,1,1,6.8898,4180.6413
B0004211,93.6663,4,2107.5455,18.668,3,12,7,3,1,4.1443,3219.0857
B0006866,102.2494,14,1630.6993,24.5977,3,7,9,5,0,7.4789,3685.9834
B0016536,45.1251,24,520.4683,5.1908,1,15,9,2,1,3.9942,2357.4802
B0008220,102.9652,31,4070.0714,24.9778,3,12,3,2,1,5.4592,2634.9135
B0018368,99.8447,27,3123.1958,18.6843,3,14,6,3,1,6.2015,3288.6121
B0018822,100.7408,4,1949.9658,7.7774,4,8,8,3,1,5.2591,4025.2539
B0012356,45.437,12,3511.3852,23.5872,1,17,0,4,1,5.4451,2142.3589
B0018189,102.2658,17,3073.9057,24.7222,2,13,5,3,1,5.4886,3476.7023
B0017674,120.5035,11,1607.656,15.4365,4,2,10,1,1,5.9983,3971.7196
B0002840,53.0398,2,1842.0591,16.0439,1,26,8,4,1,4.8431,2751.1799
B0015397,78.134,23,2275.3898,18.1231,3,3,4,3,0,5.18,2749.0678
B0012379,46.4753,28,3345.393,19.4273,2,14,8,2,1,6.4811,1838.2962
B0010535,74.0999,18,1025.2501,8.4961,2,4,14,5,0,5.0201,3503.5951
B0004639,129.9859,15,1842.2317,10.4279,4,25,9,3,1,6.1885,4598.94
B0007313,124.9744,31,3922.4782,19.6123,5,20,2,2,1,5.7316,3304.2468
B0001844,93.2287,10,959.0616,3.7738,3,24,14,3,1,7.7409,4443.2034
B0013110,152.0727,2,1561.2191,19.0342,5,24,0,4,1,6.7384,4977.3749
B0017093,92.838,4,1933.3627,5.3904,3,11,9,1,1,3.8344,3794.8617
B0018848,87.8276,23,1204.5824,9.8366,3,10,11,3,1,5.6248,3563.8234
B0009020,117.8152,23,2112.6184,15.7439,3,3,7,1,0,6.7507,3451.9623
B0000418,101.3933,26,1719.6659,2.7466,2,8,13,1,0,7.9918,3824.5374
B0006250,55.6484,14,3670.3615,23.371,1,21,2,2,1,6.6041,2148.0135
B0008867,95.9005,24,1670.5702,5.6918,3,11,11,4,1,5.7892,3846.9119
B0009060,78.8407,15,3364.8709,24.419,2,20,4,2,1,5.7205,2664.2515
B0018625,119.885,5,1791.1547,13.75,4,3,6,4,0,6.5156,4286.7619
B0017270,138.3787,11,1385.4488,9.2156,4,19,14,3,1,7.4881,5142.1848
B0021713,141.9548,19,206.0147,9.6452,5,8,9,2,0,6.8697,4976.0317
B0012451,54.4873,23,1236.3705,8.3476,2,21,14,3,1,6.5505,2704.5252
B0000242,71.6208,21,1543.721,9.8946,3,7,5,2,0,4.9909,2780.6994
B0017701,139.6866,12,1354.1033,10.1906,5,13,9,3,1,5.1104,4737.7947
B0002474,102.6488,29,1412.4992,4.2521,4,22,14,3,1,6.1621,4158.3921
B0001950,72.191,23,3277.1465,19.5097,2,23,8,4,1,5.6965,2837.4111
B0014280,97.8956,24,1414.2757,8.6167,3,4,10,3,0,5.4654,3786.8777
B0016132,118.6593,7,1041.0341,4.4469,3,17,8,4,1,7.2108,4700.9261
B0016858,43.615,10,1541.6946,14.9089,2,7,8,5,1,5.2472,2451.5382
B0011610,80.8382,9,1850.014,11.0758,2,6,7,5,1,5.2962,3306.3181
B0007931,60.3819,1,202.8461,7.4267,2,1,14,5,0,4.4342,3720.6295
B0002554,43.4147,30,2855.0514,17.2668,1,3,6,2,0,5.8135,1496.9826
B0019842,140.837,15,1017.22,5.3188,4,23,13,4,0,7.0236,4874.0503
B0003239,134.5516,17,2999.9141,14.3876,4,11,5,2,0,7.2287,3992.5861
B0003528,73.6262,15,120.0,7.1315,2,6,12,4,1,4.1474,3732.4106
B0007955,77.6515,5,196.6219,8.2569,2,9,11,1,1,5.5832,3978.9338
B0017494,137.9783,10,3555.3843,23.8475,4,24,1,5,1,6.7892,4496.6976
B0018816,54.3931,32,120.0,12.4425,2,22,7,3,1,5.8599,2597.2438
B0012959,154.4888,16,1417.4564,15.0879,5,18,3,4,1,6.9198,4898.8921
B0017053,92.5099,19,1947.6806,14.2987,3,8,10,4,0,7.1273,3440.222
B0022109,106.9396,21,336.3808,3.0939,2,22,15,2,0,7.0509,4531.8383
B0011027,131.492,9,358.9143,10.562,5,12,13,3,1,5.9409,5118.9287
B0016888,74.3729,19,1645.7181,8.7298,2,21,10,1,1,4.0066,3059.1069
B0016079,46.3652,19,2199.0087,15.1049,2,28,9,1,1,2.9969,2056.9357
B0010519,118.6661,25,526.7423,4.6213,3,12,13,5,1,5.0994,4783.6149
B0018069,52.1333,13,2533.53,19.5429,2,22,5,5,1,2.5477,2279.1459
B0000342,133.9657,27,3261.5019,14.4447,4,4,3,2,0,6.8731,3513.9278
B0014708,59.2247,27,2730.2016,15.4088,2,7,7,3,0,5.8258,2052.1122
B0000015,59.5051,16,1865.6671,10.5828,2,15,8,2,0,5.3224,2572.029
B0003964,138.0255,1,191.7119,2.1908,5,28,9,4,1,4.9446,5813.8816
B0019477,35.9872,9,3516.7523,22.9054,1,23,3,2,1,3.2009,1608.0243
B0000694,138.0701,31,2299.5986,15.2305,4,16,5,2,1,8.6,3954.7818
B0017666,90.2082,30,2045.7135,8.4339,3,14,12,3,1,8.1688,3349.0386
B0006203,145.455,13,3339.2462,21.5926,5,9,6,4,1,7.2654,4453.548
B0019357,35.3425,19,2609.7396,6.1662,2,8,10,4,0,4.3476,2143.7928
B0006782,97.0994,32,3031.351,18.9579,3,14,6,1,1,4.7726,2914.4104
B0019643,61.744,15,120.0,4.2926,2,24,10,3,1,4.5094,3589.9822
B0004457,149.3341,31,2866.096,18.2462,4,27,6,1,1,5.9585,3896.0089
B0016769,73.612,18,2099.2753,10.1693,2,23,9,4,1,5.8111,3394.448
B0014095,134.1228,21,1492.4429,9.461,4,28,8,3,1,5.4976,4508.3289
B0012423,50.5657,8,1026.6202,11.2166,2,20,10,5,1,5.2356,3016.7273
B0020525,49.586,13,269.4857,3.6,1,27,14,3,1,7.0948,3314.4645
B0009870,150.6057,32,135.7425,11.5732,4,7,10,5,0,6.3301,5100.8507
B0015358,75.2101,23,1477.8608,21.4918,2,20,4,3,1,4.9747,2898.0589
B0010891,91.3367,20,1586.9824,12.6884,2,15,8,2,1,7.199,3256.9551
B0006575,137.6256,4,855.8799,5.1753,4,6,13,4,1,7.3069,4985.0178
B0019257,119.0998,4,1386.1149,14.122,4,28,10,3,1,6.6801,4555.7537
B0011126,142.6566,24,120.0,5.1833,5,25,11,2,1,6.3055,5512.4535
B0007941,139.6352,2,1249.5179,16.017,5,27,4,3,1,7.002,4704.1864
B0004503,73.1589,5,1625.4171,1.9432,1,23,12,4,1,6.7448,3989.892
B0001659,139.2121,6,2621.9116,22.3351,5,15,5,3,1,6.7863,4299.135
B0004722,140.7897,14,1592.7361,21.473,5,1,3,4,0,5.4407,4401.7698
B0013464,104.7056,0,633.8912,15.3071,3,19,7,4,1,6.4852,4211.2103
B0003235,83.3909,22,1206.302,20.1714,3,19,5,2,1,5.4163,3020.5549
B0005219,83.3753,26,1860.7531,16.7618,2,22,10,4,1,5.2223,3128.8539
B0019666,123.6972,18,1314.1952,10.8276,4,24,7,2,1,4.3521,4192.4274
B0008477,145.7475,24,1899.9666,22.3936,4,8,2,4,0,3.547,3865.3693
B0012629,144.6097,11,1519.519,7.1072,5,11,8,4,0,6.0135,4688.2072
B0017743,89.2122,26,3836.9263,24.5512,2,25,3,1,1,6.7264,2681.5419
B0005399,63.2331,30,120.0,3.0222,3,21,15,3,1,5.6089,3440.2174
B0020753,123.3182,6,1542.119,4.2272,3,27,10,2,1,7.3105,4756.3288
B0003808,115.6189,17,3483.972,23.5777,3,9,3,2,0,4.7254,3231.0659
B0016115,100.7111,7,209.3574,8.7673,3,13,12,3,1,6.1813,4719.9684
B0005707,142.2282,2,1908.4068,14.9176,4,13,6,2,0,6.6046,4271.4273
B0004136,74.9973,32,1297.1269,8.8986,2,14,11,3,0,4.7422,2826.1832
B0007036,129.665,28,2066.4791,19.7054,3,26,0,2,1,6.196,3527.6294
B0012153,103.4364,17,4759.1256,20.7543,4,21,3,2,1,7.7957,3264.4013
B0002415,35.3537,7,2372.6402,16.558,1,1,5,2,0,4.8783,1760.3638
B0006289,125.9561,13,2789.8559,22.2871,3,16,5,2,1,5.2384,3820.165
B0019381,46.0918,16,1475.0485,12.8364,1,3,9,2,1,4.0553,2038.3498
B0017850,54.0276,25,3622.616,23.1924,2,11,2,4,0,4.3747,1470.2104
B0013607,40.9053,18,525.027,6.6129,1,19,9,3,1,4.9617,2450.6479
B0012131,129.4438,0,1637.0489,14.553,4,17,9,4,1,5.7008,4511.6206
B0021018,74.6923,27,3087.2924,7.3484,2,23,7,2,1,5.9098,2942.5882
B0011043,108.1764,5,1632.4906,7.3482,4,8,9,4,1,4.8694,4382.7703
B0006592,48.4414,1,694.8426,10.9417,3,2,6,2,0,3.9581,2466.3575
B0003041,115.852,10,120.0,1.8559,4,7,10,3,1,6.2923,5055.2923
B0014498,60.4093,24,2601.9686,2.1686,2,12,12,2,1,4.8714,2836.5941
B0011004,50.9204,31,717.7971,7.1506,3,10,11,2,0,4.3796,2295.3509
B0008390,133.071,29,459.487,10.0036,5,1,9,2,0,6.0267,4359.0893
B0000559,105.9404,29,4592.1442,24.9992,3,23,0,3,1,7.0148,3151.7276
B0018745,143.0602,28,868.6311,6.3741,4,1,9,2,1,5.6192,4690.0632
B0008128,84.6681,14,3335.553,21.5735,3,23,4,4,1,6.1445,3091.4047
B0011179,70.2139,24,3060.5064,17.0787,3,3,2,2,0,5.7338,2307.8239
B0010228,141.2108,1,1652.3083,9.1396,4,1,6,4,0,7.0272,4828.2068
B0007469,146.5215,16,1395.027,11.7455,4,22,7,3,1,5.9188,4650.3696
B0012966,136.0433,30,758.6159,8.2484,4,7,11,1,0,5.8058,4348.5492
B0005107,140.0035,5,583.9061,6.1474,5,7,13,4,1,5.9504,5691.5135
B0013604,55.9361,31,642.924,11.8041,1,26,7,1,1,5.2167,2213.5227
B0005881,131.1783,10,757.285,7.9083,4,9,9,5,1,5.8697,5167.8495
B0008236,54.5382,25,3246.833,20.0788,2,11,4,4,0,5.0964,1695.298
B0001231,100.5022,14,2745.613,19.8635,3,3,5,4,0,6.6619,3386.4884
B0018301,61.5462,28,120.0,9.1689,1,13,7,2,1,6.3969,2764.1046
B0009166,80.1936,11,3610.9696,12.5708,2,4,8,2,1,5.49,3089.4507
B0018698,104.627,12,2346.9707,5.9536,4,9,9,3,1,7.1021,4138.7858
B0018638,106.1016,28,1436.0606,2.6756,4,18,12,2,1,6.8714,4008.5843
B0016156,107.1441,6,1747.0341,4.5728,3,10,11,4,1,7.344,4495.654
B0004281,147.0405,2,1070.4402,19.8002,4,7,5,3,0,5.872,4427.8006
B0002609,47.4568,4,120.0,12.3778,1,5,9,3,1,5.7981,2952.701
B0004243,146.7215,21,1260.9497,4.1246,5,7,15,3,0,6.5647,4996.0894
B0006858,135.9246,14,3032.2655,17.3351,4,9,7,3,1,6.339,4200.1119
B0002846,103.5416,16,1094.951,17.4821,3,22,8,3,1,3.4985,4048.0704
B0018304,92.9655,16,639.6989,6.5319,3,3,9,4,0,6.2153,4169.2741
B0003092,110.3258,30,1268.4915,7.2544,4,20,11,4,1,6.9362,4490.6855
B0010413,103.6089,13,478.4968,1.7758,3,5,14,2,1,6.3453,4382.5838
B0012484,64.3266,24,859.2066,9.6875,2,28,5,3,1,6.0233,2685.113
B0011742,48.9856,7,2571.1652,24.6267,1,13,5,3,0,4.1556,1757.0738
B0007929,101.3606,15,2866.3636,18.3923,3,28,9,2,1,5.5751,3652.4642
B0004625,86.6234,22,2920.4065,20.6098,2,15,0,3,1,6.1278,2951.4981
B0015394,108.1059,28,2626.8681,14.0382,4,8,8,2,0,6.3002,3423.5632
B0020976,123.9684,16,1440.1352,13.3236,5,14,9,1,1,6.7719,4162.4438
B0013023,130.8701,20,120.0,6.8457,4,15,10,3,1,6.6339,5354.9578
B0004601,120.013,12,2129.9183,2.8044,4,14,13,3,1,6.5512,4386.5994
B0019186,61.9417,1,721.9682,7.254,1,28,12,2,1,4.8069,3467.6828
B0011341,91.6845,5,2113.9897,20.7735,3,17,3,2,1,4.6767,3478.1249
B0018034,111.9354,25,2102.547,9.1685,4,24,12,2,1,5.0804,4074.6344
B0017968,110.8253,22,1589.9221,16.4064,4,14,7,3,0,6.1848,3406.379
B0011360,91.8369,22,1252.8636,14.1624,3,7,8,3,0,5.5184,3328.856
B0008313,96.7567,22,1607.282,9.8531,3,26,8,4,1,6.0751,3980.5912
B0014014,112.4283,29,2304.6426,20.612,4,8,1,2,1,3.8446,3102.8999
B0006352,63.8473,9,120.0,2.8372,2,23,11,3,1,4.5165,3750.0019
B0007037,102.021,23,1887.4312,6.5754,3,22,12,3,1,4.9514,3816.5291
B0004026,130.6519,13,188.3501,8.0256,4,2,10,3,0,3.789,4928.94
B0007426,81.169,2,2081.2215,7.7117,2,28,10,4,1,6.3607,3983.3086
B0001573,49.1997,2,1257.1801,16.2936,1,28,5,3,1,5.8504,2644.1649
B0017857,72.6937,22,1344.5657,13.7262,3,13,9,2,1,4.9972,2937.8139
B0015098,148.7572,0,120.0,2.6452,5,3,16,2,0,8.6,6033.5265
B0011404,118.1012,2,3257.9354,20.9231,4,2,5,4,1,6.8286,3914.6281
B0000909,121.7708,18,4243.625,24.8366,3,9,1,3,1,5.8015,3487.6971
B0000272,56.4801,20,2240.8027,18.1774,2,16,5,2,1,4.1545,2055.2529
B0006800,139.8937,20,3567.4876,17.4433,4,28,8,4,1,5.307,4361.4121
B0021360,57.1197,27,480.2971,3.0233,3,24,13,3,1,4.9496,3322.5412
B0004593,124.7826,24,1342.9622,11.0223,4,4,4,3,0,5.7484,3807.6029
B0017936,139.4058,17,3372.0656,24.6886,4,8,0,2,0,5.6452,3869.9456
B0004047,80.1349,28,2891.2393,22.474,1,27,9,1,1,4.8171,2547.3364
B0007339,125.2906,0,1192.4939,5.8676,4,25,13,4,1,6.7604,5112.1339
B0017403,71.38,28,120.0,2.1294,2,10,16,3,1,5.3045,3703.328
B0006402,131.719,12,2843.2244,18.187,4,6,6,5,0,7.2868,4092.8122
B0017500,105.5958,30,2389.1592,8.0312,4,2,8,2,0,6.2012,3441.9257
B0011795,136.976,5,2598.5651,19.4774,4,28,3,4,1,5.9962,4508.9392
B0008489,112.0306,27,1334.8684,5.5168,4,20,16,3,1,6.1527,4205.2449
B0021751,90.3082,22,1856.2508,9.6043,3,4,7,2,0,5.4023,3264.3837
B0006749,136.2953,11,501.1401,3.1427,4,17,10,3,1,6.4101,5389.3857
B0013879,72.7912,5,2297.1854,17.6962,2,21,7,5,1,5.1747,3310.6848
B0010472,70.0218,13,1846.7622,16.708,2,5,7,5,0,3.9186,2981.5109
B0004576,116.1464,4,3421.6537,12.9594,3,12,9,3,1,5.3586,4284.4178
B0009880,125.0151,20,687.0185,3.1862,3,16,12,4,1,5.554,4830.2231
B0005511,108.1371,25,1482.7587,11.7389,3,17,7,3,0,5.6813,3639.6763
B0001051,139.5384,19,818.5236,4.2748,5,10,12,2,1,6.4261,5048.2748
B0003867,87.1372,8,2262.5569,22.3305,2,10,3,4,1,5.7194,3014.2824
B0000628,74.8487,5,760.6683,4.0991,2,10,12,4,0,3.6525,3509.4035
B0020248,69.9698,16,3194.7495,20.2243,2,6,8,4,0,4.6744,2677.7946
B0006462,76.7856,6,1639.0123,19.7877,3,16,2,2,1,5.3632,3024.4861
B0000930,81.2822,13,120.0,6.3977,2,2,8,3,1,5.5062,3893.6986
B0019154,114.0587,30,3217.7235,20.7955,4,28,5,1,1,6.8149,3286.0585
B0002485,107.4585,2,1221.1087,10.155,2,14,10,3,1,5.0332,4310.2403
B0019193,116.2818,17,2648.5146,11.5652,3,27,7,2,1,6.582,4024.3439
B0006994,87.929,13,1597.1254,8.9722,2,18,14,3,1,4.3365,3876.2427
B0014648,49.7325,21,2118.5329,17.9704,3,10,4,4,1,5.2839,2046.9586
B0002200,46.8235,14,2252.8872,14.2751,1,14,6,4,1,4.645,2216.9954
B0000250,133.5387,29,2064.2046,16.7904,4,28,7,3,1,3.5193,4037.8253
B0003958,67.3225,26,2559.5255,21.84,2,28,7,3,1,5.0825,2672.025
B0006479,54.9228,22,2803.0533,10.4202,2,24,9,4,1,3.7359,2665.7987
B0006465,125.1843,12,2162.7179,10.1501,4,14,10,4,1,7.1342,4537.8509
B0002877,100.5989,22,1825.3528,6.7244,3,3,10,3,0,5.9867,3744.3275
B0014320,97.3983,2,1685.5883,11.3977,3,23,6,3,1,5.9197,3987.8155
B0009357,110.7086,10,4565.4234,24.4553,3,2,5,3,0,5.278,3333.3341
B0004614,103.0947,25,1900.5921,8.619,3,5,4,2,0,5.6525,3071.9029
B0004366,143.1475,32,2376.5504,20.0048,5,21,3,3,1,5.4228,3642.0878
B0019639,121.7795,1,2090.7574,11.5616,3,20,9,3,1,7.082,4457.5133
B0007568,96.5724,0,3118.7602,13.8686,3,9,4,3,1,6.3584,3439.3327
B0011904,79.9921,9,404.1983,11.258,3,21,11,4,1,6.2478,4264.0476
B0021014,103.8546,2,649.3995,2.5336,3,16,10,4,1,7.5088,4748.582
B0005390,35.7136,27,4001.109,24.8968,1,11,2,2,1,4.1005,1147.0754
B0000536,117.1707,8,941.7096,3.7703,4,9,10,3,1,6.1843,4521.3576
B0005669,72.0745,17,1609.5941,4.5046,1,8,11,2,0,6.927,3186.885
B0001003,35.6797,27,1915.458,15.5451,1,17,8,3,1,6.0918,1688.3976
B0011370,59.5915,11,4129.2946,21.7915,2,21,3,3,1,5.0781,2301.4078
B0011462,128.3339,1,3311.2554,21.6945,4,19,2,4,1,6.7252,4004.3879
B0016990,65.4911,28,2976.7723,24.1042,2,15,4,1,1,5.2526,2033.2198
B0008443,98.6239,6,1841.7714,9.3626,3,20,13,2,1,7.0928,4104.1656
B0020075,127.4383,26,3038.716,11.7514,4,27,9,3,1,4.9189,4364.1546
B0002107,39.1856,23,630.2808,8.4282,2,26,13,3,1,3.5648,2424.9341
B0020685,106.6568,2,3454.6924,24.6331,3,17,3,1,1,5.9126,3490.2961
B0004238,35.9348,1,2956.4974,23.5084,1,6,2,4,1,4.7839,1649.9887
B0005176,118.8738,8,1277.7297,14.7659,4,16,6,3,1,4.6013,4310.9204
B0005393,75.5525,7,1742.7541,9.1931,2,2,12,4,1,6.4406,3689.189
B0003942,59.5426,15,400.1952,10.1266,1,22,11,2,1,5.1606,3147.8715
B0020353,57.9665,1,1042.4002,21.8686,1,8,4,2,1,5.6213,2378.1618
B0021919,43.2129,28,2214.7597,21.4639,1,23,8,1,1,3.6678,1676.1261
B0019132,52.9758,19,3989.3527,24.3125,1,20,4,3,1,2.4,1999.2559
B0009331,111.4458,0,2432.4512,18.5897,4,12,4,4,1,6.7272,4008.6767
B0011620,94.4456,7,120.0,6.8295,3,20,15,3,1,5.4545,4775.2683
B0016797,93.1264,6,3344.7846,24.2286,3,9,2,3,1,5.5937,3179.7491
B0011607,96.4273,28,2564.2666,10.6061,3,18,8,2,0,6.6159,3109.0191
B0014819,59.6004,2,2395.1496,12.8675,2,17,14,4,1,4.7713,3131.6537
B0016793,109.095,20,2116.6765,7.611,3,19,8,2,1,6.223,4217.2513
B0011980,100.4129,17,1916.7838,15.5455,3,28,9,2,1,7.0127,4015.0294
B0004470,91.8379,10,1327.3142,3.864,3,15,12,3,1,4.2042,3885.0607
B0017014,38.8374,26,3154.7782,14.4746,1,22,5,3,1,6.9258,1676.7786
B0016685,75.8441,20,935.0544,4.1484,3,13,10,2,1,3.7143,3379.3369
B0012024,67.6819,20,2204.6999,13.5114,2,10,8,3,1,5.5295,2945.8996
B0016016,124.9236,23,1735.5011,21.3086,4,10,3,2,1,6.3465,3474.1356
B0022273,152.3584,14,1508.69,17.6348,4,7,5,3,0,6.6987,4354.2632
B0018960,97.6153,25,2595.0319,20.8659,3,19,4,2,1,4.7252,3045.2047
B0007340,110.1919,17,1914.9038,16.7587,4,7,5,2,1,4.1214,3442.5015
B0013641,91.9271,11,1180.1218,15.4994,2,21,8,3,1,7.552,3877.2733
B0019419,119.1855,26,3896.2904,13.4641,3,4,7,3,1,5.0096,3600.8163
B0005036,56.492,14,120.0,9.2413,1,15,12,3,1,3.402,3415.9474
B0022093,123.2809,29,4447.2781,23.1857,4,5,5,2,0,6.5442,3027.6974
B0010955,56.5913,22,2402.456,13.7855,2,26,7,3,1,5.7908,2554.9061
B0000006,150.2779,14,3512.2186,24.1809,5,22,5,3,1,5.8846,4463.7745
B0021709,97.1072,13,1470.3795,6.782,3,7,8,4,1,6.9064,4023.1681
B0022126,113.5633,23,2975.1241,18.6086,3,9,4,3,0,4.9534,3247.4983
B0017709,87.0796,29,2009.5622,12.919,3,13,10,2,1,7.3014,3053.4442
B0021174,97.073,1,120.0,3.6999,3,23,9,5,1,5.9119,4868.2332
B0015271,141.0544,8,3167.9322,19.0265,4,19,4,3,1,6.2872,4305.2174
B0006847,137.5719,0,856.3471,6.1138,4,7,12,3,1,5.4299,5350.0422
B0001476,153.4423,16,120.0,5.2014,5,5,15,3,1,6.6688,5716.8943
B0003745,119.2725,29,2402.6689,4.5387,4,1,11,3,0,4.7087,3996.6376
B0017352,37.0082,6,492.7665,2.0995,1,23,10,1,1,4.9411,2618.8109
B0008946,114.7632,18,2158.3355,17.66,4,18,7,1,1,6.8316,3770.14
B0011447,105.3255,21,2525.2743,22.4445,3,19,4,3,1,4.874,3110.8103
B0014261,134.1962,23,1568.5437,9.7867,4,7,8,3,0,7.0532,4286.2818
B0021524,119.8824,3,310.0232,3.5014,5,13,15,5,1,6.3388,5570.948
B0004940,107.164,13,3566.0865,21.8195,3,25,4,2,1,5.3699,3522.6506
B0019502,117.4311,0,129.5244,9.8829,4,20,11,4,1,3.2865,5108.1419
B0004337,68.0491,13,2314.2272,21.5546,2,27,8,3,1,5.4819,2748.7937
B0018536,87.9425,0,885.6105,15.3434,3,27,11,3,1,5.9674,4069.4355
B0009780,141.8838,31,3054.1179,8.8329,4,26,6,2,1,5.8003,3943.4632
B0018556,136.8314,12,2166.0199,11.078,5,7,2,3,1,6.314,4367.7932
B0016284,88.8838,19,1199.2797,15.8477,3,13,8,4,1,7.1449,3482.1937
B0001945,130.9507,27,660.3377,9.8878,4,21,13,2,1,5.5903,4605.3892
B0009963,125.0191,12,3139.3544,22.698,5,8,4,5,0,5.2842,3939.8706
B0017173,86.4685,20,2293.4447,7.0838,4,16,6,2,0,3.951,2937.8742
B0009570,43.5094,6,3203.1561,9.3182,1,7,9,2,1,4.8151,2316.6717
B0012538,122.2386,27,3664.6928,19.9254,4,11,2,2,1,5.2845,3228.9277
B0018909,79.7394,29,2983.2119,19.0874,3,2,4,3,0,5.8663,2445.1709
B0003637,119.2833,14,2716.8665,21.2892,3,13,1,2,1,4.9608,3522.376
B0011135,71.3113,7,3913.0137,18.0228,1,28,5,3,1,4.8928,3034.9777
B0019589,61.4546,32,1757.0014,10.1857,2,6,5,2,0,4.4281,2004.2922
B0004362,56.1999,7,2796.9022,9.8337,2,5,10,3,0,4.976,2695.5372
B0001830,94.5391,18,1856.8619,7.6915,3,21,10,4,1,7.553,4002.1409
B0004736,142.2206,0,149.9938,5.3205,4,6,10,3,0,5.8187,5579.8302
B0010231,124.8389,28,2474.9429,18.1896,4,9,4,3,1,6.0362,3404.417
B0015574,38.6808,18,2864.1273,23.7286,1,8,1,3,1,3.1503,1483.122
B0012655,53.24,20,1544.6763,4.1335,2,11,13,3,0,5.1017,2678.0662
B0010049,104.6923,11,790.3636,8.2022,4,21,11,3,1,5.9882,4416.1164
B0016357,78.3024,17,1449.2499,20.7725,2,3,5,3,1,4.3543,2861.4745
B0004701,143.2601,3,1884.693,9.6865,5,25,8,3,1,4.9093,4897.8416
B0021154,69.7019,30,1248.1424,8.3113,1,27,13,2,1,5.7271,3191.5558
B0013118,94.3466,30,2471.2698,20.0018,3,13,5,2,1,5.3966,2928.4852
B0000666,90.9873,20,2745.322,24.1296,2,3,5,3,0,4.9178,2746.7547
B0003820,150.6625,29,2158.5208,9.273,5,24,8,1,1,6.2643,4478.9318
B0006037,153.0104,32,2486.2523,12.8949,4,7,6,3,0,5.6673,3971.9746
B0006283,47.7027,17,1720.9326,1.5308,1,10,13,2,0,6.0992,2434.0917
B0016754,104.5517,4,534.9715,6.0874,3,16,12,3,1,6.9682,4791.4353
B0013199,95.9163,12,2184.0733,15.7593,3,11,6,3,1,7.122,3548.1596
B0019799,35.4127,5,2906.7437,21.2052,1,21,3,3,1,6.1912,1615.8085
B0019588,129.6369,31,2648.2555,24.2528,4,24,4,4,1,5.7196,3622.2011
B0020692,149.8973,14,2544.0888,20.283,4,7,5,4,1,6.383,4442.0963
B0009686,108.3127,20,430.3372,16.3879,3,18,7,3,1,5.5446,4059.9211
B0000796,42.9642,15,833.0299,9.6075,2,21,7,3,1,4.4406,2255.1384
B0020464,123.4994,12,2863.8322,22.1629,4,13,8,4,1,5.3491,3984.1825
B0004743,91.1738,28,2441.7041,16.5024,2,4,4,2,0,6.9166,2583.3756
B0003147,77.0807,23,677.724,5.8061,2,28,9,2,1,7.1783,3571.312
B0013129,74.9301,11,499.464,5.7943,3,14,10,3,0,4.3756,3528.8435
B0011262,97.9735,9,2769.0304,18.2977,3,15,5,1,1,5.0109,3344.5924
B0017154,89.0227,12,2598.3854,19.3076,2,17,9,3,1,6.1074,3507.9239
B0016108,129.9415,23,126.7931,5.8477,4,13,16,4,1,6.811,5234.0988
B0006131,112.4297,18,3209.2114,20.0135,4,16,4,2,1,5.9527,3420.6093
B0001913,51.0945,3,2050.3396,20.3808,1,14,5,4,1,6.1424,2496.2222
B0020523,73.2775,22,758.9168,6.6828,2,21,12,1,1,4.464,3303.4961
B0009253,93.4863,20,3804.1846,11.2848,4,25,8,1,1,5.8371,3450.5941
B0015525,58.9782,19,1908.4127,21.5602,2,9,1,3,0,4.9438,2183.6164
B0021856,108.8626,25,437.2693,4.191,3,18,13,2,1,5.8138,4668.8354
B0022359,64.1508,32,942.1972,9.2459,2,21,10,1,1,5.6754,2749.7273
B0017296,137.6191,18,2339.7995,16.0926,4,23,7,2,1,5.0746,4111.7631
B0016258,110.7985,19,314.4514,4.3211,4,22,10,3,1,5.6607,4806.3901
B0001751,121.906,29,1834.9983,16.8277,4,15,10,3,1,6.5619,4108.4284
B0019907,94.7537,3,1608.3639,4.0936,3,17,13,1,1,5.5868,4005.7705
B0000713,116.7765,14,604.7973,9.7071,4,1,10,4,0,6.092,4807.2797
B0012612,139.4325,4,729.24,15.7853,4,6,10,3,1,6.918,4961.8474
B0005572,106.5258,7,1919.2089,10.3688,3,9,10,4,0,5.5628,4102.2738
B0005701,38.9079,30,1910.5686,18.7023,2,11,4,3,0,5.8306,1169.2363
B0016776,113.2051,21,1032.729,5.9713,3,6,11,2,1,5.2797,4166.5352
B0008101,49.3005,16,3546.6655,15.2484,1,28,8,2,1,4.3363,2265.7812
B0014324,88.7223,11,120.0,3.7361,3,21,11,2,1,6.4697,4619.8335
B0000743,151.0106,17,2699.8282,23.1427,4,11,4,1,1,6.6393,3884.7317
B0005026,78.1204,22,1509.7907,16.9971,1,11,4,3,1,3.5374,2855.1092
B0020603,68.4882,0,3965.4413,23.4994,3,25,0,4,1,6.4272,2781.9842
B0000037,129.0315,17,1164.5262,3.7277,4,15,10,3,0,5.0497,4782.1202
B0015530,127.3266,31,120.0,6.143,4,21,15,1,1,5.643,4917.3893
B0002141,41.83,11,2650.8877,18.8387,1,21,4,3,1,2.4603,1964.0385
B0013171,96.535,13,120.0,8.8546,2,26,10,2,1,5.0744,4393.6173
B0015589,113.3259,24,2925.5144,23.5801,3,8,1,3,0,4.9073,3103.3372
B0018990,146.7665,13,488.0244,2.4892,4,3,11,4,0,6.3675,5620.1754
B0022213,130.6906,21,2439.782,8.2743,4,5,8,2,0,5.2007,4040.3197
B0001246,93.7538,17,2068.5818,17.8453,3,3,4,2,0,7.6447,3315.4261
B0002980,135.2005,20,2458.4548,16.6273,4,26,3,3,1,7.3979,4125.0041
B0015961,102.599,5,3549.03,19.6954,3,24,4,3,1,5.2227,3655.4541
B0022461,113.7809,7,4045.7845,22.0114,4,17,1,3,1,6.2093,3754.7824
B0014758,113.8928,16,2703.262,24.4251,3,25,2,4,1,4.2817,3671.4513
B0006881,92.2905,27,2147.2721,18.2779,3,2,4,3,0,5.8064,2971.1107
B0003369,152.0658,10,165.9036,2.7548,4,25,16,1,1,6.8405,5827.2234
B0000416,113.3358,8,3222.9913,11.1321,4,2,8,3,1,4.7519,3984.7364
B0005598,121.2293,31,1904.8123,24.9981,3,24,0,2,1,4.9374,3389.2211
B0011876,36.4534,30,1299.3338,2.1583,2,21,12,3,1,6.7649,2192.4541
B0008286,55.3992,26,2853.8665,23.6891,3,10,4,4,0,2.4732,1632.1881
B0005622,134.3735,20,914.7698,16.1251,4,6,5,3,1,6.0224,3913.1156
B0020505,101.6364,0,2902.1598,18.0359,4,12,6,2,1,6.9923,3785.1313
B0005284,81.9663,13,3832.8049,16.0196,2,19,5,3,1,5.8179,2949.1609
B0015096,113.9489,15,1844.8863,16.1622,4,9,7,4,0,5.87,3846.6742
B0007489,85.4469,24,701.4139,5.9849,3,19,9,1,1,6.488,3660.0989
B0000466,103.2419,6,120.0,8.9588,2,5,12,3,1,5.7753,4661.4961
B0008795,104.2092,4,1077.6062,5.8716,4,11,12,2,1,6.6389,4401.8922
B0019238,36.0912,27,851.5212,7.335,2,6,11,2,1,4.5266,2010.9709
B0013642,76.8085,29,2440.1238,6.4368,3,2,10,2,0,5.8664,2863.3114
B0007447,95.077,9,4801.7209,19.8155,3,16,1,2,1,5.2459,3115.8632
B0020300,139.4442,9,120.0,5.4897,5,28,10,3,1,6.6022,5719.2594
B0002005,80.4335,24,2751.8887,14.6175,4,16,7,3,1,4.5157,3034.392
B0008831,107.1919,11,1603.4622,9.6299,3,21,11,5,1,6.7288,4524.1386
B0014736,142.3419,19,1922.8728,18.7647,5,16,8,2,1,4.1206,4215.639
B0002795,53.4546,7,1340.22,16.6712,1,15,3,3,1,4.9615,2463.3661
B0012434,140.1969,32,844.2323,4.7482,4,21,11,2,1,4.74,4571.3972
B0012767,89.9173,0,724.9286,7.3939,3,23,7,2,1,5.5425,4211.6457
B0004705,142.8619,1,783.1474,6.2632,4,19,10,4,1,6.9714,5335.4851
B0001725,47.4806,11,319.9188,7.2648,1,28,5,3,1,4.8829,2797.8616
B0011102,112.9854,25,1990.5696,14.5452,4,8,8,1,1,5.5252,3575.1869
B0019026,138.7079,29,2883.3529,23.0155,3,23,4,2,1,4.9082,3611.6466
B0004311,125.0658,21,2124.1143,18.5335,3,6,8,2,0,4.1791,3565.1212
B0011491,70.3754,2,2980.2458,18.2044,1,3,5,3,1,5.127,2797.1488
B0006062,109.2886,15,2886.6613,21.3135,3,19,3,1,1,4.3957,3317.6374
B0013360,117.9153,26,3177.2234,15.9446,3,14,4,2,1,4.8441,3404.2543
B0014198,89.8544,27,2023.629,22.357,3,17,3,3,1,5.3132,2889.1105
B0009671,98.5891,17,2835.3658,18.2949,3,19,11,2,1,4.5563,3577.2903
B0017457,76.1556,22,3226.6754,20.2927,2,3,6,2,0,4.5287,2153.9915
B0015741,130.6703,13,1010.2915,7.8801,3,5,9,2,1,7.9849,4500.256
B0013668,92.4414,10,2874.9797,17.9823,4,26,4,3,1,6.4175,3644.1859
B0010545,112.8505,28,1491.4341,9.8195,4,27,7,3,1,7.3825,3910.7543
B0004588,88.6898,0,1758.9623,14.7234,4,25,4,3,1,7.0058,3623.4761
B0016772,143.4256,4,1648.8594,17.7998,4,12,6,3,1,5.9865,4645.9395
B0001317,117.4079,23,1756.3662,16.9302,4,15,5,4,1,5.1841,3829.1104
B0015015,149.0781,26,4196.0296,23.1738,4,9,0,3,1,7.9899,4046.1076
B0020445,119.2932,17,2219.2935,19.9757,4,4,3,3,0,3.9986,3515.8696
B0010288,94.0136,16,120.0,5.0248,3,6,12,1,0,5.9857,4233.0004
B0010018,40.3694,10,2343.2209,11.1542,1,28,8,3,1,3.2178,2334.6671
B0013553,116.4977,6,1329.8463,16.7648,4,5,5,2,0,6.9395,3877.5314
B0008500,55.9047,14,2752.8549,15.2246,2,8,5,3,1,6.2968,2496.4427
B0011453,62.3669,20,707.5767,4.8916,1,28,16,2,1,4.0963,3357.7662
B0014784,141.2008,3,2046.172,24.8077,4,9,4,3,1,3.1838,4348.6417
B0019955,45.6326,30,3209.7745,12.8457,1,3,7,1,0,5.7196,1442.9855
B0006264,59.9911,4,3756.1518,16.6279,1,5,0,4,1,5.0892,2358.0001
B0019636,70.005,4,2091.094,18.5935,3,18,4,3,1,5.5751,3135.8033
B0009663,38.929,11,1327.2667,10.1085,1,23,10,3,1,3.55,2367.0679
B0008285,104.2858,8,948.7311,4.4996,3,23,12,4,1,5.3435,4597.0109
B0010174,141.8002,1,1183.3638,10.245,5,1,10,3,0,4.7016,5109.8469
B0010092,72.4117,27,1489.0299,16.8089,3,28,7,3,1,5.3136,3171.6814
B0012002,75.1072,1,685.6618,11.2999,2,20,14,2,1,3.8918,3566.2586
B0007214,143.3242,21,1709.6183,13.7903,4,21,6,2,1,5.5974,4471.4428
B0009383,102.4308,16,2231.7266,10.6363,4,18,8,2,1,4.41,3702.6757
B0022301,89.6809,3,120.0,2.4206,3,28,15,2,1,5.9441,4492.1915
B0005062,101.038,0,2736.6099,12.8231,4,23,8,3,1,5.7935,3963.9295
B0003070,98.4396,16,783.4916,1.6608,4,4,16,5,0,4.8114,4606.6601
B0002270,101.0312,25,2007.2571,21.6607,4,27,8,2,1,5.9119,3499.3837
B0010926,64.6276,32,3353.8481,24.4337,2,19,3,3,1,5.8639,2072.3095
B0015779,125.2018,23,1648.0292,16.8774,4,23,6,2,1,6.5989,3906.6922
B0021080,100.8283,9,2563.6843,7.2017,4,12,7,2,1,6.9897,4197.1437
B0004455,117.613,21,3173.4556,17.4608,4,22,9,3,1,6.4291,3936.0013
B0009527,58.916,7,906.0388,7.1599,2,17,10,2,1,7.6268,3219.9888
B0010843,154.6118,30,3774.2758,17.1892,5,21,8,1,1,5.7672,4107.2941
B0004474,78.32,7,2402.6611,17.136,2,3,1,2,0,4.2481,2748.8843
B0004962,46.3519,30,3258.2945,24.8582,1,24,4,2,1,3.3861,1535.0124
B0002858,116.2157,22,1273.0685,7.5692,5,26,13,2,1,4.76,4552.5257
B0021740,109.6024,0,120.0,4.2168,3,8,13,4,1,6.8624,5174.3327
B0016943,62.2002,28,2286.4842,23.0932,1,10,3,2,0,5.937,1834.8502
B0015477,46.1145,23,544.7666,3.4658,2,1,16,3,0,6.4027,2640.2548
B0000715,102.7126,20,2731.0843,17.471,3,7,6,2,0,7.4047,3336.8101
B0011192,123.2024,2,842.3305,10.2774,3,24,9,5,1,5.1801,4928.8435
B0021895,148.2058,21,1312.6244,11.4562,4,12,5,4,1,6.1865,4746.823
B0011516,140.825,10,1723.7597,7.6102,5,18,7,4,1,4.8348,4948.0183
B0017027,35.0351,18,312.6413,13.5588,1,18,4,3,1,5.1949,1918.6994
B0019678,72.301,8,2394.1555,22.562,3,19,1,4,1,3.5153,2742.8799
B0020167,66.3138,10,2085.3192,8.5176,2,18,8,2,1,6.1057,3026.9822
B0003003,145.8219,6,2007.2928,16.0813,5,18,5,4,0,4.896,4484.6009
B0003884,71.5431,12,3501.9647,18.0225,3,24,4,2,1,5.5245,2866.2157
B0021222,73.7154,14,1762.3257,18.0097,3,25,6,2,1,4.8775,2977.7802
B0016750,68.2988,2,1693.2978,15.134,3,1,6,4,0,5.5462,2958.168
B0014302,113.5322,5,980.4839,5.2854,3,16,7,3,1,6.4529,4588.9578
B0011421,134.0874,14,2316.2394,20.3484,4,26,4,3,1,6.8676,4209.0767
B0009987,88.1826,6,2943.073,20.4489,2,10,2,2,1,6.3134,2893.7366
B0016566,49.8157,4,2125.8726,5.5211,1,14,8,2,1,4.3234,2603.3972
B0007305,95.7998,30,3974.9296,21.8811,3,19,4,2,1,4.8349,2869.1466
B0006000,43.0132,31,3286.0487,12.3255,2,13,3,1,0,3.3224,1155.7804
B0015701,118.5291,7,2594.9754,19.7268,4,16,6,1,1,2.7669,3756.3873
B0013232,107.817,30,3223.8455,21.2546,4,10,8,3,0,5.5008,3178.9834
B0000400,64.2544,11,1552.1252,7.5413,2,7,12,3,1,3.5378,2981.7941
B0018676,103.5469,26,2393.2219,15.496,4,14,5,5,1,6.2775,3529.5458
B0015861,133.2472,7,893.8495,14.3616,3,10,9,4,1,5.7352,4754.6796
B0021546,149.1736,17,120.0,2.0253,4,25,13,2,1,6.8458,5687.585
B0020785,114.6788,32,3214.9813,24.1456,3,18,4,2,1,6.3685,2910.278
B0004973,125.3781,3,1638.8172,18.0282,3,3,4,4,1,6.9033,4150.0601
B0018087,153.9666,29,2122.9931,14.7217,4,1,8,2,0,5.6936,4335.9444
B0007779,42.7114,22,3812.2525,24.0443,1,6,2,1,0,5.4486,1336.7885
B0003031,153.7362,0,3700.9759,23.8355,4,12,0,4,1,5.3536,4230.0223
B0019336,75.793,31,2735.3045,5.6771,3,16,8,2,1,7.2843,2905.0359
B0004721,61.1752,11,1305.1398,3.4896,1,28,10,4,1,6.9941,3558.3104
B0009185,102.8442,18,2902.2127,19.0452,3,3,7,3,0,5.1772,3366.8185
B0005799,63.5456,27,1395.4948,7.366,2,19,13,2,1,5.0113,3006.4239
B0006356,147.3278,3,2787.6045,18.4668,4,22,6,4,1,7.5059,4755.8223
B0003410,145.1871,13,2393.2931,13.4398,4,21,11,3,1,6.9217,4907.2052
B0009855,62.6837,17,1870.847,2.7747,2,4,13,3,1,5.9123,3227.4927
B0016017,111.0004,20,1402.6531,11.619,4,9,10,3,1,6.8556,4281.6599
B0007487,111.0962,23,2277.4277,13.3747,3,13,6,2,1,4.3279,3447.8965
B0003784,133.0079,31,1796.1802,11.1065,5,27,6,3,1,5.5053,4252.4558
B0015414,117.5696,21,2567.8822,20.1433,3,28,3,4,1,6.508,3700.7766
B0008777,58.7837,5,4801.2093,20.6181,1,5,1,1,1,4.4399,2168.1192
B0014669,63.5651,15,827.3372,21.713,2,28,5,3,1,6.0789,2782.1566
B0019444,59.7218,5,3502.7392,22.964,2,28,7,4,1,3.8366,2521.9369
B0002919,37.9144,7,1506.5632,20.0869,1,11,3,3,1,5.293,1718.347
B0004180,111.7327,11,3334.4841,23.1437,4,19,3,2,1,4.5358,3647.9351
B0022073,37.1681,22,1932.7148,18.6767,1,22,1,4,1,4.6034,1771.6593
B0019176,44.4097,28,724.7521,10.3772,2,21,14,1,1,3.2862,2296.3054
B0020600,84.4327,32,1453.2306,9.2419,2,21,6,2,1,6.6894,2957.7881
B0009660,89.0001,24,2091.0877,6.646,3,4,10,2,1,6.9966,3475.4522
B0001389,87.6483,11,2071.664,3.1111,3,11,12,5,0,4.0611,3687.3205
B0019585,127.805,3,120.0,5.5961,3,25,10,4,1,6.0168,5512.8536
B0002902,142.0833,13,422.5983,13.4392,4,10,16,5,1,7.4202,5404.9927
B0021460,67.7635,11,1815.497,19.6743,3,18,7,5,1,5.0917,3062.2121
B0019535,130.502,15,1173.9371,12.1242,5,6,11,1,0,6.2619,4252.7548
B0016384,143.0568,14,120.0,8.1262,4,9,13,3,0,6.5837,5521.1392
B0019870,61.8188,11,2543.9307,20.5526,2,3,5,5,1,6.6389,2822.4669
B0016483,128.7421,15,2253.9682,13.2256,4,7,8,4,1,6.4286,4315.7111
B0008725,120.1989,5,1363.8648,4.27,3,6,15,3,1,5.2683,4620.5424
B0001978,96.591,19,3527.8953,14.3396,3,15,8,3,1,5.4976,3501.2688
B0021543,61.1938,13,3583.6324,24.1196,1,20,3,2,1,3.5039,2116.4612
B0019669,66.3641,21,2702.5367,22.4436,2,7,5,4,0,5.4964,2304.1786
B0013034,62.4606,18,2679.7848,19.3809,2,6,8,4,1,6.5954,2683.14
B0022054,154.5293,8,760.626,9.8966,4,18,13,3,1,5.5793,5704.9863
B0021066,111.6566,25,1178.3906,19.0284,3,22,9,1,1,4.9324,3549.2281
B0022114,105.671,19,2460.899,17.281,4,7,6,3,1,5.3276,3471.567
B0021339,107.0836,15,1647.4237,9.71,3,4,13,2,0,7.8538,4052.1739
B0003276,121.0961,25,2205.9397,12.0025,4,22,6,1,1,5.9615,3718.2318
B0001242,149.317,27,1509.7852,5.6283,5,26,13,3,1,5.9734,4961.9059
B0004882,74.8637,15,959.4997,12.1682,2,16,11,3,1,6.0129,3536.6
B0014527,127.6011,12,120.0,4.0664,4,28,11,1,1,4.6378,5293.9938
B0012438,103.2546,32,1937.9721,18.3909,3,7,8,2,0,4.5079,2892.7533
B0005377,37.019,7,2273.7043,13.0262,2,21,5,3,1,4.4337,2152.6596
B0012293,56.3895,24,2305.7208,21.5372,2,27,3,3,1,4.7543,2069.0766
B0020954,63.8795,13,2720.6028,11.1792,1,2,6,3,0,5.31,2502.076
B0021823,47.6698,14,2138.7467,16.8003,1,19,8,1,1,3.9677,2256.1854
B0014370,125.0952,25,3580.5492,18.6319,4,24,4,3,1,5.1409,3817.9068
B0020660,68.9504,15,2980.9122,20.1333,3,9,7,4,1,6.4696,2805.3615
B0019440,46.8272,9,120.0,11.7449,2,17,8,2,1,5.0044,2889.2528
B0000983,80.3922,4,411.8848,2.2388,2,21,13,1,1,6.2629,4195.3584
B0005611,44.4412,16,4041.3313,20.4634,1,17,5,3,1,5.7586,1947.4199
B0019849,54.1176,3,3489.3409,14.1412,2,21,6,3,1,5.7401,2821.3204
B0018762,133.9614,28,3211.8896,21.5268,4,13,2,4,0,6.8427,3499.6573
B0012703,65.2046,27,4441.8816,24.4651,2,7,2,2,1,4.5974,2014.688
B0003526,91.0833,27,2504.4303,16.5563,1,22,3,1,1,4.9907,2698.9517
B0010255,49.9051,6,1257.1011,2.8159,2,7,16,4,1,5.0203,3221.9207
B0000646,74.9154,32,3722.3346,21.8391,2,14,3,2,1,5.631,2125.9777
B0012557,136.7317,22,3682.6065,15.7409,4,11,8,3,1,6.1417,4099.5231
B0008114,147.3435,13,3229.8324,12.0044,4,17,4,3,1,5.7059,4476.9719
B0014389,119.7393,25,884.7795,4.5566,4,24,15,2,1,5.9405,4689.4724
B0018186,39.1119,3,2851.8201,22.6946,1,26,0,3,1,5.6425,2059.2835
B0015276,90.7281,3,865.7649,1.7014,3,13,14,3,1,3.8688,4483.9079
B0009619,114.014,26,2580.2595,15.9003,4,9,9,3,1,4.3721,3548.3375
B0012241,36.1042,12,2203.7175,8.3991,1,7,11,2,0,4.4646,2020.0556
B0017251,109.2027,32,3938.8749,22.8086,3,20,4,3,1,5.087,3109.8111
B0007508,133.2237,14,729.8451,3.1207,4,15,13,2,1,6.4371,5171.0422
B0017348,103.0812,21,1695.8483,7.93,4,4,8,3,0,5.2707,3709.2283
B0020470,108.0135,1,2685.1358,22.2271,3,7,6,5,0,4.6543,3723.8977
B0015007,119.1409,4,332.6399,5.8024,4,27,12,3,1,5.8643,5056.1633
B0018366,67.2921,13,965.1259,2.083,2,27,13,1,1,6.1737,3369.1774
B0014662,71.3522,31,1474.5135,8.3993,2,2,12,2,0,5.827,2475.1876
B0012483,135.1498,10,1771.5381,3.2123,5,23,9,2,1,4.7193,4835.5747
B0010649,62.9243,11,1828.4875,22.0886,2,16,5,1,1,5.0541,2243.9711
B0001309,146.2601,7,2300.1072,8.4101,4,9,12,3,1,7.2535,5015.101
B0007848,80.1733,25,3933.6158,23.7865,2,17,6,3,1,6.5328,2667.8792
B0011879,53.7602,27,938.8454,2.7186,1,24,14,2,1,6.6374,2692.9452
B0019071,138.6607,23,227.105,14.6472,4,9,7,2,1,8.2663,4914.9984
B0006855,50.0978,21,1427.6987,9.5272,2,28,6,2,1,3.9254,2489.9114
B0005517,124.5297,27,1239.6841,6.2734,4,17,9,3,1,7.3224,4417.139
B0014365,67.4518,12,542.4441,7.7388,1,26,10,4,1,5.41,3667.7123
B0014578,65.2395,15,2652.384,24.958,2,6,0,3,1,4.3126,2146.2587
B0002557,55.0945,28,2245.3129,16.1624,1,12,3,3,1,3.9761,2044.1339
B0001585,113.4886,22,1738.4897,9.7957,3,6,10,2,1,6.3684,3795.7772
B0016591,153.058,28,2787.2918,18.1433,5,19,4,2,1,6.4422,4118.4969
B0016835,93.8333,26,2669.2875,21.969,4,18,5,1,0,4.6932,2728.5264
B0013097,103.0648,20,1136.39,1.8852,3,2,12,3,1,6.8819,4121.4908
B0004772,66.0407,2,2076.8359,19.5312,3,6,2,2,1,4.4145,2682.3458
B0010772,138.4752,22,3279.5502,14.2029,4,10,9,1,1,5.5948,4034.442
B0019042,80.8982,21,2860.4532,19.9912,2,6,5,2,1,6.7826,2768.6618
B0005928,84.7502,2,2161.7289,13.2359,3,19,6,2,1,6.3075,3449.1787
B0006608,43.1226,11,3636.0897,23.5233,1,15,2,1,1,3.5583,1380.7917
B0004637,147.2376,7,3920.7215,24.812,5,21,2,3,1,8.1695,4457.2605
B0015988,123.004,26,863.1321,5.4462,4,25,12,3,1,5.6921,4739.0521
B0010505,141.7842,25,1387.2208,9.0395,5,27,10,2,1,7.3614,4737.508
B0002921,77.6223,30,2662.6879,20.3089,1,21,6,3,1,4.3808,2418.2852
B0001827,135.3703,22,1347.9274,1.6531,4,9,12,3,1,6.1123,4669.5438
B0000800,133.3186,31,679.4242,5.5957,4,22,10,2,1,6.5037,4611.0791
B0004257,110.3599,13,331.6041,7.2699,3,7,15,1,0,8.4984,4521.5539
B0012495,44.6909,31,1263.9211,6.2704,2,8,11,3,0,4.3709,2177.0598
B0016140,99.6475,27,120.0,3.795,2,18,10,1,1,6.0886,4176.0844
B0010106,143.5169,22,1643.9683,12.8197,4,22,10,2,1,6.2768,4591.2952
B0020907,139.6113,9,2925.1866,24.1334,3,16,8,4,1,5.8783,4356.0635
B0009548,149.5584,21,2162.7507,18.5285,5,16,6,3,0,4.2938,4182.7554
B0020743,140.1717,22,366.0888,10.7867,3,25,9,4,1,5.4649,5213.4567
B0006983,150.5547,29,1446.1571,10.4588,4,26,7,3,1,6.5639,4753.6118
B0022389,72.9205,21,2612.9867,6.394,2,17,10,4,0,4.9099,3094.0089
B0007644,114.2837,18,731.1972,11.4542,3,16,10,1,1,5.6758,4104.9531
B0007980,95.5555,16,1094.0516,9.5887,2,15,11,3,1,4.6483,3850.2845
B0001410,43.7532,7,2307.1264,23.8577,1,12,1,2,1,4.7665,1845.3091
B0013597,78.8295,8,1836.9052,13.4202,3,22,10,4,1,5.5278,3734.537
B0020538,110.8299,28,1693.7054,8.5704,3,28,12,4,1,7.176,4202.4976
B0008340,105.8644,5,120.0,5.4112,3,2,14,4,0,3.8525,4854.353
B0009113,62.4635,7,2554.7372,19.8726,2,8,0,1,1,5.6503,2299.3788
B0015893,95.6864,12,2367.9492,17.4166,3,28,5,2,1,5.4738,3557.226
B0019106,146.527,9,2406.5389,13.1131,4,15,6,5,1,5.3971,4761.5097
B0013300,125.0333,0,2443.5658,16.1986,3,28,3,4,1,6.4978,4292.1931
B0004919,132.9291,26,2376.657,16.5774,4,7,7,4,0,5.485,3931.0856
B0019684,115.9339,28,3550.2681,18.8772,4,27,3,2,1,5.0084,3498.825
B0017868,67.6722,2,2058.4814,20.1894,2,27,7,3,1,6.2726,3167.2329
B0006724,122.192,6,120.0,3.2673,4,3,13,4,0,4.2585,5150.1937
B0012856,144.6849,6,1448.0229,16.6511,4,26,6,3,1,6.7883,4579.1391
B0020670,109.7105,18,2725.2932,24.4006,3,21,5,3,1,4.103,3613.0001
B0021768,114.9743,0,1714.6068,16.2129,3,26,3,4,1,4.9133,4441.0819
B0006231,151.3078,31,751.6271,6.0851,5,2,8,3,0,7.0505,4779.226
B0021642,79.2025,15,1299.7856,13.377,3,19,6,2,1,4.6494,3263.6286
B0019246,147.6758,21,3180.1568,18.21,4,5,9,1,0,7.4388,3959.7741
B0000420,84.8467,1,2116.5881,6.5729,3,7,13,4,0,6.8852,3716.4291
B0014118,92.4987,15,2318.8072,21.8493,3,16,3,1,1,3.7954,3246.3131
B0006598,57.1516,31,3000.6058,14.4445,2,5,5,1,0,5.2427,1836.9915
B0018800,138.5921,25,120.0,2.7255,4,17,12,3,1,6.5023,5390.7751
B0000154,145.1432,1,1794.1279,5.1337,3,19,16,4,1,5.5639,5181.2018
B0014641,55.989,24,2406.4657,20.6348,2,21,9,2,1,5.7765,2218.8844
B0011459,50.2438,32,799.8237,6.5361,3,26,12,2,1,4.2427,2486.0535
B0021585,147.0926,20,4075.1656,21.2635,4,5,3,4,0,4.4688,4202.4112
B0015293,111.4345,22,2124.933,7.1597,4,5,10,4,0,5.2691,4022.9072
B0009388,115.7532,4,566.0685,2.236,3,22,13,4,1,6.449,4922.6518
B0005719,112.663,19,635.835,6.0027,3,3,13,3,0,4.8295,4341.5233
B0008542,152.8569,27,2410.0393,20.263,4,23,5,1,1,7.6214,4179.6525
B0002130,141.6662,11,1270.148,9.5871,5,7,11,4,0,5.7307,4917.306
B0014991,98.8815,11,2491.0258,9.2067,3,17,10,2,1,6.0008,3990.4877
B0017838,83.8573,30,3739.9143,23.9085,3,6,2,2,0,4.2206,2362.9761
B0017773,91.3853,5,2369.4441,24.2587,2,28,5,3,1,3.5804,3336.1967
B0001069,115.6083,3,1460.779,9.2654,3,22,11,2,1,5.4918,4542.0328
B0019531,151.4332,29,1800.3187,11.7042,5,13,9,2,1,7.1847,4504.0999
B0014523,122.2051,13,2230.135,7.1436,4,11,12,4,1,5.8538,4443.8534
B0002177,117.3557,14,2159.3977,5.3916,2,16,11,3,1,4.2672,4348.0631
B0014810,91.8124,23,2562.1564,12.3299,2,5,11,3,0,5.1401,3191.8878
B0022386,93.5113,3,1862.8849,7.9587,3,13,9,3,1,7.772,4159.984
B0019224,52.6629,3,1419.9683,9.1466,1,18,8,3,1,5.282,2906.6516
B0016207,55.5873,26,723.8458,3.5576,1,26,8,3,1,5.1872,2969.5251
B0020199,137.7222,16,120.0,2.5755,5,7,12,4,1,6.6057,5558.1528
B0006200,114.3354,3,1691.0989,13.8728,3,20,6,3,1,5.0126,4323.9493
B0019511,115.7407,9,2141.973,16.4571,4,17,6,2,1,7.2889,3806.5695
B0003536,92.9681,29,3845.5029,22.5602,3,24,5,1,1,6.1138,2786.4553
B0020807,55.2479,32,1310.6698,7.4886,3,2,7,2,0,5.2014,2156.293
B0018367,101.9879,32,1905.0434,4.0828,3,14,14,3,1,5.4548,3764.2662
B0004837,78.0228,30,2906.0563,15.586,3,22,9,1,1,7.7158,2883.0039
B0014746,96.2806,3,3428.625,20.5821,3,22,3,3,1,6.4752,3575.2526
B0021990,121.3982,31,263.356,5.3052,4,27,9,1,1,7.6803,4570.6302
B0003465,73.1174,29,2663.2217,5.4612,2,6,12,1,0,5.7904,2811.8359
B0004607,109.4716,16,3916.7817,21.9494,3,21,5,1,1,4.8643,3338.4028
B0021548,143.3747,28,2732.153,11.7154,5,1,8,2,0,5.4641,3996.2425
B0011844,142.7301,7,1935.0818,9.4287,5,13,7,3,0,7.2926,4729.6179
B0001847,78.7648,28,1214.8612,3.1686,3,1,13,2,0,5.1406,3121.4373
B0010892,100.1205,17,1862.6922,3.8755,3,18,12,4,1,6.6609,4227.1926
B0003260,139.9819,16,2263.1556,9.3963,3,21,7,3,1,4.9562,4666.4455
B0011596,127.6215,2,1853.9537,10.5978,3,23,12,4,1,5.4658,4727.5086
B0019141,154.9266,5,894.887,5.7434,4,20,10,4,1,7.0627,5699.1649
B0001522,102.567,12,4900.0,24.999,3,27,1,2,1,6.1372,3282.19
B0017832,150.2221,5,3068.1465,18.0544,4,21,9,4,1,5.9893,4866.721
B0016974,66.8422,29,987.2538,21.7244,2,11,5,3,1,5.9138,2600.508
B0003913,99.3126,31,2613.4485,4.5395,3,20,11,3,1,6.212,3682.3646
B0021404,44.3709,32,2692.597,22.9794,2,9,5,3,0,3.3695,1153.9614
B0019886,51.2843,25,3926.756,24.0165,1,8,0,2,0,4.7449,1356.0142
B0001822,60.8701,16,318.6886,2.6395,2,2,9,3,0,5.5698,3155.1342
B0009976,60.4003,13,4459.5158,24.8781,3,16,0,3,1,6.212,2554.5593
B0021961,140.2155,19,1502.4214,8.7644,4,21,9,2,1,7.2761,4771.1712
B0018135,64.5138,14,3361.7363,19.2248,2,20,2,3,1,4.2325,2672.5256
B0015942,125.1793,24,1585.9099,18.3112,3,4,8,3,0,7.3195,3714.9781
B0015990,142.4468,27,2077.1145,15.5781,4,21,11,4,1,6.4717,4560.8657
B0001883,143.6204,8,1231.6892,4.2322,4,8,16,5,0,5.2311,5046.2885
B0005110,50.9946,9,489.9417,12.836,1,26,9,3,1,6.232,2827.9515
B0009991,65.2086,14,2786.7397,19.0596,1,18,6,4,1,5.0923,2657.9594
B0017241,118.4229,15,1463.9795,7.1819,3,9,10,3,1,5.9778,4358.4045
B0016673,68.6641,6,3850.7037,24.2243,2,19,4,3,1,3.7181,2549.7306
B0010989,65.7408,27,3792.5982,21.8014,2,10,4,2,0,3.9293,2012.0862
B0016571,131.2446,18,2457.2677,12.7492,4,7,4,2,1,7.5863,4081.1664
B0013589,120.1154,3,1435.2112,15.6575,3,20,10,4,1,5.6172,4407.1802
B0013970,93.9221,10,978.3759,5.3991,3,4,10,3,0,5.6559,4046.8519
B0011991,61.3231,23,1922.1049,15.9114,2,14,7,3,1,8.6,2769.6182
B0016440,109.534,24,120.0,5.5106,3,2,15,2,0,4.9334,4474.3315
B0015515,82.8091,26,3570.4885,20.8957,3,26,4,1,1,5.6379,2591.9866
B0013894,127.6455,0,120.0,4.7778,3,4,14,3,1,5.9702,5348.0404
B0007151,54.1778,29,2830.5521,20.4871,2,27,2,3,1,5.9948,2015.3823
B0014682,102.4623,10,2040.6892,18.3165,2,26,6,3,1,5.0161,3848.2758
B0005972,141.9698,15,747.1059,10.3722,5,5,13,1,0,6.3378,4691.0764
B0006139,59.8242,30,3156.161,16.5949,2,19,7,4,1,2.9915,2174.3509
B0010456,66.4912,4,2949.5978,16.5006,2,15,6,5,1,6.2852,2984.8757
B0016915,37.2736,18,548.6954,8.7999,2,27,13,3,1,4.2152,2693.6729
B0002862,125.3841,6,2705.9858,23.3636,4,4,0,3,0,4.4669,3572.1268
B0010496,131.2844,16,376.4465,6.3604,4,7,14,2,0,6.4948,5060.1916
B0014311,132.1097,2,2423.946,16.0753,5,23,9,4,1,5.9174,4551.9439
B0019831,101.1442,24,3146.7512,24.7366,4,25,7,3,1,4.604,3327.8772
B0015541,101.8168,19,1197.125,17.0855,4,14,5,2,1,7.1557,3466.0333
B0008972,40.5203,19,991.9695,5.9393,1,1,8,1,0,4.9726,1961.209
B0003897,139.6426,28,120.0,6.06,3,28,10,3,1,8.3772,5130.8494
B0017670,102.0004,0,2053.7632,15.6664,4,23,8,4,1,7.033,4310.8068
B0007835,70.8749,11,3323.6431,9.3964,2,2,6,3,0,3.8505,2735.7604
B0009372,104.3779,15,2401.3607,17.4869,4,16,4,3,0,6.5938,3524.1461
B0017887,45.4663,17,2783.6025,15.8543,1,12,2,3,0,7.2716,1919.0005
B0013406,85.5229,1,2374.7729,14.0364,3,16,8,3,1,5.1104,3571.6294
B0020123,114.5023,32,3979.8024,22.7889,3,3,3,1,0,8.2827,2639.4795
B0021289,144.3594,9,2733.6355,14.3422,4,26,8,4,1,5.3123,5071.8395
B0010026,44.7455,8,1071.4032,5.0632,2,1,10,3,0,5.2704,2417.8869
B0013050,143.0969,26,1629.773,12.7369,5,8,6,3,1,6.5167,4407.6696
B0004057,93.4634,0,3127.1505,24.6739,3,16,3,5,1,4.5506,3256.5111
B0009194,102.5864,27,120.0,1.7306,4,15,13,1,0,6.2501,4055.3886
B0005408,114.1818,12,1799.6444,11.7454,3,12,4,4,1,4.7318,3950.3781
B0017793,60.3954,2,2757.5864,18.1705,2,15,7,3,1,5.3756,2805.8526
B0018412,56.4943,2,2124.395,24.1242,2,11,3,3,1,5.5684,2371.2573
B0020516,88.5052,23,3773.5764,21.1982,3,25,6,3,1,5.5356,3072.6833
B0011812,133.8264,26,120.0,7.2343,3,15,10,3,0,6.3992,4908.0084
B0005170,43.4831,6,2687.81,18.4491,2,5,7,5,0,5.203,2380.9401
B0020751,138.9978,8,120.0,6.0931,4,8,7,2,1,6.5136,5224.8005
B0003439,59.8942,15,3699.7177,17.4782,2,2,4,3,0,6.1465,2172.1242
B0012931,75.786,21,120.0,7.6737,3,15,12,4,0,5.3013,3647.8411
B0016708,42.7099,28,120.0,3.155,2,15,9,2,0,2.7407,2095.16
B0019932,146.6601,20,2651.7314,11.4747,3,8,8,2,1,6.263,4237.3895
B0016153,129.2406,6,3560.7983,19.1745,4,25,7,3,1,7.2137,4453.7689
B0014159,99.3763,26,1157.3544,10.451,3,5,12,3,0,4.435,3718.0712
B0006243,143.7291,18,2586.4981,18.3158,4,28,2,3,1,7.7326,4440.2154
B0007236,73.0507,13,1633.9301,13.3991,2,18,7,3,1,4.0293,3146.7346
B0018718,40.3104,25,3549.6025,21.869,2,14,3,3,1,5.3923,1336.2137
B0006511,112.9868,2,2567.058,21.8327,5,13,1,3,1,6.1549,3809.8109
B0001112,92.4381,19,1684.0911,5.9207,3,14,12,3,0,5.4889,3575.7843
B0005864,144.3135,24,3862.0504,22.2583,5,12,0,3,1,7.0777,4122.5845
B0014267,43.2473,3,3132.6012,21.2653,1,1,0,4,1,4.2478,1674.8475
B0001864,108.7079,27,3472.9028,23.9057,2,15,2,1,1,5.1779,2740.2381
B0014531,41.7536,10,2447.2182,21.2825,1,9,4,4,1,3.3791,1800.6636
B0008291,74.7046,31,1942.03,5.2909,1,11,11,2,0,5.8637,2909.6682
B0018574,97.8279,20,1572.0245,11.3185,4,16,9,4,1,6.5378,3930.2187
B0010625,143.3648,22,120.0,5.8109,3,22,11,2,1,4.7928,5237.2072
B0019425,120.6696,19,200.5948,6.4853,4,15,8,4,1,5.4628,4656.9663
B0004405,135.7825,21,4230.1996,23.6662,4,4,2,3,0,4.4164,3777.1111
B0020664,98.467,3,1953.8813,18.3897,3,2,6,4,1,7.3369,3813.6486
B0006170,39.3179,26,1726.8742,4.1669,3,10,12,3,0,5.1376,2199.5111
B0005322,130.7427,6,3130.8164,14.4541,5,19,6,4,1,6.3032,4483.3701
B0004617,139.596,26,1142.6783,7.4976,4,26,11,3,1,6.0079,4828.1684
B0012378,131.4031,27,251.0786,8.5092,4,9,9,3,1,5.0547,4905.2067
B0009746,90.9102,16,2393.0539,12.5609,2,23,5,4,1,5.881,3455.9228
B0016494,84.0318,1,976.0807,9.9399,4,16,11,3,1,5.4348,3970.2346
B0012236,152.745,3,2368.7924,6.0981,4,22,7,5,1,6.2037,5252.0961
B0022230,121.4614,8,2054.3289,17.224,5,8,8,3,1,6.2314,4260.642
B0011960,78.6294,21,2748.2928,22.1531,1,7,8,1,0,6.2338,2515.0059
B0010134,97.9607,16,1472.52,8.1998,2,4,8,2,0,7.1316,3510.1968
B0021414,56.5848,29,1793.0078,14.3933,1,25,9,1,1,5.8577,2260.7446
B0015585,151.4147,2,1193.7295,17.6179,4,4,11,4,1,6.0095,4963.7573
B0004680,111.5916,12,2903.2817,8.4398,4,16,11,3,0,6.7642,4164.3873
B0002697,111.6191,5,4900.0,18.8839,3,2,2,5,1,6.9481,3992.2647
B0014112,52.0615,28,120.0,4.6733,1,4,11,2,0,4.6628,2419.2373
B0011131,145.1505,4,1279.2465,15.3173,5,10,7,5,1,5.574,4935.2444
B0013998,81.3913,20,3024.2654,13.1029,3,15,8,3,1,4.8915,3184.1857
B0018649,60.4956,17,1582.7044,8.2316,2,24,9,2,1,4.977,2851.5104
B0002242,52.795,11,1481.881,6.5654,2,19,8,2,1,5.8918,2847.2681
B0016360,146.4853,14,1863.7414,20.1176,4,28,3,2,1,3.9023,4428.2799
B0013002,62.8054,27,2511.1022,13.3728,3,11,8,3,1,3.7919,2452.2731
B0008507,112.6656,24,1756.1457,6.1059,4,19,11,2,1,5.0377,3915.0004
B0011995,119.7616,20,1053.9244,14.5123,3,8,12,2,1,4.3093,4156.2635
B0009154,90.7028,23,1254.5496,9.3606,4,11,12,2,1,5.1795,3745.6102
B0018804,136.4159,29,177.2081,5.8245,4,10,10,1,0,6.6507,4685.921
B0010447,47.2824,4,2042.0862,10.1236,2,16,11,4,1,6.358,2760.5897
B0019464,55.5482,15,520.3862,5.7886,2,26,12,3,1,6.054,3309.6005
B0018659,106.0611,26,1789.7118,8.819,4,18,9,1,1,5.5618,3734.1519
B0009864,152.6648,1,520.5051,9.7986,5,15,10,5,1,6.2652,5864.4261
B0007273,70.8187,23,1159.7165,14.723,3,13,8,1,1,3.4381,2872.6072
B0021506,82.817,15,1237.2509,10.0316,3,4,11,1,1,5.5884,3279.1156
B0014193,146.559,4,1259.2013,2.1732,5,4,12,3,0,7.7469,5256.2949
B0016689,108.7412,11,1133.7552,5.8838,4,27,14,4,1,8.6,4802.1599
B0003636,151.4625,20,2087.8945,7.3309,5,19,9,2,1,5.8472,4769.1455
B0003834,92.7471,21,1048.2314,7.5847,2,15,9,1,0,7.3565,3426.3899
B0022352,117.1991,0,2768.0285,22.4918,3,27,2,5,1,5.2096,4105.7482
B0017766,123.0485,17,2115.9604,21.5963,5,24,1,3,1,6.3299,3906.2789
B0006010,133.5007,10,3405.7442,13.4317,4,26,10,3,1,6.226,4380.0035
B0001658,44.0466,4,1782.3461,9.5775,1,18,10,3,1,3.7937,2418.2369
B0001414,130.8617,4,957.0516,6.6539,4,1,14,3,0,5.4475,4781.7688
B0014206,99.3719,24,1105.983,11.9215,3,21,7,2,1,5.7772,3532.2973
B0013336,65.7175,19,1291.9833,6.9366,2,12,12,3,0,3.2045,3117.5289
B0006590,100.8605,30,1940.1806,15.0686,3,5,8,3,1,4.888,3077.0395
B0006731,136.0648,10,1890.8471,24.5663,5,7,6,3,1,5.5966,4394.7737
B0018154,150.5305,17,2239.7199,15.7699,5,25,10,4,1,6.4022,4964.5747
B0021620,78.2614,28,2102.0508,17.2487,2,8,5,3,0,4.6525,2406.7458
B0003532,73.7284,31,2526.5258,20.4236,2,27,2,1,1,2.9055,2044.7764
B0021995,123.2508,17,377.4662,7.5698,2,27,14,3,1,5.3837,4944.8923
B0014162,107.167,21,1587.4756,15.5621,4,10,9,3,0,8.4134,3602.8028
B0011738,128.0153,6,494.0253,1.865,3,7,13,3,1,7.7725,4933.7829
B0021295,154.1124,23,1259.1735,9.8156,4,12,11,3,1,7.0093,4804.3683
B0017764,112.5983,15,3522.8389,23.2213,4,7,4,4,1,5.9261,3543.0533
B0004630,137.6056,27,1771.5979,5.2089,5,14,7,2,1,4.0999,4298.096
B0008204,46.3711,22,1762.8318,13.3494,1,4,0,1,0,5.5568,1708.4855
B0019105,54.9606,21,120.0,5.4624,2,17,14,2,1,7.3729,3215.1522
B0009930,130.9987,14,4416.316,23.9013,4,8,0,2,0,3.9447,3274.3016
B0017089,58.9908,22,2384.5089,16.9793,1,3,7,1,1,5.9101,2120.2662
B0002062,73.4498,22,2753.6431,19.6243,2,27,7,3,1,4.695,2974.1675
B0018933,126.2652,15,2344.0617,15.1326,5,8,8,3,1,5.9179,4390.8236
B0006398,48.341,9,1601.6839,9.8556,1,10,7,3,1,2.7465,2347.6062
B0008407,131.5697,21,2544.4581,13.6544,4,7,5,1,1,5.6049,3953.1881
B0010651,134.603,31,120.0,5.4827,4,17,12,1,1,4.1128,4763.8434
B0009175,46.6139,15,1023.329,6.5188,1,17,9,3,1,4.921,2504.7644
B0005728,124.9596,29,2037.2527,18.9015,3,7,9,3,0,6.8802,3556.0673
B0020881,115.6869,27,2072.8853,9.5228,3,27,5,3,1,6.9953,4002.7057
B0015948,63.8873,0,1557.2311,3.1589,2,18,14,5,1,5.1921,3763.6018
B0002836,47.865,13,2279.4392,13.4554,2,6,6,5,1,5.2422,2371.9394
B0009054,75.5544,18,4144.4485,24.7625,1,8,0,3,1,5.8434,2420.177
B0017642,101.7741,3,1631.5921,20.1251,4,5,5,4,0,6.1092,3694.1478
B0019340,69.2847,29,1378.7467,14.902,3,24,7,2,1,4.1468,2509.6627
B0013870,66.826,11,1411.0497,11.1652,3,27,12,3,1,5.3332,3316.1413
B0019089,119.9874,0,1134.1867,14.3949,3,14,1,3,1,4.9117,4080.4142
B0015206,85.636,17,828.0544,16.0969,3,10,9,1,0,5.811,3401.0081
B0004431,114.7326,25,824.9646,2.5198,4,4,12,1,0,4.5825,4002.3688
B0020062,82.0553,0,1680.7927,6.5869,3,5,9,3,1,5.5578,3684.7105
B0021363,129.9706,12,513.3504,8.9412,4,3,5,4,1,5.768,4674.5446
B0003870,90.7189,1,1811.2023,10.6172,3,25,11,4,1,5.3051,4104.0929
B0020707,64.6976,12,790.6736,5.2121,1,24,11,1,1,5.4517,3249.0798
B0014134,49.7512,3,2808.5427,22.8375,1,13,0,4,1,6.1164,2148.5884
B0006880,131.3088,2,1895.6036,20.0344,5,5,7,3,1,5.5165,4345.1697
B0007114,133.3487,1,1663.7558,8.964,4,27,9,4,1,6.1088,5072.7336
B0008149,94.6327,20,2224.8709,20.3938,2,4,6,3,0,6.5334,3293.0712
B0009949,62.9726,29,452.1025,3.4811,1,11,12,2,1,6.469,3192.1855
B0000316,101.9207,4,1933.6781,20.2435,3,6,6,3,1,5.2292,3547.0445
B0007817,151.4856,12,3419.6611,24.745,5,2,3,3,0,6.1368,4093.2125
B0018344,94.0785,22,3583.3319,18.2231,3,1,6,1,1,7.1519,2643.9191
B0020869,36.4951,3,825.6906,3.1914,2,15,12,4,1,5.8351,2921.9067
B0001484,91.3724,8,3543.3832,21.0273,3,16,5,3,1,5.1733,3571.2559
B0018916,96.7749,17,883.0886,12.9532,2,9,7,4,1,4.8725,3825.8815
B0013916,73.8129,29,980.1205,7.2001,2,15,9,2,0,4.9889,2770.678
B0019094,73.7072,10,3748.7991,23.9199,3,23,2,1,1,6.8302,2567.9348
B0000369,51.254,25,3992.2452,16.3744,2,1,6,2,0,2.4,1852.7651
B0000153,106.3341,12,1120.4314,11.4016,3,19,6,2,1,5.1664,3938.2192
B0004895,144.4127,16,2930.7589,13.0398,5,19,10,2,1,5.9409,4797.402
B0002823,60.8521,16,2504.7028,10.0395,2,13,11,1,1,5.0633,3100.9003
B0007570,75.4368,22,1233.1974,4.5036,2,23,14,1,1,6.4851,3456.8229
B0018300,65.7596,20,2210.1097,17.3912,1,2,6,4,0,5.0489,2382.611
B0003343,82.2139,30,3431.0347,23.614,2,11,4,1,0,4.9971,2089.3096
B0013354,136.1309,21,1280.9012,2.9196,4,20,10,3,1,7.3128,4767.7533
B0008084,35.7645,11,1048.4749,16.6251,1,24,6,3,1,4.6691,2126.6341
B0013584,47.9394,5,2898.6932,16.4393,1,9,7,2,1,4.9642,2123.7313
B0015336,151.0577,22,2319.5383,9.758,5,15,6,5,1,4.8855,4828.7758
B0016596,50.7303,23,1425.2126,3.8693,2,22,13,3,1,6.6506,2778.0414
B0021168,112.2436,26,2469.3944,11.2299,3,21,8,3,1,6.1518,3776.6897
B0020717,136.4038,30,1111.3241,5.7672,5,6,12,4,1,5.8198,4703.2653
B0003309,83.1192,9,2847.0603,22.357,2,10,3,2,1,5.6618,2935.1881
B0009957,110.2253,17,753.8759,10.5269,3,28,11,3,1,6.3013,4468.6939
B0007780,118.9277,1,120.0,3.6665,4,18,14,3,1,3.5261,5557.5117
B0002405,38.115,18,1104.5354,1.6089,1,14,16,3,1,6.0144,2259.4242
B0001339,61.6147,11,2577.8848,9.4187,1,6,8,2,0,5.8459,2441.9851
B0001863,140.0614,1,673.9492,3.8301,5,8,11,4,1,6.2915,5653.0463
B0004476,52.8468,12,1768.8335,22.5018,1,10,2,3,1,4.3991,2203.056
B0006317,53.5279,21,3181.7532,13.2057,2,1,10,2,0,4.3389,2176.3714
B0007721,95.1376,26,2903.5349,17.7346,2,25,4,1,1,6.4562,3156.6596
B0014704,47.2647,8,1220.1429,7.7961,1,21,8,3,1,5.03,2634.3009
B0010998,100.1314,4,2168.0404,11.5587,3,19,13,4,1,5.2632,4154.6807
B0016416,48.2332,24,164.0618,1.5785,1,20,14,2,1,4.1507,2945.3136
B0021744,71.5717,5,2594.247,21.5808,1,20,2,3,1,4.9413,2696.9556
B0019501,45.7361,19,2843.2512,18.9832,2,15,6,2,1,4.7141,2140.2082
B0002971,62.1681,0,2211.317,8.6176,2,11,7,4,1,5.3415,3028.502
B0015973,75.6899,27,832.7837,2.7195,3,28,11,2,1,4.7009,3474.6859
B0004149,67.6511,3,3163.1296,16.6234,1,12,3,2,1,6.0138,2649.8753
B0006821,82.2979,7,2550.4738,24.7427,2,5,4,3,1,4.4569,2866.19
B0013390,74.0745,15,1167.4832,4.0865,1,2,11,2,0,5.5568,3214.8377
B0001888,134.0029,22,1813.5861,11.7583,4,15,10,2,1,6.0484,4307.0916
B0019185,72.0258,16,2192.6591,10.3267,2,16,12,2,1,4.4099,3183.5477
B0019868,84.1024,4,1748.6209,13.0511,4,17,6,2,1,5.8052,3557.5968
B0005879,37.6851,5,1420.3428,13.9876,2,13,13,4,1,5.5923,2653.5036
B0000275,145.0228,2,557.7277,6.3434,4,23,14,4,1,8.1438,5692.0014
B0009939,90.5238,11,4855.8027,21.1062,3,7,5,3,0,3.9665,2781.8871
B0003152,105.9442,13,3111.7696,23.8248,3,22,2,3,0,4.8824,3073.1419
B0018143,109.9348,29,2690.0516,20.8346,4,14,4,3,1,6.0362,3163.1511
B0011436,133.5751,8,1551.81,17.5765,4,9,13,2,1,3.7128,4206.6407
B0017133,113.6616,9,2418.8311,23.0722,3,14,4,2,1,3.7686,3486.1923
B0002655,36.6455,18,2918.6125,22.1141,1,22,1,3,1,4.3923,1638.8788
B0000477,59.6488,17,2353.7226,13.8108,2,22,7,2,1,3.7775,2733.4685
B0016921,40.4819,20,1507.5071,16.4244,1,26,8,3,1,3.6012,2117.4993
B0016812,99.8051,1,935.2471,10.5876,3,20,7,2,1,6.6225,4487.5175
B0015839,60.9997,0,2520.9222,16.873,2,3,5,4,0,5.9582,2540.3736
B0011632,146.0049,9,2225.6519,15.6432,5,10,3,4,1,5.0923,4449.032
B0021868,77.9643,31,3294.7429,22.2479,3,8,6,2,1,5.2483,2294.4889
B0012832,63.6797,11,1391.1197,17.314,1,13,9,3,1,5.9689,3153.5121
B0002252,98.7062,4,4900.0,24.9338,3,5,3,3,1,6.1349,3151.4278
B0009764,79.8156,31,3514.2331,18.4439,3,22,8,1,1,4.6299,2586.4276
B0000337,64.7065,0,286.6771,2.1095,2,5,11,4,1,7.0586,3823.6333
B0010000,119.3719,5,3546.9274,18.8569,4,10,5,4,1,7.2164,3911.5758
B0009824,83.6864,11,998.6135,17.8153,2,4,7,2,0,5.1891,3393.1968
B0005394,119.5793,17,3470.7334,8.5521,4,26,8,3,1,5.9925,4336.703
B0012319,95.2817,10,879.3469,9.1977,3,24,10,4,1,4.7773,4150.4832
B0014807,42.0816,17,3645.6221,22.5424,1,1,1,3,0,5.6958,1418.4057
B0020292,147.2849,31,540.4495,14.3429,5,9,4,3,1,5.235,4345.1583
B0001518,52.6874,23,2021.5222,15.2064,1,15,11,3,1,8.0891,2666.2162
B0007695,154.3489,23,120.0,8.0068,5,22,9,3,1,6.5199,5657.9052
B0005847,48.2709,28,3412.3018,13.2893,2,11,10,2,1,4.3834,1773.041
B0018830,97.3339,25,1344.9319,4.4842,3,2,13,1,0,4.6612,3647.2309
B0021589,64.123,3,2776.4065,8.5298,2,17,12,3,1,6.4626,3351.9647
B0020380,147.8561,0,1634.1985,16.0811,5,26,6,4,1,6.0869,4881.4008
B0020045,120.9837,30,2085.2697,5.9842,3,27,15,3,1,6.0819,4247.8753
B0008167,122.075,27,2391.4203,20.8796,3,28,5,4,1,5.3313,3675.8722
B0009095,149.4123,31,120.0,1.6228,5,5,11,4,1,8.2083,5652.3391
B0015697,122.3031,2,2005.3654,5.7113,4,4,8,5,1,5.9318,4543.3007
B0020422,87.4593,32,1473.2386,11.7253,3,23,8,2,1,5.755,3062.1093
B0008318,134.2905,13,2250.6991,3.9303,5,13,12,2,1,7.4057,4706.3223
B0009835,147.0724,17,1386.3783,15.2692,5,21,3,3,1,5.9433,4667.2432
B0021327,126.403,10,2814.0263,24.1169,4,11,4,5,0,6.9947,3775.4674
B0009312,151.3572,7,2943.0804,23.9368,5,8,4,1,0,6.2626,4018.6317
B0019086,55.6173,21,2575.5956,20.8479,2,11,1,3,1,4.7606,2057.2455
B0000472,134.6114,8,120.0,3.7898,4,10,13,2,1,6.1988,5234.0279
B0005986,138.1756,2,1686.5396,15.6313,4,8,9,5,1,7.6742,4649.6089
B0000693,112.5944,20,1904.4017,12.4322,4,17,7,4,1,5.6334,3741.7633
B0016173,81.1061,6,2630.6687,16.9714,3,26,4,5,1,2.7113,3375.4834
B0000264,78.4177,22,1627.7151,16.9849,1,22,4,1,1,4.1595,2877.4787
B0018597,73.3052,30,893.3529,6.3804,2,16,10,3,1,7.6122,3441.8947
B0002176,65.6391,14,2065.2345,19.9134,2,19,4,4,1,5.053,2720.3683
B0017145,124.1581,11,3450.0575,24.954,3,4,0,2,0,7.8853,3644.9527
B0014181,143.1278,6,812.9771,4.2993,5,3,13,3,1,5.6199,5101.0939
B0017876,108.9998,13,474.6778,6.135,3,10,11,3,1,5.5772,4540.4807
B0019163,102.9625,5,3937.6655,20.6018,3,2,3,3,0,5.1703,3410.4308
B0018108,142.0191,18,1371.4137,9.6658,4,25,6,3,1,6.3565,4636.8653
B0010317,73.0398,20,3039.1007,18.016,2,3,7,4,0,5.308,2669.0586
B0000425,128.7789,20,1091.6405,6.7837,4,4,10,4,1,5.446,4561.8494
B0008947,154.7549,6,396.369,4.0951,5,26,14,2,1,6.2005,5910.7356
B0011798,57.5461,28,2538.6628,17.6341,3,27,8,2,1,5.2668,2367.0282
B0002096,56.941,32,1948.8654,15.1317,2,23,8,1,1,4.1346,2262.3103
B0019287,78.0033,18,2513.0337,13.8382,3,13,7,4,0,5.9936,2895.1322
B0005668,75.4542,21,4785.8534,24.5429,3,4,5,3,0,3.5711,2634.7149
B0004087,116.7254,20,780.5018,9.6251,3,18,9,4,1,6.9966,4540.7997
B0012089,56.4946,11,202.4997,3.7284,2,10,11,3,1,5.9483,3320.1107
B0020786,135.7093,17,120.0,3.2358,4,25,11,4,1,5.5558,5590.3481
B0004913,98.1902,3,773.2673,10.1686,3,11,9,3,1,5.8462,4236.7822
B0015603,59.9503,25,2984.6732,19.1392,1,20,5,1,1,4.3922,2050.4513
B0013157,150.5516,24,3361.2637,20.6343,4,11,5,1,1,7.9103,4066.2811
B0002246,153.0813,21,1581.8916,15.2441,4,11,4,3,1,6.1534,4495.2774
B0005160,49.6745,9,3245.6118,21.6671,1,3,4,3,1,4.7177,1889.0442
B0001510,119.831,28,120.0,7.0517,3,19,9,1,1,6.322,4278.811
B0019041,58.3521,16,1062.8323,8.1741,2,27,9,4,1,5.932,2989.5758
B0017503,98.2145,11,120.0,4.317,3,5,11,4,0,6.7917,4685.5856
B0016528,137.1193,12,2059.4314,17.4264,4,8,6,1,1,6.4249,4053.52
B0003169,113.2385,19,1387.9053,15.0963,3,27,7,2,1,5.457,3737.1764
B0015017,148.5852,6,2958.5506,13.2728,4,16,5,3,1,5.2954,4726.5932
B0019168,80.0119,2,3670.6331,3.0843,3,17,13,4,1,3.9242,3935.7255
B0012263,68.8577,27,4496.5921,20.3998,2,16,3,3,1,6.4025,2312.2199
B0004567,143.1964,32,2205.3334,18.4749,4,20,2,3,1,4.5312,3758.2406
B0015044,42.8287,17,1750.8273,9.0106,1,27,11,3,1,3.6031,2418.3102
B0001512,74.2022,16,2230.1876,13.118,2,17,9,1,1,5.1512,3036.5426
B0021702,112.1461,12,1608.2169,7.9187,4,17,10,4,1,5.8539,4445.6355
B0014577,141.9747,11,2257.6816,16.7975,4,17,5,3,1,6.0753,4485.491
B0020588,86.3637,0,120.0,6.0538,3,21,12,3,1,5.6759,4629.2449
B0009335,56.1895,23,3038.3961,22.3527,1,27,3,3,1,5.8002,2226.9973
B0011692,51.9972,26,613.9249,3.7872,2,2,9,3,0,5.09,2467.3323
B0017978,48.9089,25,1158.7828,3.2925,3,7,11,2,0,5.4511,2448.1631
B0014615,86.0909,9,3462.8149,22.9463,2,2,2,2,0,4.8095,2742.2875
B0020754,82.4574,27,1099.3147,5.4039,3,16,9,4,1,6.32,3463.6685
B0013775,36.4825,15,2367.0362,19.067,1,25,3,2,1,4.3992,1685.6811
B0002284,51.6448,5,972.1106,4.2275,1,5,9,2,1,3.0542,3001.7595
B0004285,154.2272,11,2582.1095,23.8197,5,9,6,4,1,7.1181,4543.0193
B0019632,41.8949,19,2372.5326,10.9965,1,26,6,1,1,6.5882,1968.0718
B0019994,93.4536,11,1520.9818,14.2654,2,16,8,3,1,4.9905,3652.8306
B0017155,78.2535,0,687.8732,9.4312,2,5,11,3,1,5.3583,3678.0507
B0008027,104.9906,19,410.3006,3.1105,3,21,10,2,1,4.9634,4425.9687
B0008115,151.9685,13,1547.998,13.2348,5,20,9,2,1,6.8174,4806.5724
B0022499,55.6573,7,792.3172,5.5455,1,6,9,2,1,6.0498,2997.3561
B0018810,81.7537,17,1097.5981,10.8956,3,11,10,1,1,5.923,3457.5442
B0000880,102.7156,26,3614.4644,15.9489,3,5,2,2,0,7.3302,3240.8381
B0014013,66.5743,13,451.4753,16.0665,2,17,10,3,1,4.6456,3177.6379
B0003570,140.6836,13,2995.0412,22.3939,4,21,3,4,1,7.261,3988.2472
B0000167,101.5605,8,2794.9054,20.6957,3,5,3,4,0,5.5797,3406.8538
B0008861,46.3905,16,3094.1181,5.9663,1,22,11,2,1,4.9647,2344.3067
B0013056,62.2917,12,120.0,2.1311,1,23,14,3,1,6.0701,3904.8531
B0022430,120.1492,3,3080.6748,23.2901,3,10,3,3,1,8.0262,3901.3374
B0021772,101.2265,14,1269.0588,4.1513,3,13,14,3,1,4.9097,4243.9199
B0006138,112.1585,10,1117.2203,20.0973,3,6,7,2,0,6.1505,3839.6963
B0019029,93.9432,32,120.0,8.5345,3,7,14,1,0,5.5815,3604.7656
B0018201,120.2519,30,1599.535,1.946,4,20,12,2,1,5.8121,4532.5163
B0008330,52.3286,2,2426.3503,13.551,2,14,10,3,1,6.6182,2931.7743
B0012006,80.1193,19,2312.8281,15.7421,4,17,4,3,1,5.5671,3116.7377
B0015209,74.0011,6,3317.1444,22.376,2,18,0,5,1,4.9745,3034.541
B0001321,104.2601,22,2659.0952,24.0878,3,17,3,2,1,5.717,3045.4852
B0001005,94.944,17,2804.9108,16.2504,2,6,6,2,0,5.9512,2957.3918
B0000640,64.1771,8,2949.3308,24.0091,1,24,6,4,1,5.977,2681.1621
B0020962,92.1523,12,120.0,13.9446,2,14,7,3,1,5.9019,4027.2386
B0008640,78.6065,15,4900.0,22.9192,3,15,2,3,1,4.8383,2747.5315
B0020481,133.2482,29,262.8281,6.7762,4,27,15,2,1,6.9254,5100.3239
B0013961,57.3929,1,3340.9115,17.6542,3,20,4,4,1,4.3879,2644.1883
B0012090,83.5333,15,1297.4437,11.1695,2,10,10,2,1,5.0792,3430.806
B0007933,85.4567,32,1720.5656,5.3243,2,13,16,3,0,4.8279,3191.3821
B0014366,114.2292,30,2086.6866,15.3379,3,25,6,3,1,5.8454,3368.3859
B0010641,124.1529,17,4149.3515,24.7453,4,7,0,3,0,4.9927,3688.2139
B0004497,95.8069,11,3258.9131,23.9998,3,28,2,4,1,6.6031,3162.7599
B0005891,145.2497,14,120.0,2.8131,5,10,15,3,1,6.6297,5701.9267
B0010612,88.8692,5,3257.2715,21.5786,2,23,4,2,1,5.7396,3295.6654
B0002959,142.3652,23,2926.6239,23.2236,4,17,0,3,1,5.2782,3739.5917
B0004524,36.4622,15,2418.7147,21.7705,1,28,2,3,1,3.9295,1897.0943
B0021408,117.5317,28,2054.7074,13.546,3,8,3,2,0,4.2656,3366.9105
B0002178,153.9865,28,3634.4777,24.1319,5,16,4,1,1,8.4592,3871.6128
B0010450,48.86,31,2059.8711,15.2701,1,7,6,1,0,6.1183,1526.7398
B0018331,141.5227,8,120.0,18.6176,4,21,8,4,1,5.6951,5426.0022
B0001100,48.1145,13,277.6284,7.1055,1,2,9,2,0,4.9153,2815.7016
B0017379,142.3357,7,1665.9201,14.804,5,27,6,3,1,6.8405,4811.2598
B0009210,116.7406,11,3532.8883,22.4644,3,19,3,3,1,6.3079,3694.8842
B0017803,105.5309,28,2434.4114,19.2003,3,8,7,2,0,4.7066,2928.8334
B0022379,147.7841,23,431.0107,3.4699,4,17,9,2,1,8.5898,5217.5982
B0017279,102.8236,1,1234.7825,13.9013,3,28,9,4,1,5.9096,4397.8028
B0002136,104.7995,5,207.1535,1.7254,3,12,11,4,1,5.9804,4858.0461
B0021490,45.5142,10,2376.1471,5.5611,1,11,12,3,1,3.8267,2571.3823
B0012331,105.5923,14,2701.2218,21.8256,3,26,3,3,1,5.6299,3721.8469
B0014804,76.1595,31,2588.4176,2.8947,3,28,8,1,1,4.8677,2937.2009
B0001695,36.1431,24,1450.0587,3.8823,2,9,11,1,1,5.1411,1892.8687
B0000055,149.047,31,540.8641,11.1521,5,3,9,3,0,5.5975,4885.6008
B0012648,135.5538,9,3517.6553,19.7348,4,28,6,2,1,5.0218,4383.327
B0015879,100.6398,31,1248.3599,10.0202,3,17,13,3,1,6.8151,3856.3654
B0008878,115.2939,28,1057.805,12.8029,4,4,9,1,1,6.1587,3544.7423
B0001483,101.5392,7,2934.3503,19.6308,3,17,3,4,1,7.8684,3575.1161
B0009287,149.6972,32,3027.8445,10.6597,5,18,9,2,1,6.1938,4153.2543
B0016469,84.4591,29,890.621,7.4531,3,10,14,2,1,5.687,3247.7687
B0016552,99.5962,13,1498.804,16.7436,3,5,9,3,0,5.8159,3909.8495
B0013395,113.9459,23,1182.9403,16.1714,4,23,6,2,1,5.9554,4105.1915
B0018377,73.7488,9,120.0,7.0533,2,3,11,3,0,6.0705,3536.7355
B0001623,127.224,4,1792.6372,22.534,4,20,6,3,1,5.1752,4253.0743
B0003228,136.0927,9,1840.3037,2.4985,3,26,12,2,1,6.9049,4815.3352
B0018039,79.6718,7,962.6796,3.5133,2,18,13,4,1,4.0822,3967.9916
B0009839,142.3035,16,1278.5233,18.6913,5,12,2,2,1,6.6836,4197.3222
B0019203,145.5748,26,1533.6875,9.4865,4,18,13,3,1,6.1984,4707.6845
B0004816,105.5959,21,120.0,11.6439,3,5,8,2,1,5.6667,4357.6257
B0021608,64.9799,24,1951.7743,8.9591,2,25,9,2,1,7.2636,2944.2739
B0014760,86.8437,7,1633.3371,9.6269,3,3,9,4,0,3.8143,3650.1576
B0009445,43.7865,18,2221.967,22.5015,1,1,5,2,0,3.8369,1360.0851
B0012692,93.3902,18,1683.4789,8.9256,3,1,14,3,0,5.5905,3746.2906
B0015863,115.6165,6,2120.1999,13.3983,2,14,7,3,1,5.5928,4232.7174
B0005957,143.3189,3,120.0,2.6029,5,17,11,3,0,5.3267,5735.7295
B0013680,154.48,15,2835.0319,17.3202,4,15,0,5,1,5.2828,4749.1225
B0019324,107.7405,25,3023.5232,17.0886,4,17,6,3,1,5.8727,3486.2276
B0018148,108.5635,32,1913.5333,5.1886,3,16,12,3,1,6.0419,3923.5266
B0007405,84.3921,3,1433.7496,4.0358,3,1,11,4,1,7.6986,4109.5418
B0018422,136.8107,11,822.2508,7.7324,3,7,12,3,1,6.5623,4948.9132
B0002553,131.4373,3,1896.4204,5.1049,4,9,12,4,1,7.4565,5057.7587
B0007737,147.6713,23,2266.2917,19.3616,4,5,3,2,0,5.1643,3800.8979
B0020697,148.3278,1,2036.164,24.193,5,18,1,4,1,5.7012,4459.7333
B0000778,64.188,14,3574.0257,23.5074,2,18,3,2,1,5.3665,2289.1274
B0020578,92.0796,4,3633.6567,19.3618,4,19,6,4,1,6.096,3541.7872
B0016349,98.8814,14,746.8981,8.8459,2,3,11,5,0,5.6797,4197.956
B0010486,129.1084,15,790.1834,16.5998,4,21,9,3,1,5.916,4629.6858
B0012409,105.6298,18,1352.4797,18.8368,4,16,6,2,1,5.6689,3415.3096
B0005056,140.8866,20,2460.7205,20.4453,4,18,1,1,1,6.2265,3957.0754
B0007735,81.6726,18,2340.8464,6.8561,2,17,9,1,1,4.7853,3040.3481
B0013085,93.955,9,967.2105,7.7607,3,6,11,2,1,7.5119,4253.7154
B0017958,109.7751,32,675.0253,6.9228,2,24,7,1,1,6.6575,3692.167
B0003189,112.7137,1,2151.3435,6.1402,4,8,12,3,0,5.8319,4367.834
B0016712,73.1571,30,2081.3021,18.3134,1,2,4,2,0,5.0515,2281.8041
B0012859,55.7534,9,1221.7068,9.9792,2,23,16,4,1,5.4268,3349.1604
B0015285,58.9101,28,3324.3075,24.4136,2,23,5,3,1,4.4505,2084.9098
B0021160,74.2578,31,1770.0587,12.7987,1,25,10,1,1,6.4964,2860.0411
B0021056,120.3936,17,2488.8692,15.8644,4,24,6,2,1,4.8064,3849.0834
B0005286,108.2477,15,2818.6489,9.9614,3,23,11,2,1,6.503,4162.74
B0004263,103.1479,7,3069.9577,13.3904,3,28,7,3,1,5.6717,4123.7561
B0006128,55.7098,4,3367.8987,15.0942,1,22,8,4,1,5.824,2695.9798
B0005722,40.1991,18,1379.2506,13.1995,1,20,6,4,1,3.5011,1915.8374
B0001882,96.2409,18,2000.335,14.3846,3,1,7,1,0,7.433,3381.207
B0015192,72.8441,16,1634.8417,21.1453,2,16,2,2,1,6.2204,2822.8051
B0001325,149.26,0,1739.137,15.5271,5,11,11,4,1,7.2939,5005.3412
B0003555,152.5299,31,1930.4437,6.162,5,19,12,1,1,8.6,4681.1609
B0006819,50.2155,31,431.6349,1.8862,1,25,14,3,1,4.136,2787.2351
B0002378,89.8549,19,519.2849,3.7069,2,14,12,2,0,5.8439,3800.8217
B0011967,41.9251,14,2337.0231,22.4474,1,12,5,5,1,5.0773,1884.0341
B0021130,143.5195,19,3562.3859,23.9924,4,26,4,4,1,2.9783,4215.8855
B0003282,138.0655,8,120.0,4.2934,3,3,11,4,0,6.1252,5615.6909
B0017003,88.511,30,1234.8039,8.8631,2,1,13,2,0,5.2995,3245.8649
B0001048,75.3491,4,1233.2901,6.0368,3,9,8,3,1,5.454,3605.6098
B0013400,118.1567,25,1803.6348,12.6687,3,16,12,2,1,5.8566,4137.874
B0016633,78.4415,30,120.0,2.8446,2,23,14,3,1,5.4322,3961.6823
B0008244,132.3398,5,120.0,1.9763,5,1,11,3,0,4.7701,5546.7532
B0000841,77.3697,6,1242.7716,11.9712,2,12,4,1,1,6.1967,3325.8491
B0017702,130.4418,27,2678.6942,12.9354,4,11,10,1,1,5.9678,3974.345
B0005794,133.3813,14,2421.5654,12.0546,4,6,6,2,0,6.9738,4063.1669
B0012699,60.3468,25,2545.4494,19.3337,2,1,4,3,0,5.9639,2097.5192
B0003090,91.1134,8,1970.8066,15.5083,2,16,4,3,1,6.6383,3523.3336
B0008611,87.6281,1,818.5815,6.7613,2,16,6,4,1,5.4143,3938.5022
B0004512,88.0874,1,2926.3575,21.9433,2,11,6,3,1,5.881,3476.3207
B0016542,152.7479,23,2798.0869,11.9222,5,19,4,2,1,6.7268,4379.3962
B0001278,121.8436,9,2591.7342,13.2681,2,21,5,3,1,5.524,4224.8125
B0022191,88.6574,25,2709.0252,20.7192,3,20,4,3,1,5.867,2955.9962
B0001383,109.2374,32,1734.1744,15.1846,4,28,8,1,1,6.1072,3649.5144
B0021964,124.3825,15,2173.206,19.2874,3,13,5,4,1,5.8124,3811.1562
B0013753,93.3388,18,2154.5055,9.144,3,27,8,3,1,4.8365,3598.4385
B0012287,101.1064,31,3454.9602,21.7074,3,1,6,2,0,6.2822,2757.6236
B0018758,68.8726,19,120.0,3.1912,1,24,13,3,1,5.8009,3871.733
B0009416,80.8506,28,3063.7063,24.5313,3,21,4,1,1,3.2212,2325.5934
B0003512,35.2551,23,3287.7359,22.9634,1,8,2,2,1,5.6639,997.4884
B0022156,135.6207,13,793.6529,10.5437,4,10,8,2,1,6.074,4530.9038
B0005084,99.4611,12,1357.7908,14.4059,3,17,12,4,1,6.1575,4423.6035
B0011306,89.8647,17,479.4439,1.5208,2,18,13,2,1,7.4189,4190.6441
B0016362,61.5187,3,120.0,8.8044,3,1,6,2,0,6.4764,3176.283
B0021491,90.3894,14,1132.784,8.8713,3,17,13,2,1,5.9216,3863.6195
B0006451,118.0754,13,1831.699,10.2198,3,4,6,3,0,5.1015,3926.2467
B0002972,78.0105,31,3030.6999,17.8451,2,24,1,2,1,4.495,2355.6058
B0007509,145.8396,16,120.0,6.3064,4,4,12,3,0,6.194,5679.3148
B0007188,108.4131,12,859.5382,5.9229,3,7,11,3,1,7.0204,4550.4548
B0007948,42.534,6,1775.7134,6.8387,1,1,16,4,0,4.5518,2640.026
B0010249,37.8827,14,1875.2204,14.9517,2,4,7,1,0,4.0069,1621.3233
B0019978,55.0414,4,201.1288,4.8489,2,14,13,3,1,3.8556,3316.1522
B0016735,39.7195,17,1836.3596,9.7184,1,19,10,2,1,4.0154,2409.1319
B0012827,148.3279,17,2358.1459,10.219,4,9,10,2,1,5.0459,4471.4422
B0005000,87.939,31,682.3303,5.6163,4,2,13,2,0,5.9415,3789.0573
B0005349,49.7366,2,3285.8856,22.2341,3,8,8,3,1,5.0909,2461.2054
B0011506,103.5829,10,2828.7601,15.1055,4,23,7,3,1,6.7267,3901.0679
B0011086,91.3696,9,3059.8478,21.5089,3,6,2,2,1,5.3445,2821.2047
B0002274,43.3128,17,131.5778,4.9727,1,28,7,1,0,4.9978,2093.9465
B0010445,55.7613,26,2728.6262,11.5916,2,9,9,1,0,5.7756,2323.9257
B0005887,100.3711,5,3113.8044,10.5147,3,11,7,4,0,6.4193,3916.7408
B0004342,75.1806,6,1090.7809,17.2568,2,18,6,2,1,5.0785,3238.6271
B0007649,91.4098,28,2275.386,16.2448,4,5,3,1,0,3.9336,2934.6957
B0006267,61.5735,20,1566.6829,16.5083,2,4,10,4,0,5.4703,2747.19
B0017506,39.7163,21,3157.1056,21.717,1,6,3,1,1,4.853,1166.339
B0001054,52.4404,16,2640.2144,9.1204,2,26,10,3,0,4.09,2637.5585
B0011402,43.3302,7,2144.0335,3.5532,1,13,11,2,1,3.7391,2608.4297
B0007586,46.2656,30,2830.1693,20.7699,1,24,3,1,1,5.0,1518.6387
B0002687,57.6394,4,1878.5948,16.5587,1,28,4,4,1,5.2172,2726.4178
B0014765,53.7122,10,1403.2218,4.282,2,26,12,2,1,4.4454,3008.7591
B0013281,153.8937,12,120.0,10.068,5,6,11,4,0,5.7813,5917.9684
B0014614,69.2428,2,1839.7617,8.7633,1,21,7,2,1,6.0937,2965.5868
B0021496,105.3293,24,1049.8253,8.8422,3,18,12,3,1,5.7191,4173.4521
B0008689,63.4989,4,2044.0781,8.7419,2,2,14,3,0,5.8566,3201.1723
B0007904,45.3223,25,1905.4758,15.9089,1,14,4,1,1,5.7543,1704.4817
B0003298,88.4329,19,120.0,6.5591,2,23,12,5,1,5.7241,4459.5001
B0006354,79.5508,26,2502.9372,17.6976,3,17,8,2,1,6.989,2800.1207
B0017639,52.2408,4,865.9545,9.753,1,25,8,3,1,5.0581,3032.201
B0011548,139.0693,24,1969.4091,16.5822,5,19,9,3,1,6.577,4395.0417
B0001075,114.3965,16,2705.4683,24.2159,4,16,5,3,1,5.0627,3462.7514
B0005392,128.5386,23,3124.3783,18.0223,4,6,7,3,1,4.2039,3742.0091
B0008210,56.3774,6,806.5477,2.4477,2,28,14,2,1,6.9453,3669.1126
B0004375,154.5027,11,1898.7529,9.6986,4,24,7,3,1,7.0789,5183.3824
B0001109,54.886,27,1239.2208,6.6997,2,1,11,2,0,5.4865,2326.5682
B0006888,69.4193,9,2907.7489,13.4844,2,18,8,3,1,4.2042,2993.9333
B0008773,72.3915,12,2011.2827,7.5038,2,15,8,1,0,4.0934,2736.1808
B0016485,112.0806,29,1003.0644,9.8964,3,1,9,4,0,6.6387,3767.9994
B0012381,59.7616,15,1600.1075,12.1463,1,17,8,2,1,4.8702,2949.5357
B0001825,62.5858,32,1556.6177,8.1134,2,1,11,2,0,4.5687,2456.1809
B0004032,62.6932,32,1476.3113,8.0344,1,26,7,1,1,8.052,2355.1262
B0010432,63.5854,3,2353.0665,23.2059,1,20,2,3,1,5.6598,2462.1291
B0021002,110.1499,10,3725.9813,20.2153,4,4,2,2,0,4.7232,3152.4354
B0018457,73.2847,32,1536.1905,11.3707,2,15,11,1,0,5.8848,2717.5875
B0000028,71.0612,23,120.0,2.6654,3,14,16,3,1,8.6,3803.2267
B0005268,84.721,25,2924.8597,15.3119,3,15,6,2,1,4.5731,2881.628
B0014167,136.341,19,120.0,5.8226,4,22,14,4,1,8.549,5824.609
B0007983,60.7074,24,1445.6866,3.7004,1,5,12,3,0,6.2383,2826.2373
B0010861,52.1032,28,3753.1843,20.2068,2,24,5,3,1,3.4076,2060.3573
B0004105,98.939,13,1396.1745,3.8345,4,11,12,3,1,4.7496,4302.5174
B0004894,129.8789,26,120.0,10.7862,4,17,10,3,1,5.8232,4929.8818
B0020376,144.3718,16,2511.7868,13.5648,4,9,8,2,1,6.5919,4550.3563
B0013451,64.6822,28,268.2203,8.4584,2,8,13,2,0,5.7295,3010.8423
B0012306,68.9381,21,849.6493,6.7313,2,24,11,2,1,5.9141,3473.4845
B0006376,116.4989,10,624.7055,6.3848,4,9,7,3,1,7.7171,4400.8905
B0018699,72.565,26,2592.1489,19.9797,3,27,5,3,1,4.7878,2666.7013
B0008539,110.906,28,1834.6388,3.4465,3,28,11,2,1,6.5187,4088.3127
B0000163,93.6357,24,2886.1722,22.4164,3,11,5,1,1,4.9988,2632.4455
B0000885,98.3731,9,2201.0045,22.901,3,23,0,3,1,6.4259,3354.0051
B0003759,98.815,8,3496.9468,21.6574,3,23,6,2,1,4.8413,3484.7592
B0006389,111.5192,9,1816.5426,19.2187,3,14,7,2,1,4.1584,3686.4841
B0011193,84.1305,22,1096.4171,1.5773,2,4,11,3,0,5.5505,3435.2374
B0001012,100.073,32,2617.4333,16.0937,4,13,7,2,1,6.7128,3228.3972
B0000328,107.9343,30,3138.6657,22.052,4,12,7,1,0,5.3489,2969.8915
B0013365,145.3525,9,3019.8956,13.8498,5,7,5,2,0,7.2601,4588.1406
B0010043,121.2558,22,842.986,2.0375,3,15,16,3,1,6.6064,4876.6112
B0006444,129.6929,21,2410.8637,21.7301,3,9,4,2,0,7.2176,3534.679
B0021564,115.771,22,256.8847,6.3338,4,11,12,1,1,7.1234,4309.6685
B0002540,109.3071,32,2522.9677,7.9098,4,21,8,1,1,6.0494,3464.6669
B0004831,45.6509,12,1366.1122,10.6826,2,15,10,4,0,5.4451,2184.6118
B0014440,104.5503,17,2728.5493,21.3967,3,3,3,3,0,5.5063,3269.7242
B0018340,84.2564,25,955.1667,2.9454,1,2,11,1,1,4.4194,3179.7847
B0006184,131.566,22,2914.0562,23.1104,5,7,1,4,0,4.6746,3745.1926
B0000973,54.4964,21,3810.2359,14.5326,2,9,6,3,1,4.4688,2140.3766
B0012250,40.0773,5,1314.2594,3.6318,1,28,12,2,1,4.3295,2826.0117
B0002784,87.4304,8,1404.5584,17.2501,3,17,9,3,1,5.715,3623.7921
B0005139,64.666,32,3182.8413,24.9715,2,24,1,2,1,3.7234,1966.8273
B0010848,125.0771,20,1107.6151,16.3008,3,22,7,2,1,5.2816,4292.3146
B0010985,76.0009,28,1678.0099,18.2413,2,2,3,4,0,6.6429,2579.4366
B0000176,141.792,3,658.2275,6.2702,4,8,13,4,1,8.5291,5344.2798
B0021825,121.4842,25,120.0,3.5278,3,19,10,1,1,7.1991,4795.7501
B0000238,40.5574,27,4900.0,23.1812,2,13,4,1,1,4.8351,1319.9642
B0000783,146.573,23,3499.6258,24.9992,5,20,1,3,1,4.136,3917.926
B0001490,98.7201,25,2213.9037,12.0447,2,1,3,1,0,4.869,2908.1409
B0002779,67.997,4,3432.9816,24.312,2,18,5,5,1,5.1893,2805.1236
B0013441,49.8815,28,3589.2507,9.7429,1,11,8,2,0,4.0823,1613.3575
B0005364,84.4537,30,463.4473,6.0516,3,4,14,1,0,4.8833,3340.34
B0014798,142.1336,10,1902.8666,16.9873,4,1,8,1,0,7.2641,4390.7781
B0008083,92.2009,24,3202.0041,21.612,3,3,4,4,0,5.2441,2819.1064
B0004321,36.6821,0,1193.5467,5.0468,1,13,12,4,0,4.2657,2537.7177
B0004507,129.6266,5,1227.3966,9.6204,4,24,7,3,1,4.8631,4756.9608
B0004667,86.8511,27,3795.1164,22.284,2,10,4,3,0,4.7565,2592.7365
B0015762,94.4124,0,3708.9431,19.0687,2,4,9,4,0,5.663,3699.0954
B0005520,92.2385,7,1962.5618,14.114,2,3,12,3,0,6.4821,3778.228
B0005892,124.4167,11,3651.8915,23.2543,3,2,1,3,0,6.1426,3681.8375
B0013220,108.1376,25,1306.253,15.2448,4,23,6,4,1,5.4342,3764.6746
B0020853,106.2368,10,2668.2286,22.1307,3,3,1,5,0,7.214,3589.4679
B0003768,140.1337,17,3865.4851,21.8511,4,23,1,3,1,5.4029,4235.486
B0020966,122.8338,27,2433.6801,11.6571,3,19,4,2,1,4.4567,3535.5593
B0008734,41.1002,11,341.0125,1.6227,1,8,15,2,1,5.1368,2600.0162
B0005551,97.0273,5,2590.9201,4.9252,4,28,11,3,1,7.1111,4295.6891
B0018557,38.6987,3,2112.3797,9.957,2,7,7,3,1,4.7324,2257.8254
B0015629,114.5162,2,2795.0451,24.3571,4,22,3,4,1,8.1238,4322.15
B0007410,50.6095,18,222.5356,2.808,1,17,14,2,1,4.0501,3142.5726
B0012084,142.0927,4,3004.771,22.0124,4,11,1,3,1,6.8703,4116.1776
B0016989,62.9984,16,702.7495,3.7369,2,9,9,3,1,6.0925,3247.7721
B0004618,134.1196,9,1937.4571,11.4379,4,3,8,2,1,4.6652,4279.6467
B0013055,127.7674,23,120.0,10.8173,4,13,7,3,1,7.1692,4844.769
B0010564,69.8186,30,120.0,5.9642,2,16,12,2,1,7.6614,3243.3915
B0007648,76.4755,4,2623.972,16.8879,3,19,8,4,1,6.4627,3349.7139
B0012932,137.7113,2,896.4159,7.6689,4,25,9,4,1,7.1137,5533.6482
B0001897,98.7379,29,1857.0187,19.0985,3,27,5,2,1,5.1829,3161.6371
B0014661,136.9657,29,1309.5288,8.0729,4,14,6,3,1,4.7408,4018.7033
B0010142,132.176,23,3693.568,17.8334,3,3,5,4,0,5.4414,3854.087
B0018453,85.4166,28,411.9892,6.4415,2,23,10,3,1,4.9967,3827.3747
B0010980,150.4056,22,1160.8011,4.6962,5,16,9,3,1,6.1947,4915.6824
B0013416,129.4646,29,1785.5983,10.2458,4,13,9,3,0,8.6,4177.7075
B0001973,127.7037,31,3430.4269,21.9258,4,26,5,1,1,4.6324,3544.325
B0007227,136.1423,23,3245.4491,17.1688,5,25,6,1,1,5.1984,3953.7404
B0012373,54.2371,11,3157.645,21.2499,1,18,6,3,1,5.8931,2285.2868
B0021293,147.8221,23,956.2723,13.272,4,7,5,3,1,6.7128,4624.291
B0004219,96.0808,7,210.8998,7.6129,2,7,11,4,0,6.0805,4453.6856
B0010161,106.9072,8,2502.2288,4.2476,2,8,11,3,0,4.9539,4084.6835
B0007990,87.88,19,1495.8928,16.6413,3,25,6,4,1,3.7917,3299.7712
B0014718,80.0324,15,1833.315,13.8094,3,26,9,4,1,4.6874,3662.3058
B0010570,68.9797,22,3574.9704,23.0302,3,15,5,3,1,7.8364,2355.5179
B0010767,131.7235,11,1341.3425,8.6655,4,20,10,2,1,6.0065,4645.8514
B0006299,109.1435,21,3174.8391,20.2348,4,4,5,2,0,5.3591,3358.0153
B0013332,58.7084,21,2531.5148,20.4897,1,1,5,1,0,4.3319,2013.8277
B0019635,119.5042,25,2863.7412,21.7101,3,26,4,1,1,5.8442,3590.4917
B0007919,111.0436,29,2344.7097,17.6495,3,24,9,2,1,5.7499,3463.3923
B0006935,93.3616,5,1433.4217,2.967,3,7,14,3,1,6.8734,4373.6099
B0019294,74.3586,9,1448.9746,10.2582,2,13,5,2,0,4.589,2807.4667
B0020673,90.9394,17,1021.9181,15.0437,3,20,5,2,1,4.6618,3569.2836
B0008793,151.6474,10,2417.2216,18.2176,5,26,5,3,1,6.1584,4791.1767
B0019162,134.0843,22,120.0,3.845,4,4,11,1,0,5.7511,4875.4055
B0015147,37.5716,16,382.9141,5.9967,1,13,12,3,0,5.2571,2240.6261
B0015534,138.7731,11,220.4318,13.092,4,8,13,4,0,6.6233,5304.258
B0016408,106.2819,27,2640.6915,13.504,3,11,8,2,0,6.8902,3425.4307
B0002987,143.0647,23,120.0,8.1333,4,13,9,3,1,5.1743,4926.7519
B0017246,35.7659,31,959.0176,1.5002,1,14,14,3,1,4.6499,2245.0585
B0018809,40.6871,21,1508.1446,14.5804,1,16,6,2,1,6.6582,1717.4984
B0004241,69.54,6,3723.8493,16.7883,3,14,9,4,1,5.1651,3276.8175
B0020831,142.2647,15,1951.7203,20.9325,5,21,2,5,1,4.7801,4413.3292
B0005614,56.1196,14,209.074,4.3913,2,8,11,3,0,4.2363,3108.7282
B0016799,105.9242,5,1108.9689,10.2131,2,6,8,3,0,6.1039,4109.7238
B0006039,58.2365,7,2382.8852,8.7751,2,13,9,4,1,4.1623,2741.2693
B0022112,151.8898,4,120.0,2.8863,4,19,12,4,1,5.5317,6175.2305
B0011375,150.6442,14,2746.3001,13.6595,4,5,10,3,0,7.1539,4560.7303
B0000115,147.5712,29,3014.0023,8.4225,4,5,10,3,0,4.714,4263.6274
B0001137,82.9166,30,2294.648,21.7129,2,8,4,3,1,6.0239,2568.1516
B0016881,51.5838,9,2920.0484,8.1073,2,2,11,4,0,5.0695,2751.1709
B0005155,35.6262,10,2440.3914,18.541,2,19,7,4,1,4.6525,1836.9725
B0022124,88.5891,6,2505.6028,24.6996,2,17,3,4,1,4.6816,3233.6945
B0009684,46.3926,4,3263.7201,22.842,1,24,2,3,1,5.8273,2223.3994
B0005769,114.1996,20,2485.0079,7.4383,3,5,8,2,1,6.3944,3786.5942
B0019353,57.3864,18,1901.9706,15.3239,2,23,6,4,1,5.8555,2723.8465
B0002332,142.9886,20,745.9707,15.4394,4,9,8,2,0,7.0122,4414.7752
B0008028,45.7247,0,1914.529,10.5447,2,13,9,2,1,4.3715,2280.6864
B0003444,128.7065,5,3071.7354,14.9106,4,11,5,2,1,5.8603,3902.0268
B0013071,95.7705,3,943.9177,3.3684,2,7,9,3,1,5.0516,4249.5019
B0007917,113.1899,19,4451.8937,22.9633,4,13,1,5,1,5.1324,3619.4783
B0009708,127.487,22,120.0,3.3503,3,7,13,1,1,6.7066,5018.4132
B0021914,149.4427,11,2928.2448,17.7415,5,14,6,2,1,6.1549,4423.4041
B0008437,97.0122,11,3878.0511,24.8359,3,21,3,4,1,3.6531,3397.0113
B0010109,39.9147,29,1276.2015,15.6622,1,3,6,1,0,4.3909,1412.3065
B0009278,125.9121,19,3307.8024,24.0237,4,19,6,3,1,8.1616,3953.1297
B0001144,150.149,16,3249.3355,22.573,5,16,0,4,1,5.753,4575.8282
B0008305,133.2383,27,2138.8406,9.4948,4,3,9,3,0,5.7011,4119.2971
B0018231,73.9113,9,2007.188,14.9511,2,19,9,3,1,5.997,3212.9789
B0019322,64.989,8,1133.6525,3.7187,2,2,9,4,0,5.1888,3259.7986
B0015793,46.3412,19,3510.9724,23.9307,2,3,1,2,0,3.9384,1723.5808
B0003150,144.2085,11,3242.3011,17.0944,3,17,3,3,1,7.7114,4201.2049
B0005655,121.0549,19,1307.2535,12.4945,3,25,10,2,1,6.4863,4493.784
B0008977,149.158,28,2318.7245,17.5008,4,11,8,1,0,5.8595,3979.1906
B0002135,116.1352,19,654.7792,3.6067,3,15,15,5,1,4.86,5015.4495
B0013227,48.311,16,3284.5903,14.855,1,9,5,1,0,2.4,1698.5995
B0009610,142.5011,16,1068.1668,7.5422,4,10,7,1,1,6.0111,4367.2158
B0015223,144.8499,25,1203.7843,6.9973,4,16,11,3,1,7.0296,4672.5486
B0022038,102.4065,30,4268.9021,21.7681,3,18,1,3,1,6.0827,2929.3724
B0006667,55.6803,18,1829.0948,3.7838,2,2,13,2,1,3.655,2812.5389
B0017505,46.9634,23,665.9134,6.7059,2,19,13,3,1,5.924,2675.2253
B0021587,77.8962,0,120.0,5.8919,2,27,10,4,1,4.9213,4235.4951
B0002850,107.1137,2,3847.4813,17.2431,3,3,4,5,0,5.1778,3988.0739
B0013884,126.1431,13,2930.167,23.6444,4,9,2,3,0,4.9685,3708.8593
B0016855,146.6243,30,2875.4096,21.8088,5,9,4,1,1,6.4185,3629.5036
B0012267,136.1795,31,574.8004,6.5975,4,21,10,4,1,5.8867,4727.0955
B0018001,93.2405,21,3523.9909,21.7088,3,4,7,3,0,5.2939,3201.1387
B0019323,127.7872,12,120.0,9.1291,4,16,12,4,1,5.8479,5430.7875
B0012142,97.4151,15,3106.8871,17.9015,3,5,3,3,0,4.9059,3229.1043
B0011294,123.8327,26,2817.5587,21.2657,4,12,6,4,0,5.6157,3294.3762
B0017966,60.803,2,753.7303,6.7949,2,15,8,4,1,4.0968,3337.6118
B0012650,65.8556,27,1768.3619,17.1609,2,17,4,2,1,5.7303,2564.7964
B0017624,120.3604,18,3740.881,24.3031,3,24,3,2,1,4.7777,3587.0826
B0010308,79.0327,31,1977.9716,1.562,2,14,12,3,1,5.3638,3207.8113
B0018970,35.1642,32,2331.3929,23.8571,2,12,5,3,1,3.6779,1256.7532
B0013256,87.5651,25,1747.1854,20.0716,3,23,5,2,1,3.783,3090.1576
B0002190,153.832,1,2616.9809,16.341,5,15,6,3,1,4.0963,4687.2176
B0010726,148.4934,23,120.0,8.2247,5,22,10,2,1,5.7948,5455.8971
B0017629,128.7087,6,1849.4673,17.3633,4,8,6,3,1,4.3326,4143.2769
B0018421,144.5569,4,620.0738,4.1522,3,13,15,4,1,6.9631,5436.3416
B0010645,58.9521,20,2181.4375,15.8046,2,1,7,3,0,4.5625,2270.0497
B0021528,43.4342,22,2725.499,19.3169,1,11,2,2,0,5.9824,1286.5941
B0008771,65.8636,30,1738.8347,16.2679,3,10,5,4,0,7.2733,2193.9724
B0021008,104.9282,12,1995.9602,6.7013,2,16,9,3,1,5.9846,4260.6959
B0022435,140.411,30,2829.4023,24.3021,5,12,7,3,0,5.0408,3652.7555
B0001067,84.7901,25,2074.6317,5.0403,2,18,13,2,1,5.6292,3405.4774
B0008085,123.8998,20,2225.81,24.8068,4,9,3,1,0,6.5675,3343.3327
B0019263,50.0077,21,2897.228,24.5868,2,9,7,4,0,5.2424,2133.691
B0014598,105.1627,13,2307.1498,17.1048,4,16,7,2,1,6.7951,3712.8879
B0009919,64.0285,7,2457.5558,24.212,3,4,5,4,1,4.0402,2558.0131
B0002542,139.8721,31,415.542,2.4445,5,17,14,1,1,6.6843,4923.1292
B0009009,37.1973,2,2802.5969,18.8079,1,22,2,3,1,5.5414,1856.6382
B0000198,137.0731,27,120.0,3.0195,5,14,13,3,1,6.044,5404.5365
B0019368,137.3966,9,1175.3132,3.1901,4,28,12,4,1,7.4876,5375.9919
B0001799,150.5262,0,4655.7822,13.5564,5,19,7,3,1,4.8497,4705.1147
B0012532,144.4409,20,303.6906,1.6932,4,4,12,3,0,7.5198,5453.9898
B0019025,138.0686,23,1343.3266,17.0592,4,7,6,2,0,5.4643,3896.2358
B0021128,135.5667,9,2143.1156,13.6569,4,27,7,2,1,7.6921,4672.193
B0013446,62.9406,8,2926.7657,23.5915,1,15,2,4,1,5.9106,2672.3026
B0009942,145.877,10,1881.6844,8.3464,5,7,9,4,1,5.7216,5238.0001
B0001776,116.323,26,956.5869,6.2981,4,3,12,2,0,5.7421,3851.7392
B0008193,39.3314,2,3161.6054,22.8195,2,4,5,3,1,4.9669,1958.2304
B0012987,48.168,19,2803.0001,16.2907,2,4,8,2,0,6.4623,2019.228
B0010225,38.6638,17,2046.5882,18.7729,1,28,6,1,1,5.0982,1940.5219
B0014327,88.9695,32,792.6521,8.867,3,2,11,2,0,6.7318,3363.1902
B0000278,56.8987,18,3326.3932,17.4667,1,7,9,3,1,5.0582,2365.0744
B0009006,55.4686,13,2361.0839,19.5134,2,12,5,3,1,5.4822,2386.6679
B0020893,36.5138,22,3204.2173,22.0109,1,13,2,3,1,3.7305,1348.7387
B0011417,74.9,11,2967.0958,8.0174,4,17,8,4,1,4.7163,3411.2733
B0013149,54.1602,4,2531.0548,19.1161,3,13,7,5,1,3.3368,2693.5217
B0013219,127.8747,27,2216.5255,16.619,3,18,6,3,1,5.7398,3978.295
B0000105,87.3406,9,2375.8657,3.7363,3,3,11,3,0,5.1409,3946.4121
B0013041,43.9377,2,2123.3101,16.9348,1,5,2,3,1,3.9214,2062.8906
B0012773,153.2219,12,252.8979,4.8619,4,5,10,2,1,6.1382,5467.6893
B0020435,139.2926,8,1391.2928,6.5611,5,20,13,2,1,6.5075,5224.5626
B0014034,108.2078,24,1726.2975,9.2116,4,14,8,1,1,6.6299,3921.306
B0004697,103.6562,17,120.0,3.623,3,1,13,3,1,4.4636,4522.364
B0012357,59.2071,24,985.0753,16.5852,2,7,6,2,1,3.5512,2148.6963
B0012898,147.1881,15,3449.445,24.5973,3,20,4,1,1,6.6511,4134.9757
B0015958,43.684,28,120.0,2.9508,1,12,14,3,1,5.2965,2581.7595
B0015790,125.809,8,3887.1911,24.4933,3,18,3,2,1,6.3619,3617.862
B0001098,101.6982,13,2002.317,17.6258,2,1,9,3,0,6.5615,3604.1281
B0000710,111.5422,10,1514.2175,6.4461,4,16,11,3,1,5.2587,4485.6824
B0009818,95.3001,19,968.1371,8.36,3,12,8,2,1,5.4482,3717.5975
B0021549,69.2873,14,1563.9923,3.6026,2,13,9,3,1,5.6354,3265.6853
B0015059,121.6563,19,1532.3105,4.1745,4,22,9,4,1,5.6172,4646.8835
B0007064,132.0756,26,562.351,5.5554,5,23,8,2,1,5.7428,4682.8211
B0014236,130.3786,25,1356.0204,8.1468,5,18,13,2,1,6.3137,4606.8776
B0014063,111.6535,25,2868.934,13.9134,2,28,9,1,1,6.7298,3808.4683
B0020195,64.1141,13,1765.1873,3.1505,2,24,11,3,1,3.8642,3261.6403
B0009448,99.3258,30,2399.3631,10.2376,3,22,9,5,1,6.8093,3676.2643
B0008112,60.0593,12,1861.6517,22.7399,3,28,3,3,1,4.0436,2613.4351
B0017660,134.116,21,1816.7813,23.4611,4,8,3,4,0,5.8799,3771.0157
B0010868,96.0611,22,2825.3662,18.3404,4,26,6,2,1,5.4859,3564.2504
B0000405,67.0954,5,278.1326,2.3947,2,6,13,5,0,6.1586,3960.3444
B0001781,126.7994,30,658.5639,4.6344,4,2,11,3,0,7.4221,4445.516
B0001660,92.7876,10,3229.7813,23.5644,2,23,4,4,1,5.0471,3254.0264
B0008410,77.7789,1,2721.5203,24.8607,2,7,2,3,1,3.9536,2946.8828
B0010202,92.164,14,3353.4153,17.8128,3,22,5,4,1,4.5864,3115.1215
B0003198,64.198,6,2506.3822,18.1265,2,10,7,2,1,7.2507,2727.5781
B0006482,83.3127,24,1190.5956,13.9172,3,13,5,1,0,4.9654,2866.1081
B0019841,53.2052,24,1068.3192,2.5074,1,22,11,1,1,6.1478,2768.8525
B0007185,141.321,3,511.8181,5.8802,4,9,10,4,1,6.5597,5225.5949
B0017628,144.8887,25,4647.0055,23.7557,4,5,3,4,0,5.8848,3648.3452
B0009314,96.7702,25,3001.5907,24.1748,3,6,2,1,0,5.3797,2556.2665
B0022405,35.5003,19,2809.0727,23.262,1,19,7,2,1,3.5662,1671.9542
B0014339,100.9915,19,1433.2401,6.9256,3,12,12,4,1,5.054,4075.1356
B0010189,64.4385,7,2232.5427,17.6977,1,3,7,4,0,4.4982,2712.9541
B0001411,56.8978,21,3680.1071,22.9344,2,21,0,3,1,3.4198,1939.122
B0021931,87.9253,28,1208.2526,11.9622,3,9,6,3,0,6.8883,3061.3956
B0007967,76.2438,22,3485.035,20.1206,2,9,2,2,1,4.5933,2541.0196
B0022019,52.4611,13,3774.186,22.1846,1,28,3,3,1,3.9454,2036.168
B0011847,111.0742,9,4023.217,24.1983,3,2,0,2,1,5.5236,3429.7127
B0016252,119.8986,19,1492.5132,11.2093,3,20,8,1,1,6.2806,4158.9377
B0005465,118.7495,31,2111.3325,4.5533,3,14,15,4,1,5.0192,4189.8686
B0005360,70.7566,2,2773.8403,16.4284,2,21,6,3,1,6.8908,3072.4204
B0005666,148.1311,23,3690.5448,24.3039,3,7,1,1,1,5.121,3964.2645
B0020260,119.8983,19,1205.0847,10.656,3,12,7,4,0,4.8543,3896.3566
B0012867,41.279,12,2639.9203,18.2984,1,4,5,3,0,5.7977,1917.0562
B0022420,66.4199,20,3014.3385,24.5486,1,13,6,3,0,5.3661,2342.3044
B0010394,35.1726,17,3041.952,23.4871,1,4,0,3,1,5.1957,1053.9207
B0002766,45.6542,8,4149.971,22.9026,1,6,2,2,0,4.7439,1656.1734
B0008005,114.0192,32,987.5379,4.5682,2,4,11,2,0,5.494,3883.4592
B0015278,143.8568,19,885.0031,9.6519,5,18,11,2,1,5.2467,4951.2095
B0019911,74.4568,22,2227.9075,18.2489,2,5,4,3,0,5.5246,2456.7759
B0014463,40.1323,11,676.1574,1.8524,2,22,13,4,1,3.835,2879.495
B0016478,94.4166,7,3189.9494,23.6391,3,4,1,3,0,5.0552,2996.1321
B0020762,151.7891,23,1848.0607,19.0459,5,2,1,2,0,6.9776,3977.3219
B0016085,94.0855,3,474.7051,10.977,3,7,9,3,1,4.9087,4328.1026
B0017335,77.5986,24,120.0,1.729,2,19,13,2,1,5.7118,3871.9456
B0006611,61.4361,10,4382.2016,18.1382,2,24,2,3,1,5.0045,2727.8961
B0020633,110.3155,31,120.0,6.9292,4,12,12,3,1,6.6472,4517.2131
B0015886,54.5897,25,3649.1763,12.6728,2,17,4,2,1,6.8209,2157.0597
B0016646,143.6123,25,2658.2179,22.4645,4,10,6,1,1,5.7858,3779.4914
B0014604,93.8051,13,3004.6056,22.4106,2,23,3,1,1,5.0952,3125.4869
B0014573,43.3648,26,4437.4285,24.5115,1,25,5,3,1,3.0464,1697.3757
B0015105,125.9918,2,3200.7221,15.1938,4,20,4,3,1,4.742,4166.7798
B0012044,36.3062,1,1443.8216,13.4403,1,25,9,3,1,2.9442,2246.905
B0009899,109.2529,29,120.0,14.3371,3,6,9,3,0,4.787,4091.0467
B0007825,128.8455,9,1779.7491,1.8418,5,2,12,4,0,6.4847,4920.2786
B0008179,86.0682,8,2600.5808,19.4392,3,28,4,3,1,3.9555,3246.8979
B0001639,53.9497,29,2836.2971,16.4867,1,13,3,2,0,5.8845,1559.1553
B0004997,76.6083,23,2734.8801,21.7349,2,17,10,5,1,4.7177,3200.9407
B0006404,149.8295,29,2597.1029,16.5434,5,19,9,1,1,4.4909,4155.4183
B0012910,130.5132,19,2507.8491,11.7281,3,24,7,4,1,5.8827,4387.6488
B0000086,78.2278,7,846.1706,4.5941,2,18,15,3,1,6.1939,3840.2977
B0021666,87.332,2,3126.3511,19.4956,3,1,5,3,0,7.3969,3226.0789
B0000758,76.3364,16,2944.4323,17.5209,2,27,7,1,1,3.7011,2624.6185
B0022061,50.9885,7,2779.0765,13.7583,2,22,9,3,1,3.3743,2762.1154
B0006901,91.1436,23,1914.1519,20.852,3,14,5,3,1,6.4694,3025.4263
B0006719,93.8859,13,1996.2657,16.0515,3,25,5,1,1,7.3437,3500.1183
B0020166,84.3014,8,2119.6684,24.6271,2,18,5,3,1,4.1929,3141.4501
B0014393,65.4821,20,1395.6275,18.0537,2,7,7,3,1,3.439,2546.3948
B0000913,75.3159,27,356.1724,5.5118,2,26,9,3,1,5.5858,3383.1019
B0021292,114.3825,18,1158.2348,17.682,4,14,3,2,1,3.8019,3990.7806
B0016694,136.7455,24,2460.2473,13.8802,4,19,7,3,1,6.2308,4199.5349
B0016338,57.4388,14,724.5738,14.8934,2,8,10,3,1,7.2966,2897.5596
B0018558,99.9039,27,3172.4663,20.9714,3,7,0,2,0,4.6038,2674.292
B0005920,54.1512,31,3699.0065,20.0534,2,21,2,3,1,4.6687,1512.9154
B0015219,76.6644,21,2600.2819,10.8149,2,27,8,2,1,5.1284,3254.9402
B0020013,39.6865,5,3157.1833,23.2245,1,3,6,3,0,4.1935,1794.2281
B0006396,38.5057,7,924.6288,10.3718,1,10,9,3,1,4.47,2271.3926
B0001832,101.7843,11,2041.9766,15.1296,3,20,8,1,1,5.187,3645.4801
B0007717,99.9563,23,2398.3525,20.7164,4,22,3,2,1,6.2162,3262.8754
B0007146,72.8606,18,3202.0928,23.6105,2,13,5,2,0,4.4931,2298.9155
B0008382,124.3686,26,1319.2884,4.8943,4,13,13,1,1,6.5019,4246.8573
B0009592,102.9771,16,1536.2908,14.936,4,10,8,2,1,5.0398,3794.7696
B0003792,41.2251,21,645.2977,10.9739,1,11,7,3,1,4.3344,2210.5029
B0010554,85.7548,26,3062.4661,19.7936,2,11,4,2,0,3.9393,2446.6403
B0020860,77.0941,21,3124.283,18.5662,3,22,5,3,1,5.2053,2976.8674
B0015496,61.3092,10,1947.6071,16.4589,1,20,6,2,1,5.8002,2628.7121
B0012706,150.4627,5,436.7501,7.9207,5,23,10,2,1,5.4092,5787.8455
B0000139,108.3457,8,1579.9554,4.999,3,15,11,4,1,4.9704,4675.5551
B0011310,69.9922,26,2595.8746,16.9294,2,7,6,4,1,6.8986,2636.3269
B0006260,148.9585,21,1537.0555,1.6476,5,5,14,4,0,6.9007,5091.4807
B0016417,75.6575,22,2355.7547,14.8697,3,24,7,3,1,4.41,3018.4613
B0017392,78.2361,28,1254.0125,18.8727,2,20,6,2,1,4.783,2893.0108
B0014560,119.7505,19,1969.5031,13.0253,5,2,8,4,0,6.5523,4223.1483
B0004784,93.489,28,1558.9249,8.6699,3,6,7,1,0,5.4402,2835.8492
B0015215,136.8138,21,1169.4257,5.1757,3,10,9,2,0,6.8777,4429.2305
B0002475,105.295,1,3213.5703,16.6909,4,24,7,3,1,5.6076,3764.7855
B0007995,50.3804,4,1584.0676,3.4694,1,16,12,3,1,5.6987,3081.6903
B0008606,94.5759,10,2600.1315,16.6122,3,3,7,3,1,6.4309,3447.3931
B0021903,154.9162,12,622.9353,14.6765,5,28,8,1,1,4.8421,5369.3397
B0019951,62.2262,25,3005.747,21.9288,2,12,3,2,1,4.3956,2020.1237
B0021239,67.0066,29,1035.6695,6.1237,3,10,7,2,0,4.8561,2491.0231
B0003296,54.2254,24,2245.4993,11.8703,2,8,9,3,1,4.8552,2314.2463
B0016076,131.5172,6,1597.5207,14.8241,5,8,7,4,1,6.7771,4593.0968
B0016305,101.5997,9,3093.2513,19.5153,3,12,6,5,1,7.8602,3534.5005
B0007860,151.419,17,2846.8596,7.8716,5,16,9,2,1,6.4054,4742.4526
B0021575,68.9553,32,2486.0807,16.0522,2,7,5,2,0,3.7116,2233.2719
B0011565,154.6848,26,1340.7863,4.4494,4,26,14,1,1,6.2087,4714.5033
B0007950,66.7859,11,1978.1288,16.198,2,10,5,4,0,5.906,2745.1511
B0019566,47.8056,10,120.0,2.9887,1,9,13,3,0,4.0811,2865.721
B0012514,86.4368,25,2015.3541,10.3796,3,16,8,3,1,6.7303,3274.7534
B0008369,77.0629,5,120.0,11.095,2,22,8,5,1,6.1082,4168.1724
B0022456,149.0211,1,1289.5396,9.0003,4,26,14,2,1,7.0685,5376.7964
B0016734,62.8389,12,4583.2563,20.3308,2,10,8,3,0,5.6448,2375.5932
B0000774,98.3321,2,120.0,9.4313,3,14,13,5,1,6.2366,4872.8861
B0021477,50.692,9,1213.8369,15.0501,1,4,10,5,0,5.7321,2733.063
B0014884,45.8261,19,2005.339,21.4398,2,10,7,3,0,5.0111,1750.4039
B0018379,79.8717,0,1012.5461,10.1717,2,5,11,4,1,5.7336,3942.3946
B0006556,116.5691,1,1142.675,3.4811,4,17,13,2,1,6.0489,4667.7728
B0013954,134.3163,6,120.0,6.1889,4,23,12,4,1,7.7567,5566.1417
B0010804,107.1109,25,1772.8614,24.1408,2,6,4,2,1,2.5809,3120.96
B0009307,66.241,32,2843.5324,19.8421,2,9,3,2,1,6.1373,1695.1187
B0014125,135.3212,32,1930.7452,16.1758,4,23,9,1,1,6.3581,3877.1476
B0007547,146.2251,16,527.7246,1.5899,5,28,13,2,1,5.3625,5493.8489
B0022342,108.8768,20,2219.7783,10.5136,3,9,12,2,0,5.5769,3683.9009
B0010071,131.6796,12,271.9831,3.4301,4,9,15,3,1,6.0818,5424.5359
B0003959,59.1153,7,2435.6746,21.1028,1,10,3,3,1,3.2298,2469.9924
B0005876,63.7582,27,3422.28,22.4295,1,1,6,1,0,6.0326,1888.382
B0019394,62.708,23,120.0,4.6955,2,24,10,1,1,7.6106,3308.1366
B0008870,45.6084,12,2821.544,16.8827,1,6,5,4,0,3.2311,1884.2542
B0020811,66.7569,24,2061.105,14.1237,2,22,6,3,1,4.6249,2569.8752
B0005237,130.6041,6,2122.1262,14.9827,4,18,5,4,1,4.5954,4434.7431
B0001775,140.7527,31,120.0,1.7721,5,11,12,3,1,6.8492,5273.4257
B0006419,52.2692,31,3382.537,20.0177,2,17,6,1,0,4.4223,1570.3205
B0020899,154.0335,18,3142.5905,22.037,5,15,3,3,1,5.4205,4101.1368
B0012660,39.0937,25,1556.5248,2.2964,1,21,12,2,1,6.2191,2408.2811
B0019077,72.455,14,2057.3543,21.2783,2,18,6,3,1,6.0605,2964.9204
B0009330,126.0798,11,2283.2113,13.4564,4,25,13,4,1,5.9023,4570.6229
B0005225,82.5383,11,3904.3998,17.1482,2,22,6,2,1,6.3671,2937.6438
B0022404,73.9094,13,2123.0812,19.1262,2,22,8,3,1,4.1536,3020.9451
B0015481,130.5355,22,1172.7205,24.6139,5,9,5,2,1,6.7385,3848.44
B0018041,58.0439,6,2544.2412,19.6037,2,11,4,3,1,5.9149,2500.1744
B0021388,94.4734,6,1884.4877,18.0783,2,21,4,5,1,5.7252,3680.5602
B0015040,64.3102,14,494.7767,2.9463,2,17,10,4,1,6.0668,3692.0968
B0011703,84.9552,24,2729.1922,8.0096,3,23,11,3,1,4.386,3298.7846
B0013887,153.2928,11,120.0,3.4301,5,22,13,3,1,5.0381,6364.998
B0014235,45.8057,19,471.3728,10.7844,1,20,10,2,1,7.4303,2466.7705
B0015230,57.4631,11,1057.0339,3.3234,2,8,12,3,0,6.313,3134.9787
B0000235,83.0035,17,3133.5576,18.3277,3,10,6,4,1,4.8408,3117.4469
B0004780,108.791,29,1613.2514,11.5748,3,20,9,3,1,6.3224,3913.7078
B0005214,149.0562,25,294.8019,2.7899,5,5,11,3,1,5.8949,5488.4509
B0015126,118.1701,19,1256.1594,10.557,4,28,11,2,1,6.7185,4260.6465
B0005021,108.2909,1,2082.2009,24.4048,3,21,3,4,1,5.6992,3552.8468
B0012478,52.6696,16,1513.6568,11.2207,1,6,9,2,0,4.083,2418.6129
B0007280,143.1188,2,2643.9669,23.1935,5,1,0,5,0,5.4353,4343.4524
B0013297,153.6697,21,1878.2616,9.4755,5,23,9,2,1,7.9229,4820.9146
B0010327,140.4637,10,706.5429,11.2993,5,22,9,2,1,4.3786,5117.0561
B0002825,46.9004,29,2946.031,20.2724,2,4,4,2,0,3.8638,1389.9387
B0015490,100.0784,27,2873.4596,13.3631,3,18,8,2,1,6.2149,3321.7526
B0007691,66.8996,26,120.0,2.1442,2,5,13,3,0,4.2008,3454.9398
B0014917,77.3046,17,715.7806,12.297,3,3,8,4,0,7.3644,3461.215
B0010931,56.3663,30,2725.3785,21.4771,1,13,3,1,0,2.6715,1424.9468
B0000617,107.51,0,3889.1043,23.0537,2,8,4,4,1,7.2874,3302.8319
B0020010,112.0438,6,1474.5633,6.1589,3,8,11,2,1,5.8182,4180.7067
B0016517,132.7884,19,1636.2664,14.2232,3,6,8,1,0,7.3285,4167.2544
B0000413,110.0593,20,3774.9958,20.1467,4,16,0,3,1,5.9038,3637.3555
B0005514,63.5998,30,1562.4601,9.1827,2,3,14,3,0,7.001,3027.5826
B0020015,112.626,6,1460.2258,15.1274,3,21,9,2,1,5.5813,4238.9625
B0012963,138.4837,25,1675.631,14.248,4,24,9,3,1,4.7918,4670.5346
B0005306,84.0083,30,2611.7035,21.2663,3,21,2,1,1,7.043,2674.1078
B0003009,142.727,23,729.0148,6.0624,4,20,9,2,1,5.6252,4784.1179
B0001097,80.6409,12,2960.5683,24.5978,2,27,0,2,1,4.2094,2843.7954
B0001009,142.2791,24,1228.2154,4.9878,5,19,14,4,1,5.807,4963.7797
B0006747,48.5387,12,1571.1488,8.7674,2,25,9,2,1,4.2649,2688.7549
B0002312,36.0982,11,1681.9726,15.3845,1,2,7,3,1,4.4588,1752.3217
B0005127,88.1865,15,2167.1724,20.7971,3,3,6,2,0,6.0958,2788.6807
B0015018,129.4186,23,1583.8219,5.2363,4,3,14,1,0,4.6907,4317.226
B0009128,105.8827,7,3463.9098,21.1098,4,19,5,3,1,4.5056,3532.7321
B0004397,50.1553,16,2134.3866,22.9816,2,20,7,5,1,3.4118,2359.3172
B0000992,149.3986,31,2306.2154,17.629,5,15,7,2,0,7.4584,4100.3979
B0016367,113.4317,25,1556.7291,16.5447,5,18,8,3,1,5.3677,3945.8532
B0020497,70.4734,22,748.6637,12.7534,2,16,11,3,1,4.1524,3396.4029
B0017118,104.6908,3,3538.4974,23.0622,4,12,3,4,1,4.3638,3576.3243
B0015766,83.4732,30,2477.8333,11.1998,3,3,11,1,1,5.3502,2780.5772
B0022049,71.8281,29,4031.5003,17.6264,3,20,5,1,0,5.0774,2084.326
B0010052,85.7857,24,3037.1127,24.7455,3,16,3,2,1,3.4645,2701.88
B0015899,57.8037,16,2819.5876,11.0495,2,4,6,2,1,4.4451,2246.1417
B0022168,111.9575,22,2035.3732,9.1246,3,10,11,3,1,3.3202,4026.7649
B0001461,116.3931,16,4286.5452,23.8687,3,27,4,5,1,4.9731,3745.1432
B0021231,58.944,9,3778.073,23.0276,1,16,7,1,0,5.5984,2182.0693
B0016979,96.2549,8,382.9229,15.9236,3,12,5,4,1,3.5802,3987.7158
B0018620,92.6268,8,1309.6183,10.145,3,8,8,3,1,5.1491,3693.5651
B0012708,136.5683,4,2848.362,15.2411,4,22,5,4,1,5.5762,4423.6597
B0003574,99.9023,2,495.4215,9.5639,2,26,12,2,1,4.7035,4362.9258
B0011896,85.5487,31,120.0,5.6014,2,8,11,2,1,5.4589,3821.7527
B0013160,120.8628,18,3577.0025,22.0185,3,26,4,2,1,8.2287,3624.2624
B0004232,129.5575,6,776.5228,6.4148,4,15,9,3,1,4.9003,4819.1436
B0019462,103.2493,15,120.0,1.5068,4,14,12,2,1,6.1159,4791.6331
B0005909,99.6676,23,2176.5712,14.9424,3,22,8,3,1,4.7469,3337.2826
B0004817,39.4533,28,1813.0949,17.3558,2,28,5,2,1,5.0937,1767.1339
B0015546,67.9763,2,1294.3708,15.9192,2,27,6,3,1,5.5632,3255.8528
B0022270,87.4963,21,834.5156,11.8026,2,24,10,3,1,3.9577,3545.474
B0018282,141.8694,6,461.2065,9.8381,4,7,12,3,1,6.5059,5190.9398
B0016581,124.7216,8,1781.3243,6.2728,4,16,11,2,1,5.6375,4678.287
B0002501,135.1728,19,1506.3569,9.1836,5,12,8,3,0,6.2641,4587.4089
B0010795,106.9127,31,4070.1583,24.5471,3,9,3,2,0,6.6375,2740.0651
B0022008,85.4826,0,2549.2695,13.4562,2,12,13,4,1,5.0296,3828.9129
B0010084,113.6101,20,1338.0944,16.4399,3,13,4,2,1,5.9973,3593.9992
B0005178,45.9301,28,3269.5827,16.412,2,22,2,2,1,4.0486,1558.5521
B0015655,130.895,21,368.6326,4.6818,4,10,12,4,1,5.9337,5079.8212
B0006413,71.3635,25,1516.4251,10.1785,3,4,6,3,0,5.6984,2663.0944
B0001947,90.3675,22,155.4283,4.5292,4,5,12,2,1,6.4972,4143.5625
B0021550,100.3981,15,926.5119,3.2899,3,6,9,2,1,4.986,3950.9026
B0006320,58.3872,5,1998.9346,2.6306,1,13,12,4,1,4.8542,3340.0764
B0020922,144.2212,4,883.8487,2.9106,5,23,9,2,1,5.7573,5432.2111
B0013498,36.9828,19,2033.0236,14.1624,1,7,9,4,0,7.2587,1954.4751
B0016464,140.3733,20,142.8333,1.7908,3,7,13,5,1,6.6483,5538.6874
B0011611,143.1309,5,680.0298,12.7945,4,12,12,3,1,6.2347,5212.4149
B0002747,135.8855,15,2153.9347,22.6307,5,19,8,3,1,6.6366,4487.5357
B0003738,80.9384,4,4274.4836,21.9313,2,20,1,3,1,4.5348,3125.4276
B0006633,68.5369,20,2194.6282,15.0499,3,3,8,4,0,5.6117,2927.6194
B0021660,94.2725,24,3145.6337,19.5231,2,18,3,2,1,5.3983,2952.5308
B0000074,151.8661,11,120.0,1.8016,5,26,16,3,1,6.5521,6292.9286
B0003547,74.7763,1,2855.6101,7.3737,4,6,14,5,0,6.4736,3738.2634
B0014138,143.9347,15,1507.2396,15.8595,4,2,5,3,0,4.8006,4129.5576
B0000201,46.1343,32,4435.3483,22.8037,1,12,1,1,0,4.5766,1134.9165
B0009908,72.3402,7,471.2817,4.9358,2,11,13,1,1,4.668,3540.4117
B0005544,118.1438,7,410.7604,13.3704,4,23,10,2,1,6.7529,4832.2188
B0010117,63.3306,27,1288.0837,13.794,2,23,7,1,1,4.5469,2721.0439
B0018929,101.7865,6,1041.7544,16.8104,2,5,8,2,1,4.4733,3758.9607
B0015755,53.1984,29,2446.4323,15.7749,1,17,6,3,1,3.511,1814.7045
B0021317,116.7104,15,1875.4186,13.4319,4,18,11,3,1,4.2777,4434.128
B0010656,90.5162,7,3154.9762,22.9711,3,5,3,4,1,4.7018,3266.9082
B0018728,94.5451,25,3330.472,21.2183,3,21,0,2,1,4.4594,2930.1941
B0014697,105.3669,4,1841.7409,3.4694,2,9,16,3,1,5.7793,4356.1413
B0014404,108.3151,5,638.0767,11.37,3,2,11,3,1,7.2853,4308.1254
B0002587,72.9765,26,2346.5987,2.9584,2,3,8,1,0,5.4762,2927.658
B0001555,153.6567,8,1593.7968,8.0163,4,3,9,4,1,5.2562,5126.4723
B0009972,147.5079,26,3953.57,17.0565,4,17,2,3,1,4.2935,4151.7956
B0009576,154.6749,30,4714.7365,20.9536,5,11,3,4,0,5.4962,4021.7639
B0015983,122.1882,17,4065.9782,20.842,5,19,2,1,1,5.4077,3770.3369
B0018011,99.2543,22,120.0,3.6673,2,4,12,3,0,6.8481,4283.7574
B0001105,54.9855,9,1129.733,24.4774,1,1,6,4,0,4.8453,2205.8479
B0009611,62.9257,22,1455.1907,5.9284,2,13,10,3,1,5.3006,2821.6551
B0009302,150.9441,15,120.0,3.4972,4,21,15,3,1,7.331,5936.3554
B0020967,44.304,22,120.0,1.6457,1,8,13,3,1,4.4692,2936.4202
B0017738,91.0692,2,2685.3277,19.7403,4,28,5,4,1,4.7949,3855.3534
B0009327,80.2133,13,639.6369,5.9645,2,9,10,3,1,5.4782,3641.0463
B0009176,129.8736,25,4159.7536,24.1863,3,15,0,2,0,5.2264,3188.4605
B0001786,122.423,16,989.1834,13.2782,4,25,8,4,1,6.7537,4463.2033
B0013467,105.4209,18,3215.6014,22.0117,4,9,3,2,1,4.9868,3165.086
B0007463,139.7793,25,1768.2314,15.6088,5,4,6,2,1,6.3152,4069.8061
B0018575,141.9908,4,565.2274,9.4454,4,28,9,1,1,6.1688,5182.5266
B0009733,103.0485,16,413.4104,8.3598,4,9,10,3,0,6.0891,4336.4583
B0001890,100.3719,23,120.0,6.4709,2,13,9,2,0,5.6718,3913.4264
B0007258,84.8536,4,1092.3488,7.654,2,10,11,3,1,3.6949,3540.0074
B0019470,110.4705,9,177.2691,8.7977,3,18,9,5,1,5.5093,5052.3229
B0007634,120.682,0,1838.4814,3.8584,3,23,13,4,1,3.874,4899.8935
B0020813,135.1583,9,2280.4663,4.9912,4,25,13,4,1,5.5674,5172.1384
B0000308,78.1638,10,4255.7074,22.3855,1,27,5,3,1,3.1815,2840.6271
B0009055,85.3533,10,702.8178,2.1626,2,22,15,3,1,5.5032,4168.3124
B0015950,128.026,5,2361.4301,17.0761,5,23,7,3,1,4.5529,4251.5586
B0002847,110.4477,11,2241.2918,15.2133,3,16,7,4,1,5.1757,3839.4484
B0022225,77.6963,8,2055.3999,15.0229,3,5,7,3,0,6.8558,3139.0843
B0007399,99.3734,31,4085.6141,23.9826,2,24,1,1,1,4.6543,2856.1997
B0001004,135.8426,31,220.431,3.0433,4,4,13,2,0,6.3513,4804.2537
B0005597,67.2343,29,1512.5826,6.3357,3,10,11,2,0,5.7626,2735.6032
B0015010,67.7841,6,120.0,1.8052,3,15,15,4,1,5.7113,4194.099
B0003748,97.8336,2,2137.8085,24.8343,2,2,1,4,0,3.9601,3110.1559
B0021377,103.6697,28,601.6267,5.6618,3,14,15,2,0,5.1326,3825.9791
B0004870,77.4983,16,3449.7966,19.9835,3,7,8,2,0,3.1611,2758.4014
B0009369,153.5828,1,2860.5124,19.802,4,22,7,4,1,4.9477,4786.2481
B0000025,83.6727,20,1603.8052,6.8188,3,20,8,3,1,4.925,3485.7984
B0017974,85.9278,5,1208.9421,1.6098,3,23,13,2,1,5.6567,4134.5639
B0000546,47.5858,12,1655.184,15.517,1,13,9,2,1,3.7518,2534.399
B0011197,150.9138,16,1985.9465,18.3327,5,4,2,4,0,5.2222,4329.8821
B0005953,151.168,18,2143.4544,20.8035,5,19,4,2,1,4.7907,4476.9209
B0015388,39.1506,14,1664.9814,17.5172,1,20,7,2,1,6.589,2254.7463
B0017266,152.9594,29,3161.7563,24.0685,5,12,3,2,1,6.6423,3953.1688
B0005988,106.2505,19,120.0,4.3972,3,25,12,4,1,5.9658,4932.3068
B0003956,129.3042,28,668.7928,10.0311,5,21,7,3,1,5.1273,4508.6187
B0002150,51.7145,18,2999.6924,18.9873,1,26,8,3,1,5.1242,2394.6507
B0010624,93.7051,16,1119.9806,20.8168,3,2,7,2,0,4.2586,3353.0565
B0018622,86.4974,24,1979.742,6.7375,3,20,7,3,1,5.3383,3382.0168
B0007204,135.7824,6,4424.5742,24.9276,5,2,2,2,1,6.9323,4011.4881
B0013106,82.3721,10,2342.1367,15.9987,3,20,11,3,1,6.2028,3611.4014
B0005336,89.9758,31,1980.3968,18.1922,3,12,6,2,1,5.8198,2705.812
B0021629,126.4643,3,3585.7725,17.3734,4,27,4,3,1,5.7157,4328.4104
B0007739,43.0929,26,1451.0586,11.878,1,23,11,2,1,4.2693,2085.4775
B0017896,69.0636,14,1157.4489,7.5939,2,4,8,4,0,5.3129,3231.3097
B0004572,133.8028,19,2465.4126,15.0196,4,4,6,2,0,3.6519,3864.74
B0012286,141.0844,18,2611.6391,23.1029,4,22,4,3,1,6.6915,4033.618
B0019483,89.6625,25,1613.3436,17.791,3,12,5,2,0,5.4716,2856.4664
B0007416,57.2759,28,1284.7021,14.7822,1,7,10,1,1,6.765,2246.5401
B0016953,116.2761,0,1412.2396,9.5029,3,12,5,4,1,7.1994,4517.2917
B0015985,109.1134,7,3161.6368,21.4706,2,3,6,3,0,5.0044,3524.5317
B0011457,60.1153,31,3170.4264,23.4236,2,15,4,2,0,5.0702,1688.22
B0012332,134.1503,11,4437.9989,18.1437,4,28,2,3,1,5.8554,4263.5364
B0012837,134.9445,9,3719.1649,23.0001,4,5,0,3,1,6.2876,3986.9979
B0018269,141.3191,31,417.603,3.973,5,10,13,2,0,6.551,4761.1878
B0010132,136.1611,32,1390.8546,13.8334,4,22,6,2,1,6.3903,4020.5841
B0016235,48.4953,7,1385.1588,20.7712,1,23,6,2,1,5.1674,2471.5157
B0006769,89.7218,5,2150.9336,13.7771,3,21,7,5,1,4.6802,3753.7687
B0002831,133.5152,4,120.0,8.4396,5,9,11,4,1,6.1379,5614.19
B0006497,139.9159,4,3146.225,20.0468,4,13,3,5,1,8.1456,4680.7541
B0006543,79.7162,22,1722.4541,11.7246,3,22,8,3,1,4.34,2999.6949
B0004275,97.73,9,2678.6948,11.7187,3,11,7,4,1,5.5383,3902.3787
B0011351,82.2257,12,1124.6334,7.7938,2,27,12,3,1,4.8209,3878.8631
B0018161,152.4926,16,2704.4967,11.5177,4,10,7,3,1,4.7129,4654.8984
B0020959,53.1531,14,929.614,6.9421,2,14,10,3,1,3.5881,3026.3629
B0004727,89.2016,7,2161.7361,21.7853,3,27,6,5,1,5.2881,3684.6414
B0017818,73.0661,9,2240.406,12.6067,3,1,9,1,1,5.3238,3065.1053
B0015478,152.0217,27,1666.4063,13.4472,5,20,6,2,1,5.5468,4373.4326
B0007126,102.6002,19,2661.2761,7.1861,4,20,9,3,1,3.5281,4018.5824
B0003802,131.1475,20,2016.4064,11.1142,3,18,11,2,1,5.7685,4320.2248
B0015524,99.8274,22,200.5718,3.0899,3,15,10,1,1,5.635,4189.7099
B0018206,110.7519,11,120.0,17.4556,4,22,6,4,1,6.5759,4736.9685
B0001828,137.6307,11,2147.4699,21.9862,4,17,6,5,1,6.8094,4538.6506
B0009854,88.8109,0,3145.7347,13.8383,2,11,0,1,1,4.9792,3180.3497
B0010628,36.7827,32,1672.7785,12.8008,1,24,7,3,1,4.9925,1486.3048
B0013705,147.2969,32,3162.8167,22.1714,5,12,6,2,0,5.9874,3872.5407
B0007753,143.769,28,2390.8403,19.3168,4,28,7,3,1,5.5494,4163.4525
B0018249,95.4586,12,2078.7103,21.5446,3,24,8,5,1,6.0108,3844.9262
B0009108,104.2024,15,2854.651,20.9883,3,16,1,4,1,5.055,3686.3279
B0006151,58.9538,0,1962.9486,16.9858,2,28,8,4,1,4.2227,3072.3237
B0002155,86.4945,17,1798.339,13.8677,3,15,6,2,1,4.8733,3402.9209
B0018226,135.6949,31,801.8429,9.8207,5,2,15,2,0,4.7343,4285.4957
B0000977,114.1036,20,2317.4168,14.2267,3,21,9,1,1,6.452,3815.2795
B0019520,82.289,4,3670.7224,23.9239,3,8,3,3,1,4.2069,2957.7803
B0019004,109.447,21,1062.3887,9.3782,3,14,10,1,1,5.6895,4204.2177
B0010831,132.9522,10,1193.7804,20.6193,3,4,5,3,1,4.7675,4206.694
B0012833,108.3293,13,3389.0037,18.989,3,24,8,3,1,4.8006,3684.4286
B0000195,52.5161,15,2471.0635,7.7679,3,19,12,3,1,6.4691,2962.0493
B0004214,107.2101,19,3548.3204,24.6168,3,1,5,2,0,6.5317,3258.7304
B0015380,71.2032,30,1444.4967,13.7537,3,10,8,1,1,6.6104,2580.6381
B0012705,60.5511,22,1711.2486,22.0192,2,8,4,3,0,6.0614,2110.2711
B0006720,149.2366,15,120.0,8.8291,4,12,10,5,1,8.0542,5725.4761
B0009137,151.4903,21,1300.8787,21.9081,5,3,6,2,0,6.8506,4338.6327
B0017948,56.2758,5,1379.5887,11.1361,1,4,8,2,1,4.8709,2440.5316
B0018618,47.0361,12,1654.1413,13.0809,2,18,8,3,1,4.0287,2466.7988
B0017123,138.6861,23,153.8327,7.9277,4,18,10,3,1,8.2161,5407.3216
B0019613,102.3089,10,2619.7085,18.8965,3,28,4,3,1,6.1441,3756.7992
B0014448,68.6905,7,2141.3907,14.376,2,12,6,3,1,7.779,2849.2683
B0005678,105.5566,18,4303.7135,19.1399,3,23,5,4,1,5.7971,3515.4003
B0019027,145.6417,10,2172.8198,8.055,5,7,11,4,1,6.567,4914.5407
B0010515,42.5497,12,3145.7494,9.0029,2,11,6,4,1,5.9155,2132.2669
B0009533,90.7321,1,3409.4731,5.0115,3,1,10,5,1,5.9796,4013.7227
B0006107,56.9048,3,3105.0421,13.7865,2,3,4,5,1,3.9024,2543.2615
B0003832,138.8134,20,1630.3348,22.5775,4,9,2,1,0,4.2584,3554.556
B0022288,52.2311,15,2850.2719,19.5379,2,5,5,2,1,3.6159,2035.102
B0012926,72.209,3,4185.5587,20.9069,2,19,5,4,1,3.7721,3136.8668
B0006363,126.7522,24,2155.2947,15.0337,4,2,6,2,0,6.2907,3894.5347
B0011553,98.8177,3,1721.1652,21.2547,3,22,6,3,1,5.2236,3758.2692
B0008592,82.5432,10,1389.748,8.4653,3,22,12,3,1,7.0133,3855.3461
B0014581,130.3924,12,2042.7378,15.5002,4,1,6,4,0,8.0736,4050.2578
B0010209,129.9878,28,844.9155,9.2524,5,2,10,2,0,8.351,4215.43
B0016920,59.5651,29,457.7457,2.8877,2,20,12,2,1,4.3829,2902.8259
B0007181,112.8025,17,2542.828,22.1047,5,11,2,3,1,4.9838,3646.8672
B0002402,142.255,29,4015.1198,20.7994,5,18,1,3,1,6.5179,3878.0421
B0003116,52.2147,27,1928.7953,5.8456,1,17,11,2,1,6.4311,2394.1042
B0011174,82.9187,5,1585.8649,4.5064,2,1,13,4,1,7.824,4092.7459
B0019807,36.5254,0,3879.949,22.1503,2,4,6,3,1,3.6731,1562.0943
B0003758,52.0276,10,4271.9156,24.7771,1,18,1,2,1,4.0941,1801.9527
B0014457,95.9965,5,1027.198,3.8118,3,1,10,3,1,3.2332,4107.1774
B0018397,116.9989,10,1944.4238,7.4883,4,19,11,3,1,5.0636,4589.5895
B0004291,139.8004,19,1525.6731,6.268,3,17,13,2,1,4.7116,4926.6656
B0008050,53.0723,14,2057.2195,17.7971,2,9,2,5,1,4.5308,2257.78
B0012871,102.5299,14,4584.6117,20.6387,3,11,1,1,0,4.8007,2925.4567
B0010902,89.5708,22,1239.6783,4.2237,3,18,11,3,1,5.586,3975.378
B0010352,132.7739,2,2199.857,14.5955,4,7,4,3,1,5.3535,4185.7049
B0000910,84.4138,22,1286.2774,6.3796,2,13,9,4,1,5.8083,3713.3093
B0003340,146.8137,30,2170.9088,12.302,4,19,10,2,1,5.4959,4416.9522
B0008862,42.2439,29,3349.4938,20.945,1,13,4,1,1,5.427,1129.9986
B0015332,119.37,25,1007.7561,22.6657,5,25,4,1,1,5.4375,3795.6745
B0006557,46.6695,22,1378.1398,6.5086,1,1,11,3,0,5.8614,2232.482
B0022031,78.7586,5,2489.3015,16.8998,2,10,3,3,1,4.5555,2949.8496
B0006094,96.331,2,2386.9558,14.9015,3,5,7,4,1,6.202,3718.7035
B0018952,133.1455,26,2356.1723,14.2564,5,14,7,1,1,5.498,3924.9505
B0004335,43.1921,31,2776.4535,12.5845,2,6,7,2,1,5.9305,1682.2203
B0008985,105.6261,6,4027.5553,20.1365,4,21,3,3,1,6.0339,3568.5456
B0017213,75.7727,28,1757.7572,2.3519,2,9,10,1,1,8.0723,2933.6016
B0001371,120.1566,32,905.1362,12.6281,2,8,5,2,0,6.4552,3506.7934
B0003726,94.5204,30,940.0108,13.1918,4,21,9,3,1,5.3303,3675.1494
B0013819,75.4469,6,3289.4314,14.1218,3,19,10,4,1,5.1848,3503.302
B0020975,54.817,13,1209.0712,8.4814,1,24,8,2,1,4.5986,2660.7609
B0008637,142.6823,3,1820.9853,11.7949,4,18,12,3,1,3.8381,4998.7616
B0000271,84.1929,2,2729.3554,21.0247,2,8,1,3,1,5.7728,3160.2565
B0021298,119.2623,5,243.9239,2.4956,4,5,12,5,1,6.0322,5312.5734
B0008453,78.5734,30,1461.5136,7.849,3,3,13,2,0,5.2792,3183.9072
B0020741,142.3226,30,668.6994,7.5296,4,24,8,1,1,6.0562,4726.598
B0019996,103.4919,3,1073.5568,14.4373,2,24,10,3,1,6.2998,4236.2603
B0017613,113.5118,7,1681.0323,15.7826,3,10,11,4,1,6.3792,4208.386
B0021694,121.9918,29,2929.2778,19.3465,4,27,4,1,1,5.9044,3442.2212
B0009202,127.3278,6,655.781,10.7216,4,19,12,3,1,5.001,5178.2209
B0002759,67.1443,20,2216.2878,13.8861,2,27,8,2,1,5.8693,2835.4747
B0014237,153.2333,5,2759.9781,23.1994,5,18,5,3,1,7.8123,4543.843
B0018031,86.982,0,1425.0134,11.1251,2,6,8,3,0,5.0051,3546.9967
B0007892,77.959,3,3392.6125,20.3419,2,1,8,4,1,5.9074,3115.3897
B0004768,114.43,0,2314.5707,20.1059,3,26,2,5,1,4.9077,4058.224
B0001120,91.0911,27,2469.0011,22.064,3,13,0,3,0,5.9002,2535.0104
B0003460,62.7776,18,2780.4533,23.8131,2,6,6,4,1,3.4114,2309.285
B0001151,139.3988,17,4841.7618,16.2741,4,3,8,3,0,6.957,3996.9776
B0010972,111.1442,7,4160.7407,22.2082,3,15,0,3,1,6.3224,3593.3485
B0004833,78.8429,8,1117.4545,7.4838,3,7,15,4,1,5.4749,4070.0903
B0007629,121.5218,4,2841.6852,16.0485,3,28,5,3,1,7.0016,4196.7046
B0008497,103.7309,21,2457.7957,22.5121,2,28,3,2,1,6.2363,2977.7805
B0022064,71.4611,3,2917.9989,17.7509,3,25,9,3,1,4.3924,3285.1628
B0001327,142.7781,31,2616.0369,20.6733,4,20,8,3,1,7.54,3883.627
B0002118,83.7103,0,977.385,14.2067,3,14,10,5,1,6.4,4027.4941
B0016196,43.2247,21,784.4045,8.8656,1,26,10,1,1,5.872,2223.0654
B0000747,139.8992,31,1606.5246,10.2499,5,11,7,2,1,7.7346,4126.7034
B0009308,117.0278,11,3699.5167,15.8546,3,2,10,4,1,6.2226,4055.8982
B0015061,124.4639,4,435.2235,12.8554,4,26,11,5,1,8.2064,5192.6811
B0014617,61.7241,9,899.3327,4.3631,2,25,14,4,1,4.1288,3465.9285
B0004073,151.3118,0,2770.5398,20.7722,4,3,5,4,1,6.7652,4467.3134
B0005091,153.701,1,1292.7516,4.4816,4,21,14,4,1,6.0436,5367.2847
B0008434,56.7554,21,1154.6408,8.4682,1,11,8,3,1,6.3234,2434.8276
B0004038,102.7384,14,1626.0868,10.5176,3,16,11,4,1,3.8563,3983.4767
B0000059,56.5325,22,1960.9806,17.9651,2,25,8,3,1,2.5229,2503.6102
B0001788,79.463,20,2309.4988,16.2336,3,25,8,5,1,4.647,3454.5394
B0011191,107.2823,2,1998.7866,13.967,3,9,10,4,0,4.8424,4239.7109
B0016538,60.9488,6,1261.7076,4.0807,2,6,13,5,1,5.4764,3437.5175
B0015938,115.2747,31,1650.0635,14.5796,3,11,6,2,1,6.7399,3361.5949
B0001582,60.8774,17,894.2159,13.2402,1,7,11,4,1,4.7445,2824.2537
B0015992,55.5058,21,751.3029,10.6177,2,14,11,3,1,6.2675,2990.2902
B0003569,97.8518,15,3013.2862,23.2563,3,26,4,4,1,5.4589,3504.7543
B0010154,84.6227,13,2251.9295,3.1187,3,10,5,4,1,4.699,3631.142
B0014839,137.2097,0,468.1531,4.6155,4,18,11,2,1,6.8891,5392.0259
B0016595,48.1257,13,1313.0325,6.9955,2,4,13,3,0,3.988,2581.9993
B0008963,114.201,19,2025.6205,11.1782,3,4,10,4,0,8.6,4116.246
B0008367,93.9958,21,2456.2885,11.5992,5,15,8,4,1,7.037,3543.3086
B0010290,101.2111,14,2053.2405,6.4908,4,26,11,3,1,6.995,4287.3844
B0015925,88.505,18,4455.3155,24.9694,2,11,0,3,1,4.0874,2853.9578
B0002484,106.6951,3,643.9822,4.9461,2,21,12,4,1,6.0941,4622.5804
B0015905,131.1487,26,1001.4523,10.2384,4,17,10,3,1,5.6599,4528.6323
B0009022,105.8234,20,2161.1612,18.4549,4,24,7,1,1,4.9999,3420.8393
B0007498,96.0125,18,4128.0655,18.5895,2,5,2,3,1,7.2089,2949.5058
B0019509,125.5666,14,3206.0064,12.8054,4,20,7,3,1,5.8389,4375.8678
B0011948,93.807,19,2583.931,19.3815,2,11,3,1,1,5.4174,2834.1708
B0022217,102.5973,19,2785.1352,16.1215,3,28,4,4,1,5.5884,3775.0921
B0005257,125.3105,30,215.0908,1.6032,4,12,16,4,0,5.3113,4753.518
B0013457,55.5839,3,3047.7183,20.631,2,2,4,4,1,4.7244,2464.1978
B0020088,137.3958,18,1709.1704,16.8112,4,5,6,3,1,6.0776,4164.6456
B0005331,111.0343,18,1065.0657,2.2479,3,10,14,3,0,5.7613,4354.1237
B0002454,108.6222,7,2159.1409,7.2637,4,17,11,3,1,6.3141,4110.9765
B0012852,68.6932,15,748.2171,8.7604,2,13,9,3,0,6.2927,3094.1796
B0006467,73.6061,15,844.8639,9.4845,4,2,7,3,0,5.4368,3011.2376
B0014865,152.0848,15,1242.2459,3.9145,5,1,14,2,1,6.4246,5038.1346
B0004502,82.6663,18,120.0,6.9312,2,8,10,1,1,6.0725,3882.315
B0003205,141.7141,32,2087.5862,18.8256,4,28,7,1,1,6.6766,3695.5661
B0021737,62.345,27,2630.701,15.5291,2,26,6,1,1,3.5542,2156.9616
B0006693,151.2837,19,804.6265,9.1767,4,16,7,2,1,5.8246,4784.5819
B0014147,43.7555,24,2939.4308,21.0694,1,15,4,3,1,5.3203,1791.8719
B0019644,116.6427,0,1041.1969,20.2713,3,23,5,3,1,6.8586,3914.8581
B0005925,42.2412,21,2235.7275,4.3544,1,3,8,2,0,5.2154,2081.7638
B0001247,36.623,5,1714.6355,18.8853,1,5,3,4,0,4.4576,1665.5013
B0014674,53.2594,3,1727.8142,3.1057,2,4,14,4,0,4.9534,2902.5853
B0013512,151.941,6,1699.4572,6.1679,5,19,13,2,1,7.2913,5262.1852
B0003646,125.1315,29,1844.6561,13.1602,4,20,7,4,1,5.6753,4051.3054
B0021370,53.6031,1,2013.7691,2.6694,1,16,9,4,1,5.8909,2908.4309
B0004141,118.4297,18,2194.8469,3.665,3,6,11,1,0,5.2709,3996.2398
B0007706,153.8811,0,416.8739,6.8538,5,12,11,2,1,6.5574,6101.2729
B0003345,125.6104,19,2441.2274,21.2865,3,17,8,3,1,6.7505,3949.6046
B0013048,39.3937,19,936.5474,1.6855,1,13,14,2,1,4.9102,2506.612
B0007538,133.5837,22,120.0,9.5938,4,28,10,1,1,6.8428,5224.5433
B0020444,133.5093,13,1881.094,9.0725,5,14,7,2,1,7.0466,4323.9874
B0006945,115.2941,7,2600.845,12.8451,3,25,5,4,1,6.372,4248.6136
B0014608,46.7241,28,3934.9932,21.7643,1,18,2,1,1,5.3137,1749.409
B0021557,40.855,12,1041.0636,19.6292,2,13,3,4,1,5.3514,2223.06
B0008810,140.0372,31,3030.8017,20.3187,4,20,5,1,1,7.1036,3637.3806
B0021799,124.9219,1,1466.4596,8.5328,5,11,8,4,1,5.5358,4820.3299
B0019152,71.1714,13,3168.2982,24.2452,2,28,1,3,1,5.2313,2904.2404
B0008906,134.1894,13,342.323,3.3072,3,8,15,4,0,6.2716,5336.0994
B0015998,47.0963,22,1113.4456,9.5442,1,12,12,1,0,5.1199,2073.098
B0021022,95.4419,17,4086.6512,23.8247,3,12,3,4,1,7.1492,3257.0866
B0001153,51.3899,29,3387.0843,14.126,2,17,7,3,1,4.6465,2039.9008
B0012192,113.8264,18,2500.8992,8.047,4,7,12,1,0,5.2166,3847.6302
B0017300,49.9411,27,2378.1797,18.3268,1,26,3,1,1,4.2923,1589.5758
B0006707,93.3258,6,3501.6619,23.068,3,27,6,2,1,4.2247,3388.9171
B0010325,45.9834,23,2991.4672,18.3404,2,20,2,1,1,3.8351,1806.9091
B0017412,92.5756,23,2251.7889,12.7943,3,3,7,1,0,4.7242,3043.2695
B0004019,95.7305,14,1168.4734,9.2744,3,4,12,2,0,4.4222,4017.3622
B0003162,116.6934,7,1482.6647,9.4803,4,15,8,2,1,5.0192,4232.0473
B0006690,63.8633,2,865.1292,5.7808,2,24,8,2,1,4.5024,3413.119
B0010739,123.7995,16,2022.2643,15.0817,2,25,7,1,1,4.9994,3813.0295
B0013095,90.0796,8,1880.7726,3.467,2,1,11,4,0,5.539,4138.5625
B0004050,69.8692,27,2290.4356,20.9652,1,28,2,2,1,5.9619,2410.7366
B0012587,39.9237,22,1100.8223,4.6073,1,27,13,2,1,3.8404,2193.9667
B0015555,114.9691,28,3382.7416,18.1245,4,9,6,4,0,5.504,3335.7506
B0000532,114.1065,6,1322.0168,6.3729,4,28,9,5,1,6.0686,4699.1063
B0000170,37.0857,18,2797.4839,15.5863,1,5,6,3,0,5.769,1551.4743
B0016676,149.566,25,2043.8287,16.1859,5,6,6,1,1,7.2178,3972.0994
B0021562,89.6734,20,1629.4235,22.9303,3,8,4,2,0,4.9233,2909.52
B0012171,105.5114,14,400.1004,7.7117,3,25,11,5,1,6.1474,4638.7763
B0012251,149.9475,11,1360.6953,14.8187,4,19,8,4,1,6.0032,5138.8527
B0006330,112.3029,15,1064.2762,12.0594,5,20,5,4,1,5.1575,4228.7363
B0009127,69.6642,5,1797.9589,13.077,2,12,10,4,1,5.8576,3499.7792
B0009521,150.3856,8,786.5966,15.6259,4,23,7,3,1,6.843,5172.5155
B0017340,38.6405,31,120.0,8.1212,2,5,11,3,0,4.3886,1931.2227
B0003072,93.2192,13,1432.1633,16.8158,3,2,12,2,1,5.0277,3532.7921
B0011645,111.6035,31,1125.7318,7.7365,4,22,11,2,1,6.5403,4021.1852
B0020289,80.1134,12,4180.5354,20.4317,3,28,8,3,1,5.0975,3102.5288
B0003938,117.566,17,3737.6203,23.2634,3,18,5,2,1,7.5042,3586.0304
B0013116,69.6976,18,1883.6469,13.2694,1,19,9,1,1,5.4686,2586.5147
B0013684,152.6405,5,2232.3366,20.6887,5,10,7,5,0,5.8726,4894.0262
B0012021,144.5967,29,120.0,5.9506,4,9,11,3,0,6.3423,4979.8985
B0021275,119.0264,28,934.7936,16.1645,3,23,3,2,1,6.3938,3782.7557
B0005602,43.0849,28,2544.4251,16.0026,2,12,3,2,1,4.8915,1511.3199
B0001889,50.1116,21,2484.35,21.3391,1,27,1,3,1,3.8291,1923.1862
B0006227,110.847,15,1588.0571,8.1816,3,17,10,3,1,7.9074,4222.67
B0012239,52.3165,18,260.2435,4.9492,2,22,10,1,1,5.3784,3094.0417
B0016089,141.8875,29,2679.3261,24.0115,4,9,3,2,0,6.0918,3357.0241
B0000156,56.496,15,1132.5467,10.4706,1,14,10,5,1,4.9864,3207.898
B0021933,152.5344,11,120.0,2.6244,5,23,12,5,1,6.7779,6073.7724
B0002029,128.061,23,3092.9398,24.2103,3,2,1,1,1,4.6858,3231.583
B0007965,62.5492,27,760.5272,8.9389,2,3,11,1,0,5.0584,2381.3057
B0009531,54.9277,0,1692.1732,13.4724,1,24,6,5,1,3.7758,2665.0272
B0002375,56.2529,4,1160.7736,19.5498,1,4,3,4,1,5.7123,2562.6
B0013733,77.0407,16,513.5619,1.7267,2,28,12,2,1,5.154,3892.4015
B0007367,50.2127,22,1854.8928,21.5561,1,17,9,4,1,3.7176,2069.9372
B0010742,108.2091,18,207.2974,6.7016,3,1,8,2,0,4.8425,4263.7803
B0020699,134.0267,29,636.6617,3.3502,4,7,11,1,0,7.8639,4555.8668
B0017105,139.1265,18,1516.403,9.897,4,17,9,3,1,7.5796,4735.1764
B0007876,126.5691,31,1273.3424,3.2824,3,13,16,1,1,7.6308,4279.6963
B0013377,88.9904,28,1780.4527,17.4366,3,21,8,3,1,5.8633,3164.9637
B0004623,55.9635,20,3172.0368,18.5569,1,4,5,2,0,4.7473,2082.289
B0015943,152.7065,3,612.8222,4.2946,5,2,14,4,1,6.22,5716.389
B0005781,43.0031,25,120.0,5.4476,2,18,14,3,0,4.4893,2685.9552
B0004694,128.2018,27,1719.667,14.9568,3,24,9,2,1,5.8107,4112.704
B0012500,58.3378,16,473.1413,4.9128,2,1,10,2,0,5.5271,3099.4076
B0012165,41.4688,14,2955.1397,9.1737,1,24,5,4,1,2.8625,2007.1154
B0018863,77.7921,21,2635.9653,16.7322,2,27,10,1,1,7.6046,3055.6557
B0006437,111.889,27,2132.7467,14.4843,4,16,10,2,1,5.7453,3675.7176
B0017063,54.678,27,3015.0512,20.4707,1,9,4,1,0,4.3624,1640.6539
B0007324,102.7563,17,1701.9731,15.5853,3,11,11,3,0,6.1199,3660.854
B0017359,44.1612,5,1449.3344,11.4077,1,19,10,3,1,3.4186,2609.8882
B0012129,92.2729,10,1303.976,4.8355,3,20,7,4,1,2.6205,3818.845
B0002690,103.396,31,1105.5525,14.4281,3,18,8,2,1,4.2572,3355.2349
B0021045,89.9679,12,2520.9178,17.7248,2,7,6,2,1,4.3508,2950.834
B0018222,83.9615,12,2720.3147,19.9711,3,13,5,4,1,5.3202,3353.3521
B0001597,77.5535,21,3491.4225,16.5708,2,11,9,4,0,5.4309,2956.8531
B0007749,65.9922,31,708.9305,3.7491,2,25,11,1,1,7.2979,2943.8622
B0020472,59.2479,15,2914.2643,14.0974,2,7,6,3,1,3.8487,2604.4801
B0004582,65.1088,28,2614.7609,20.7764,2,25,4,2,1,5.2137,2327.4858
B0013006,126.8437,31,763.0454,2.9389,4,13,10,2,0,5.2482,4215.7359
B0006850,141.8968,16,2467.5671,19.9545,5,16,5,2,1,6.5412,4053.5095
B0016792,146.0637,29,1821.2462,23.502,4,16,2,1,1,7.0943,3958.6732
B0010600,67.8574,19,3226.3307,21.3321,2,13,7,2,0,5.0166,2269.5374
B0015247,126.9631,23,2630.7982,13.8944,5,15,6,3,0,5.2898,3778.1309
B0009059,40.201,27,1706.3703,12.4651,1,15,8,2,1,6.5555,1810.5004
B0017271,99.1413,32,3199.9406,19.4708,2,6,9,2,0,4.778,2968.9577
B0015274,75.7411,14,1638.0427,6.6189,3,15,11,3,1,5.3194,3483.8742
B0022283,59.6522,1,2147.2223,23.6414,2,21,1,4,1,3.6316,2650.5245
B0009226,63.1744,4,1142.8641,3.2377,2,6,14,4,1,5.52,3576.4135
B0011794,72.1218,5,3654.5919,21.743,3,6,6,3,1,4.9008,2581.4415
B0002527,77.188,15,1106.8296,7.0284,2,2,5,3,1,6.4245,3245.5436
B0016195,133.6073,10,3238.3083,24.3019,4,28,5,5,1,5.0586,4369.5897
B0010763,144.9381,2,3497.5016,20.0629,4,6,4,2,1,6.8341,4187.1268
B0013188,153.301,14,120.0,1.9608,5,23,16,3,1,7.1002,6232.9042
B0003537,97.2069,15,3083.0688,20.4689,3,20,2,1,1,4.6962,3257.1321
B0002497,87.2792,10,1674.6847,10.3633,3,7,9,3,1,5.8969,3876.7666
B0012940,61.4982,28,2809.8034,22.2313,2,3,5,2,0,5.3777,1960.6007
B0010760,54.9462,1,990.6806,13.1873,2,12,8,4,1,5.2166,3076.4664
B0006972,91.1346,26,120.0,3.832,2,15,10,2,1,7.0366,4128.2933
B0015944,39.5398,29,937.4737,10.0977,1,17,7,1,1,5.0685,1856.7045
B0018734,98.2633,2,2346.0176,20.4666,3,18,8,3,1,6.4588,3810.7831
B0005948,131.6035,8,468.4566,7.9047,4,14,9,4,1,5.0479,5284.5915
B0000944,59.2419,25,2330.1027,23.4824,2,10,3,3,0,4.1806,1891.5566
B0005049,65.0295,14,1460.0866,9.6673,2,6,10,3,0,6.0677,2875.7996
B0014599,123.514,12,1048.6416,10.6597,4,10,11,3,0,5.5411,4447.1148
B0009959,102.5188,9,808.9689,14.8072,3,13,5,5,1,5.6138,4236.7583
B0009430,41.6098,24,1648.0384,12.5229,1,3,8,2,0,5.6247,1736.0988
B0003855,146.5756,2,1329.9883,6.9343,5,4,5,4,1,7.3924,5005.0144
B0019646,95.276,12,1352.0222,3.2923,3,12,7,1,1,5.1879,3870.9461
B0016314,78.5208,18,437.6818,22.5379,2,5,5,3,0,7.1674,2882.8147
B0018498,71.3871,18,3909.3244,23.0221,2,11,0,2,1,4.9905,2415.017
B0021869,143.5186,6,738.3011,11.0177,4,5,4,3,1,7.434,4785.0329
B0007308,115.8451,26,1924.2644,5.357,4,8,10,2,0,5.6336,4074.2649
B0013664,94.8761,12,2317.6573,20.6527,3,12,7,5,1,5.1176,3477.2772
B0014062,139.6003,27,1221.2152,2.2109,4,23,14,3,1,7.3121,4907.7471
B0021013,57.8009,13,298.1757,12.6874,2,5,7,2,0,4.6255,2845.7262
B0009529,94.2183,6,370.5134,8.6326,3,23,12,3,1,5.2465,4468.6741
B0007352,59.6217,16,1145.527,12.3595,1,6,6,3,1,5.617,2620.3688
B0013455,84.2267,13,120.0,3.5176,3,12,16,3,0,6.9643,4140.9248
B0021725,45.0804,21,875.0408,3.6291,1,18,14,1,1,4.6061,2602.7306
B0007529,90.4852,7,936.1014,12.7587,2,4,6,4,1,5.8548,3774.7069
B0005395,66.0353,25,2275.1353,6.5256,2,18,9,2,0,6.7283,2757.234
B0016781,91.8336,21,897.8433,7.1215,3,27,12,3,1,6.563,3986.2077
B0000004,45.4596,25,2872.6616,14.6496,1,8,8,1,1,3.9419,1704.9565
B0009677,87.9435,27,3674.449,24.2325,2,24,2,3,1,5.173,2717.5023
B0021204,113.2687,26,2318.7213,22.0649,3,21,6,3,1,5.688,3846.859
B0013845,72.6398,7,1127.2023,15.7677,3,20,5,3,1,4.8819,3216.4012
B0019986,83.8516,12,1801.6093,8.8507,3,26,6,4,1,5.4129,3568.1655
B0013379,35.8075,21,1608.4783,24.2016,1,16,2,1,1,5.6372,1231.7766
B0010946,143.9548,7,2061.0821,19.3758,4,21,7,4,1,5.8188,4654.9781
B0002265,108.5946,6,2046.3874,16.8673,4,5,7,3,1,5.1235,3791.8611
B0006196,122.1681,1,3301.5842,24.8352,4,28,0,4,1,5.0371,3835.9014
B0006071,87.762,3,120.0,3.2382,3,10,13,5,1,6.9521,4723.3763
B0019074,150.7851,13,466.8855,12.96,4,8,7,1,1,4.5335,4744.6569
B0020623,126.5372,31,3251.6889,22.3895,4,4,2,2,0,3.2514,3009.2812
B0013912,103.5896,7,2011.9317,15.118,3,17,3,4,1,5.6587,3612.9016
B0020998,140.9364,17,2859.3267,16.3272,5,3,9,4,1,7.7509,4363.1625
B0007623,57.95,22,2416.6609,11.4147,1,7,9,2,1,4.6177,2378.0399
B0005943,40.062,12,361.9571,3.8356,1,6,13,1,0,5.1679,2558.2991
B0019908,97.0554,9,2420.792,22.7992,3,10,6,3,1,3.786,3496.3594
B0009102,50.1129,24,4587.7042,12.3418,1,3,11,3,0,4.6629,2203.7512
B0000313,84.7083,7,571.733,9.2942,3,3,10,3,0,4.3565,3644.6562
B0020347,123.9319,29,3608.9628,24.2731,4,3,0,3,0,5.9551,3252.7852
B0019660,44.8081,1,2030.911,4.4838,1,9,9,3,1,5.1628,2593.5381
B0017204,109.7014,24,126.2457,1.5484,3,19,12,3,1,5.3809,4848.0116
B0017979,42.5226,31,2587.3233,13.5619,1,27,6,1,1,4.8107,1374.9596
B0000947,138.9021,26,4457.1734,23.4211,5,7,0,3,0,7.1658,3511.967
B0017826,119.8524,13,1872.2618,12.2024,3,14,9,2,1,7.3879,4153.7081
B0010459,36.0678,2,516.7593,8.4178,1,14,10,4,1,4.4987,2499.9111
B0017802,45.7138,29,1209.0751,16.4537,1,2,10,1,0,4.696,1798.5163
B0014343,65.9854,3,1642.0602,13.6745,2,4,9,3,0,6.3074,3157.8637
B0011641,94.5609,16,1949.1012,10.2257,2,6,7,2,0,6.6929,3450.6161
B0015787,47.5411,27,3804.7677,22.3316,1,23,1,2,1,4.277,1596.4183
B0015560,138.2365,14,2845.8362,24.9255,4,25,2,3,1,6.34,4110.8559
B0004868,141.8301,30,592.2452,6.5273,4,4,13,3,0,6.7989,4934.6481
B0017265,65.2354,27,425.5319,3.7554,2,4,6,2,0,4.9153,2786.5133
B0022130,116.5597,19,1318.8916,10.1633,4,14,7,4,1,4.7326,4084.5493
B0006106,130.9429,28,966.5639,7.7812,4,21,8,1,1,8.3788,4343.4965
B0018684,140.2053,25,2924.9812,24.9143,5,28,6,3,1,6.3473,4204.9255
B0017377,53.0174,21,2724.8774,21.9959,1,27,3,2,1,7.1664,1891.8733
B0019548,142.2398,15,2631.04,6.6367,4,28,13,3,1,6.4508,4990.6018
B0016248,80.6758,24,3001.2289,9.3154,1,22,10,3,1,5.7899,3144.0871
B0016456,43.1866,13,468.7559,8.6228,1,13,12,2,1,6.686,2543.6358
B0020581,79.8257,0,1970.3869,17.4329,3,16,7,5,1,6.3541,3626.2929
B0008682,123.0761,10,1249.032,4.8566,3,24,11,2,1,6.9347,4799.1107
B0013756,67.0239,4,890.4857,10.3554,3,28,9,3,1,7.5867,3614.7316
B0020080,67.9081,5,4282.3499,22.6948,2,7,4,2,1,3.4436,2214.7104
B0021356,131.8397,15,2460.3479,16.8046,4,15,9,3,1,6.4002,4363.0269
B0002319,141.1329,4,2523.9587,12.7699,4,13,9,4,1,3.9434,4585.3882
B0016778,145.3726,32,837.7723,7.4257,4,27,11,2,1,6.177,4718.8367
B0012271,72.2062,10,120.0,6.5526,2,10,5,3,1,5.7013,3559.6925
B0009385,104.2545,6,2395.8399,11.3957,3,8,10,5,1,5.7744,4236.7401
B0018903,134.6879,18,1302.62,7.675,4,27,15,2,1,5.6577,4791.9487
B0016679,91.0915,8,1232.1797,4.7352,3,20,10,3,1,7.1914,4263.998
B0015090,75.9953,11,1360.8549,7.4377,3,23,9,3,1,5.2343,3633.1405
B0014356,97.9712,7,120.0,5.2382,3,11,11,3,1,5.1904,4914.8659
B0017433,106.3194,10,2898.0253,17.0789,4,7,5,2,1,5.7884,3400.2715
B0013397,131.9864,30,120.0,5.6875,4,23,11,3,1,7.5421,4890.573
B0012593,54.0831,30,2954.0551,22.1792,1,1,3,3,0,4.7949,1560.1123
B0017487,128.8118,9,405.214,8.9286,3,3,11,4,0,4.6081,5050.583
B0017232,62.451,21,772.6754,8.5897,3,6,10,3,0,4.3432,2797.2378
B0000791,124.0663,15,2639.0766,20.6805,3,5,4,3,1,5.4645,3525.9806
B0009275,100.7491,25,616.759,5.6985,2,17,13,3,1,7.26,4225.9351
B0000642,49.6963,5,495.0255,1.539,1,8,11,4,1,5.9114,3234.8497
B0004347,83.2422,2,120.0,2.2975,2,5,15,2,1,5.4861,4328.1496
B0019855,95.6165,15,1157.5247,6.8888,2,19,8,1,1,5.9425,3821.3047
B0013016,71.1044,30,1820.2762,16.87,3,19,0,2,1,6.3154,2483.163
B0009501,75.9994,29,2574.2529,15.2828,3,11,4,2,1,6.7824,2575.1701
B0013245,42.8477,29,2167.0641,22.6064,1,5,3,3,1,3.2635,1153.2686
B0010646,130.8079,8,3413.7512,16.7929,4,5,8,4,0,5.441,4116.4033
B0001627,140.7646,27,2872.3699,19.2307,5,13,3,3,1,6.82,4109.2856
B0009667,107.5532,30,1978.9988,2.5696,4,1,11,2,0,6.6982,3732.2581
B0017066,154.7884,19,1952.5994,14.832,4,16,6,2,1,6.7355,4551.2752
B0011998,153.2644,26,3475.0873,24.272,4,9,1,1,1,5.7963,3786.497
B0019578,51.772,28,1496.8682,4.6712,1,18,14,2,1,5.5091,2576.3673
B0003462,77.7975,0,1043.2969,9.4695,2,20,7,3,1,5.8543,3708.4918
B0020119,126.7799,17,2471.0433,18.6127,4,27,6,2,1,7.7505,4094.4441
B0010850,93.0009,0,1685.7315,18.6796,2,5,3,2,0,4.5743,3232.9145
B0007164,50.5184,13,429.5969,2.428,1,5,13,4,0,4.0762,2851.6257
B0018220,58.6753,26,918.7536,9.3022,1,4,8,3,0,4.2177,2739.3228
B0003160,132.0347,12,3580.9705,22.1171,4,2,2,3,0,5.6338,4073.8511
B0006666,103.6709,32,1792.5988,12.4877,3,13,7,2,0,6.5377,2869.4723
B0006964,143.054,3,1213.7561,5.8726,4,13,13,4,1,4.4976,5238.9835
B0005627,113.8227,29,1915.0797,23.5731,4,17,5,2,1,4.2793,3447.869
B0007411,50.0692,22,599.0244,11.3623,2,27,7,2,1,5.2442,2401.5784
B0013851,88.5512,21,2025.4343,20.2805,3,1,4,5,0,4.9478,3176.3528
B0012103,91.5843,21,212.6284,2.9534,3,18,14,2,1,5.7017,4280.9716
B0003821,151.0727,4,1863.1863,8.5307,4,24,11,3,1,6.6379,5398.7296
B0007635,109.7325,4,1929.3796,14.3748,3,18,8,2,1,6.1425,3927.3511
B0006067,91.421,15,2695.7728,17.6692,3,22,5,3,1,4.5304,3366.0302
B0007681,127.1529,17,2847.9403,12.681,4,25,9,3,1,6.9867,4206.2743
B0015772,42.5705,15,1713.7817,16.0945,1,7,2,2,0,5.091,1764.7625
B0005680,68.0702,31,259.5433,1.6103,2,24,13,2,1,4.851,3388.9315
B0014405,136.9318,18,1803.4932,10.8359,5,11,10,2,1,3.9669,4405.1839
B0008934,140.1027,19,1379.7696,3.9088,4,19,11,3,1,5.3923,4742.3471
B0004911,119.2519,25,955.4485,13.6104,3,11,9,4,1,5.8231,4056.9826
B0001381,119.9083,20,120.0,3.3121,4,1,9,1,0,5.8595,4579.6411
B0004963,37.521,26,1471.0363,15.7321,1,6,8,2,1,4.9841,1605.8125
B0016751,111.2659,13,4344.2819,22.6401,4,3,1,3,0,3.3131,3175.2167
B0006052,135.2705,19,833.466,2.8297,5,6,15,2,0,7.9014,4851.6579
B0002183,148.3915,6,2220.0422,23.7773,4,25,4,4,1,5.7307,4636.0892
B0017699,88.9237,14,1682.1607,8.9503,2,24,11,2,1,5.6698,3753.2018
B0014852,100.4584,6,2738.4712,22.7217,3,15,4,3,1,4.1777,3452.5195
B0020135,132.5182,25,120.0,5.7761,3,15,14,2,0,5.3659,4872.5331
B0004538,92.6068,2,405.1838,3.2885,3,13,14,5,1,6.5552,4759.859
B0011501,135.8275,23,1446.8923,10.6255,4,16,9,3,1,6.5009,4545.4251
B0009506,85.0794,16,120.0,2.1431,2,28,16,3,1,4.4136,4299.9667
B0010918,129.4194,29,1479.8263,8.7159,5,4,11,1,0,4.4809,3825.0713
B0000186,118.5284,4,120.0,2.4649,3,21,9,3,1,7.2767,5307.5898
B0014137,72.1711,13,2263.3955,8.3601,3,1,10,3,1,5.3277,3131.0175
B0002916,148.6929,10,2883.1149,7.1623,4,2,7,3,1,6.589,4739.8513
B0005852,108.7743,31,2081.5401,16.7923,3,21,7,2,1,6.4766,3481.2514
B0003046,77.2578,6,3521.8897,16.5872,2,9,3,3,0,8.0282,2898.8959
B0012745,150.5864,26,120.0,1.7845,5,19,15,3,1,6.2005,5682.224
B0006612,118.3208,28,1540.9954,9.4003,3,8,12,3,0,6.2559,4066.7212
B0005843,55.9422,32,1583.6196,15.6175,2,22,6,1,1,4.0771,2164.2661
B0007446,87.0236,6,1410.6463,13.8229,2,27,8,5,1,4.9297,3699.2318
B0015881,94.1054,3,1550.8906,2.5606,3,11,9,3,1,7.2501,4215.541
B0016385,86.4308,23,1449.0957,2.1891,2,4,15,2,0,5.2981,3687.2023
B0008659,147.3566,23,2689.674,19.2673,5,11,7,2,1,4.8931,4162.6161
B0002739,72.8052,3,3749.656,21.8621,2,28,9,5,1,5.3363,3344.2119
B0013660,64.8426,9,120.0,4.1373,2,23,11,2,1,5.1963,3659.3127
B0005632,65.529,26,476.3788,3.7132,2,28,12,3,1,4.5454,3606.2829
B0020190,35.9564,7,1206.9322,12.02,1,28,8,3,1,6.6386,2369.5766
B0010604,111.9704,15,3817.8443,24.3584,4,15,5,2,1,5.1322,3426.4892
B0000870,60.2257,23,218.7391,11.8416,2,20,10,2,0,4.4553,2503.2779
B0017163,52.135,26,3805.7108,18.282,2,1,3,1,0,3.7844,1527.0736
B0016277,71.1485,5,1769.6102,23.7669,2,7,6,2,1,4.1192,2700.7475
B0013054,152.2604,23,1889.394,13.1045,5,18,4,1,0,4.9803,3887.3568
B0004930,107.5026,6,1399.1376,10.4968,3,9,10,3,1,5.4613,4143.3083
B0017111,82.9926,12,120.0,6.6222,2,22,12,3,1,5.3289,4312.3206
B0022014,45.8556,26,744.306,7.157,2,23,8,1,1,4.1011,2451.6187
B0017726,59.8139,15,3117.2433,24.389,2,12,2,2,1,2.8152,2162.688
B0003113,103.4283,27,2149.1216,4.3007,2,5,13,2,0,5.4745,3700.2787
B0010696,144.1664,27,1641.1367,9.0814,5,3,9,2,0,5.9293,4196.6556
B0005310,116.4839,28,998.5649,20.2505,4,6,13,4,0,5.8531,3795.3334
B0008032,148.8139,18,2427.588,13.2781,5,3,6,3,0,6.3733,4267.678
B0004723,69.0248,19,3348.3542,19.3876,2,5,4,3,0,6.3985,2387.5498
B0013600,59.3517,31,2823.0254,19.8213,1,4,3,3,0,3.05,1667.5265
B0006141,49.4162,13,1910.2384,9.16,2,22,11,1,1,5.6097,2619.9749
B0011001,62.0927,21,134.3405,7.7881,2,26,12,2,1,4.8287,3458.4161
B0019443,102.6437,15,2503.7849,8.3684,3,22,7,3,1,6.037,3895.5118
B0000894,131.6679,3,3048.8656,14.4564,3,2,6,4,1,5.3649,4180.6324
B0001061,144.4911,20,675.0942,9.8594,4,14,10,4,1,6.1368,5287.043
B0011615,49.5907,5,3137.4629,20.6037,1,28,1,3,1,3.6358,2218.1202
B0016210,114.3569,27,3192.6975,22.4269,4,10,5,2,1,6.0545,3299.3663
B0004138,133.0632,28,2998.8248,14.5145,4,14,3,2,1,7.024,3795.5833
B0006262,51.9806,2,2899.4759,19.7762,2,16,4,4,1,6.442,2428.8092
B0011599,43.6024,30,120.0,4.8337,2,4,14,4,1,5.3621,2538.5764
B0008372,121.3531,12,1289.2185,9.834,4,21,13,1,1,6.5748,4649.413
B0020616,69.6989,19,1644.932,11.2304,2,13,4,4,1,5.5938,2921.8459
B0014926,153.0114,28,1170.1422,2.7534,5,13,12,1,1,7.2062,5097.3734
B0007364,56.0656,22,1078.3651,5.3574,2,28,10,2,1,5.037,2897.4936
B0002382,119.4623,14,763.5683,3.3804,4,3,12,3,1,6.2093,4691.4254
B0004177,42.0306,9,1340.7879,4.9826,1,2,11,2,1,4.2599,2390.0674
B0004080,47.3996,29,2618.6213,19.2959,1,20,1,2,1,4.0406,1578.6144
B0014459,68.2928,5,120.0,9.2269,1,9,12,2,1,5.5739,3511.187
B0019334,35.5434,1,1302.7915,6.3499,1,5,6,5,0,5.1102,2191.9042
B0006717,53.6264,16,2938.1743,5.6037,1,22,5,2,1,3.9426,2502.8967
B0007360,120.7712,18,3299.8282,20.8879,4,25,5,1,1,6.59,3771.4467
B0006886,88.5902,25,587.041,3.6897,2,1,16,3,0,6.8294,3777.2275
B0000491,112.2243,0,3153.0528,18.7246,4,2,7,3,0,4.9428,3639.4288
B0014646,47.009,26,3001.204,24.4718,2,2,2,2,1,6.8935,1310.1204
B0002949,101.7277,18,862.9909,10.6907,3,18,10,2,1,6.2808,4147.1034
B0013573,107.0902,26,1733.7013,10.5076,4,1,7,4,0,7.3374,3772.4476
B0006930,114.4654,25,1332.1739,7.3688,3,23,12,2,1,3.2603,4065.6028
B0004445,39.1269,28,120.0,2.1964,2,16,15,2,1,4.8593,2386.5433
B0017012,128.6548,2,384.7908,8.1388,4,14,11,3,1,4.7076,5449.1962
B0003644,135.8195,30,1654.953,4.0465,4,21,13,1,1,6.9028,4642.724
B0015071,103.1557,12,1572.9469,8.1606,3,13,11,4,1,5.5574,4132.1812
B0002621,136.0282,9,2118.1513,18.7429,4,14,9,5,1,6.3387,4451.8339
B0004945,111.9922,1,1076.1538,12.2971,4,10,12,4,1,4.1977,4577.7414
B0018724,128.618,15,120.0,6.4641,5,17,14,2,1,5.3854,5157.9622
B0002666,42.9292,10,1448.3075,8.8699,1,26,13,4,1,5.7621,2878.7831
B0012711,152.4533,19,342.2282,2.5487,5,3,15,2,0,6.0908,5523.3441
B0004587,147.2289,29,3089.815,18.8934,4,17,2,2,0,4.127,3411.6158
B0016955,50.1815,3,3739.927,14.1827,2,11,6,2,1,3.7366,2028.385
B0013941,110.6912,8,1542.4921,6.1468,3,9,13,3,1,6.1687,4372.6659
B0010045,151.161,13,2269.8451,21.5221,4,2,4,3,0,5.1619,4231.4729
B0019642,43.2752,15,1176.6039,12.6644,2,15,10,4,1,6.1491,2753.2377
B0003824,54.4965,32,3322.3877,24.8958,2,3,0,2,0,4.7764,1440.4088
B0007260,121.2686,23,1550.8364,20.2467,4,10,9,4,0,6.7573,3869.678
B0015840,61.4363,1,254.5788,10.1043,2,3,8,3,1,4.4221,3282.5268
B0020883,88.5689,4,3702.271,18.7031,3,11,3,4,0,4.4779,3165.8099
B0005736,124.9597,28,2573.5855,4.609,4,20,9,3,1,6.7913,4322.0205
B0003382,42.8364,24,2408.8823,24.3664,1,3,2,2,0,4.6498,1329.0504
B0005505,146.3024,17,2091.5943,4.417,5,6,13,3,1,6.5679,4883.4821
B0020924,67.4071,5,1608.9361,12.6846,2,22,3,5,1,2.8615,2947.7893
B0001925,72.2431,10,3481.5128,21.0334,1,23,3,3,0,3.6019,2162.2548
B0011843,37.567,32,2899.8917,13.5089,1,7,7,2,0,3.9741,1151.3187
B0000567,43.9709,30,577.2685,2.1901,1,16,15,3,1,6.5144,2661.9443
B0021030,81.1401,12,1040.205,9.21,3,1,14,4,1,4.7268,3743.0245
B0019232,52.0022,14,1219.0919,8.9578,2,25,10,2,1,4.4471,2887.047
B0020528,107.0904,6,2320.7517,8.8591,3,8,8,5,1,5.4979,4113.6319
B0014818,99.9637,5,2558.9062,21.04,4,27,0,2,1,4.0593,3423.7904
B0014923,137.6962,23,2693.6301,8.1414,4,7,8,2,0,5.2419,4027.5511
B0014180,112.6044,5,3102.0878,15.2325,3,21,8,3,1,5.7103,3963.9019
B0015696,52.1494,10,2467.7012,16.1176,1,21,2,3,1,3.5579,2338.5584
B0009542,72.3168,32,1499.7415,4.4362,2,17,11,1,1,6.0319,2771.2589
B0015727,140.0216,2,2947.155,16.8012,4,8,5,5,1,6.4944,4497.2889
B0014012,135.2842,28,2406.4633,17.4272,4,17,8,2,1,7.5693,3957.2411
B0017443,63.5025,2,1312.6966,17.982,2,1,4,2,1,2.6322,2652.2899
B0003990,126.2481,20,2106.8734,10.7852,5,21,12,3,1,6.7965,4668.3516
B0006962,149.6603,18,2839.7332,12.0206,5,19,10,3,1,4.9927,4787.5968
B0011066,146.8411,1,160.8705,7.3144,4,14,10,3,1,6.6259,5924.5173
B0018507,151.104,25,1925.5653,6.9521,4,18,7,1,1,7.1541,4265.3646
B0005512,109.2979,8,2953.705,18.0705,3,3,5,4,1,4.8229,3496.2292
B0018732,127.3525,19,806.174,4.3134,4,17,10,3,1,7.5231,4868.7229
B0013782,74.5778,12,3772.6374,18.1625,2,4,6,1,0,4.7622,2724.4443
B0001252,74.6365,6,2001.0256,18.483,1,8,5,2,1,3.0126,2635.9718
B0019059,146.7389,13,2466.0639,11.6215,4,19,6,2,1,5.5377,4559.7617
B0013899,144.8787,14,2816.7534,16.7956,4,17,7,2,1,4.302,4458.4678
B0018904,58.2138,22,3008.2453,19.0258,1,5,7,1,0,6.2273,1979.6515
B0003610,86.7019,28,1428.1558,2.5353,2,8,11,2,0,5.086,3227.4933
B0007231,120.0312,10,3587.2964,14.5259,3,13,9,3,1,5.7758,4158.3324
B0011983,135.5707,23,1501.7222,6.8408,4,25,12,2,1,5.3338,4506.5972
B0011578,47.045,23,3166.9404,13.7364,2,6,6,3,0,3.4497,1861.9797
B0016875,114.0271,7,1976.0106,13.6537,5,7,12,3,1,6.1857,4235.804
B0009923,60.5135,19,3466.8079,22.1608,1,27,5,3,1,4.3051,2250.7711
B0000292,72.3156,17,3038.1297,18.451,2,6,3,5,0,5.0551,2630.9811
B0003882,94.7483,10,2294.0487,20.2522,2,25,9,4,1,7.8558,3778.8198
B0006123,132.6968,12,3245.2386,23.6819,5,13,4,4,1,5.4238,3921.0058
B0011276,53.4558,30,2966.2841,10.9998,1,6,9,2,0,4.5651,1950.2888
B0005371,80.9794,20,630.7826,10.1921,3,6,6,2,1,5.2701,3228.5597
B0019337,69.4536,22,2481.3552,17.6297,3,10,5,3,0,3.2121,2462.2911
B0017995,92.0885,23,2703.4266,19.8631,3,17,7,2,1,2.7906,2987.4251
B0019832,47.7322,21,1096.684,9.9793,1,15,10,4,1,4.8984,2765.4385
B0012646,56.8743,26,3625.4188,20.9234,1,1,1,1,0,5.8574,1710.2501
B0021108,88.6807,13,1447.3233,18.9459,3,7,7,3,1,5.3057,3430.3707
B0001998,90.9636,5,811.3582,3.159,3,19,14,1,1,5.4687,4242.5447
B0011046,98.5994,30,2114.5982,7.8541,3,15,10,2,1,4.494,3500.314
B0010691,66.072,5,2221.9418,12.3734,1,5,5,3,0,5.0054,2807.9022
B0018052,117.1462,3,471.3745,2.9305,4,26,11,3,1,6.261,5455.3392
B0004972,131.1018,9,3577.8416,20.7748,5,8,0,4,1,4.9749,4186.741
B0010160,46.2065,27,3281.8527,22.6794,2,22,5,3,1,4.8759,1710.7512
B0020333,126.276,0,2201.6011,16.5422,3,25,4,3,1,6.9165,4116.442
B0007872,86.8668,2,2244.7086,3.4545,2,11,10,2,1,5.3646,3543.2094
B0005088,51.4167,4,2050.1245,7.3507,2,25,9,3,1,6.1703,3133.5999
B0021925,103.922,24,3024.9815,17.8767,2,14,3,3,1,4.3391,3345.088
B0000658,139.5935,15,120.0,4.4307,5,18,16,4,1,7.0144,5808.4167
B0019686,50.1949,29,540.1529,1.9282,2,25,12,3,1,4.3299,2828.2012
B0021817,74.7353,9,1091.9968,2.9695,3,24,15,3,1,5.8264,4071.8398
B0000016,100.5813,29,1359.2187,19.0007,3,18,3,3,1,6.7894,3219.6567
B0007033,109.1251,20,2103.0485,22.9884,3,10,6,3,0,5.1579,3274.2497
B0018071,96.8042,30,453.6006,1.7003,2,12,15,1,1,5.8207,3727.8626
B0013125,100.5345,23,4071.3052,7.8421,3,18,9,2,0,6.1777,3461.8422
B0020228,106.5244,16,3399.2712,20.2273,3,11,4,4,1,5.0924,3479.2725
B0000505,63.6207,24,4545.4532,23.9341,3,17,0,2,1,6.9414,2350.0105
B0019894,140.4448,23,1327.4138,17.2264,5,3,3,2,0,7.4967,4081.5473
B0020575,46.6697,20,1772.341,9.7711,2,11,12,3,1,4.7757,2313.4772
B0021216,72.5244,3,1593.9307,1.8891,2,19,15,3,1,5.7931,3664.2526
B0012307,125.106,17,3085.6042,23.6767,4,14,0,2,1,6.1595,3520.0102
B0011614,36.6463,19,1900.3229,1.7103,1,2,13,2,0,5.073,2274.7093
B0005522,48.4469,25,1316.5793,13.9007,1,4,10,2,1,5.2391,2104.131
B0008079,146.4594,17,120.0,2.786,5,25,13,4,1,4.8643,5869.4597
B0012122,54.4032,7,2445.8071,20.2242,1,7,3,3,1,7.1618,2153.7748
B0006924,117.5277,19,2610.1917,15.4178,4,1,2,4,0,5.8362,3736.508
B0000309,38.0162,9,2031.7076,23.7191,1,17,3,3,1,2.498,1747.0294
B0007093,39.5936,23,2198.6249,18.5551,1,22,6,4,1,3.6394,1813.3101
B0015975,89.0625,29,364.2279,3.4561,3,20,10,2,1,6.1274,4018.0977
B0017678,68.1206,24,2995.0986,19.2173,2,15,3,1,1,5.2789,2181.9696
B0005559,126.5272,18,1699.1106,19.0064,4,16,9,2,1,6.2573,4050.2736
B0010877,114.2975,12,3775.0769,16.2165,4,9,5,4,1,5.2586,4029.9496
B0011081,74.2394,7,1406.7304,10.0768,2,14,12,5,1,6.0984,3682.4428
B0007213,122.846,19,3036.9632,17.8269,4,1,4,3,0,7.1961,3597.0161
B0006176,102.6022,23,2683.4803,19.5274,2,16,4,3,1,4.894,3042.7068
B0016570,147.1525,29,4130.9373,21.0264,4,26,3,3,1,6.6781,3874.9665
B0005557,131.3051,7,3280.8984,12.7327,5,10,8,3,1,5.4308,4275.3174
B0018209,79.0519,22,3071.2651,24.5362,1,22,4,2,1,6.0353,2522.3016
B0009090,110.2051,6,2840.3804,20.3096,4,10,2,3,1,5.2786,3633.6314
B0009598,75.5649,21,931.4085,7.0491,2,12,11,3,1,5.974,3660.0125
B0006661,152.6167,14,230.2773,10.6164,4,1,7,2,0,5.4672,5417.9538
B0001472,127.5351,15,1343.5374,2.8426,3,22,10,4,1,5.4098,4893.824
B0021934,92.223,32,2080.1164,11.8026,3,21,6,1,1,6.1731,2988.6332
B0021010,82.2649,17,715.2981,8.7632,2,9,9,2,1,6.3559,3645.9781
B0011011,74.2016,10,923.8107,19.4676,3,23,9,2,1,4.9473,3256.2975
B0003370,132.4012,32,787.5419,6.4362,5,21,10,4,1,8.6,4826.4163
B0016148,116.5142,29,2598.1136,22.7173,3,27,4,3,1,6.6853,3448.1933
B0003278,123.8638,29,1828.2587,19.9158,4,12,3,2,0,6.8878,3158.1887
B0011780,71.5467,10,3737.1165,24.3444,3,26,5,3,1,4.5104,3006.1485
B0013763,35.6586,17,2137.7072,12.7113,1,2,9,5,0,6.0642,2104.6492
B0000906,44.0844,26,3869.6998,10.6723,1,18,6,2,1,5.6036,1922.8113
B0020066,102.4282,10,3541.5473,24.9408,4,26,3,2,1,5.0053,3510.5904
B0004435,69.4564,0,180.8026,8.0148,3,21,12,4,1,6.4264,4163.1784
B0015565,114.7185,5,2117.0537,14.9648,4,16,5,3,1,3.8155,4023.0235
B0012221,119.7275,0,721.4834,4.9364,3,1,9,2,1,7.9312,4712.7102
B0007345,125.0816,14,358.2274,6.4504,4,24,12,4,1,7.9677,5336.6046
B0010652,79.1738,3,2018.6389,16.7476,1,10,2,4,1,4.875,3126.6508
B0014860,131.6856,26,3057.0982,20.8104,4,27,6,1,1,7.0068,3701.8115
B0001854,66.9787,7,120.0,10.9791,3,22,15,2,1,4.3728,3917.8228
B0017864,59.8608,23,2130.8339,11.2484,1,3,4,2,0,4.6339,2122.9033
B0017844,112.8989,18,2234.7974,24.2158,4,10,3,4,1,5.3767,3641.4528
B0000448,52.766,23,706.936,1.5299,2,7,12,3,0,6.3746,2752.1687
B0001367,118.4179,23,2628.463,18.1021,4,15,5,4,1,7.1316,3760.824
B0013168,76.01,27,1429.1886,21.237,2,1,7,2,0,4.5441,2555.2549
B0013555,125.742,17,2190.9386,17.7446,4,10,9,3,1,6.7062,4128.5861
B0003961,69.5603,28,1285.8805,16.4131,3,14,7,2,0,4.5432,2246.1762
B0015056,132.3387,18,120.0,7.6258,4,9,11,3,1,6.3027,5320.0347
B0006833,101.3572,30,120.0,4.7342,3,24,13,3,1,7.2726,4291.9379
B0001992,152.8861,31,2981.1791,22.0481,5,20,4,2,1,5.96,3954.6239
B0008722,86.9802,21,2154.331,18.2149,2,9,6,2,1,5.4773,3014.9763
B0011660,147.0777,24,771.3748,14.1606,4,8,11,1,0,5.8795,4469.3917
B0004700,59.4056,15,3105.368,18.2996,2,12,5,2,0,6.6326,2300.1328
B0012427,149.8227,24,1968.8694,15.6672,4,16,7,3,1,6.6159,4524.4064
B0014346,136.1811,31,3269.2345,24.9299,4,22,3,2,1,5.9952,3660.6968
B0002151,63.0838,4,2695.7783,5.0014,2,4,8,4,0,6.8326,3121.2734
B0021877,143.5079,11,563.651,2.7534,4,25,13,3,1,8.3752,5564.8608
B0003533,142.6438,26,3079.5791,22.8314,5,27,3,4,1,5.4427,4088.9366
B0015939,125.9486,19,2012.5491,4.4168,3,6,11,2,0,5.0839,4052.0653
B0002863,150.7212,6,968.6724,10.1855,4,23,10,2,1,5.9443,5227.4284
B0008547,141.0577,29,3398.9886,21.6927,4,25,4,3,1,5.7163,3814.5194
B0016606,55.0625,12,1682.5798,1.843,1,19,13,3,1,5.9281,2950.2555
B0010388,82.6599,18,934.1404,8.2194,2,4,13,3,0,5.0847,3520.0896
B0021103,74.7542,11,948.1629,10.9456,2,2,7,2,0,6.2657,3067.0272
B0018886,89.3229,8,1239.1899,8.4022,3,15,13,2,1,6.5531,3903.8115
B0016724,95.2297,11,120.0,3.2248,3,16,9,3,1,6.0829,4711.6292
B0019142,108.4206,0,1390.0579,5.4828,3,9,12,5,1,6.4118,4474.6337
B0015253,41.1527,26,2530.1396,22.881,2,2,4,1,0,3.0329,1080.7832
B0017513,118.3877,11,3423.7719,15.699,3,23,6,3,1,4.876,4000.2257
B0000615,76.685,22,3826.4499,20.1505,2,3,8,2,0,6.1788,2598.8262
B0013316,113.0397,5,1505.1111,11.4304,3,24,11,3,1,5.167,4459.5881
B0013751,90.7011,21,384.4909,13.3711,3,11,7,3,0,5.5019,3660.1039
B0003429,153.6611,16,3426.6593,19.8517,5,23,0,3,1,5.1014,4321.2518
B0002077,142.711,14,2147.4367,19.908,4,2,5,3,0,5.6211,4068.5927
B0017411,63.3163,27,2748.3521,11.7578,1,21,5,2,1,5.5417,2088.6586
B0018983,128.9654,8,4233.8672,15.0004,4,9,7,3,1,6.017,4357.0501
B0008309,69.3972,28,982.1914,13.5546,3,24,9,3,1,5.1834,3168.6051
B0011513,119.0267,31,1169.4932,9.9427,3,25,9,2,1,5.883,3982.7496
B0017350,64.4128,24,1837.5369,14.5014,2,12,7,2,0,5.9336,2281.5267
B0019658,77.035,19,1313.9964,8.708,2,18,10,4,1,6.0448,3429.6939
B0010287,147.2816,12,3441.5231,24.829,5,21,3,3,1,8.5423,4523.9783
B0001277,88.9053,7,2606.6759,9.8002,2,15,11,3,1,6.2722,3998.2211
B0004928,119.3991,6,1351.4406,15.2358,3,25,7,4,1,6.9262,4552.0612
B0002802,111.3841,20,2745.6209,24.7919,4,2,5,3,0,5.7675,3459.9058
B0003692,134.1417,13,502.9082,6.2405,5,8,10,3,1,7.7178,5234.084
B0011037,55.3366,12,794.3165,1.9666,1,13,13,4,1,4.0233,3257.0937
B0020791,109.0626,22,120.0,17.701,3,14,9,3,1,4.3058,4005.5795
B0001926,36.6782,3,1162.0061,19.7299,1,23,5,3,1,4.853,2000.6551
B0005168,88.4903,21,2538.3224,13.5284,2,16,8,3,1,5.4898,3255.6016
B0003328,86.3497,6,2639.1782,22.1105,2,6,6,4,0,4.0791,2950.4049
B0004271,107.1895,30,1322.7149,3.8258,3,7,9,3,0,5.4644,3563.9114
B0020590,111.9003,24,1177.4149,9.9669,3,2,12,3,0,5.5784,4105.4922
B0013237,132.0948,15,2367.219,13.1118,5,12,8,3,1,6.0687,4686.0525
B0010478,88.7942,9,1691.5755,7.4011,4,7,6,5,0,5.6258,3906.1258
B0007407,114.1743,25,580.5505,2.1276,4,6,13,4,0,5.3182,4545.3669
B0014878,91.8901,3,959.8002,8.0423,3,2,8,2,0,6.9886,3921.3709
B0001907,49.0719,22,2552.0675,23.3167,2,15,5,3,0,3.5442,1635.6318
B0000234,126.9178,22,2104.1841,17.9185,4,4,7,3,0,5.8188,3841.785
B0010900,40.1887,5,3448.9763,22.7967,2,9,8,2,1,3.8932,1916.6949
B0019150,101.6077,7,3110.0963,24.4672,3,15,6,2,1,6.7906,3333.1541
B0022247,114.4367,3,1342.6682,9.0912,3,27,6,5,1,6.9224,4646.2682
B0004128,43.7699,4,2396.345,4.8039,2,25,8,5,1,3.9308,2605.6183
B0019809,77.8575,19,989.8711,4.4459,3,25,10,3,1,5.5107,3601.711
B0019306,71.8726,24,3089.0205,22.2533,3,26,4,2,1,5.5695,2682.971
B0011690,37.2555,21,827.6834,8.7329,2,20,6,3,1,4.5018,2101.735
B0020537,134.86,17,3479.9405,21.4559,5,14,5,2,0,4.6171,3779.0178
B0014816,141.5267,29,120.0,3.6206,4,20,14,1,1,7.5682,5353.9544
B0017298,139.023,19,4085.4047,21.7379,4,2,2,1,0,7.3059,3784.9166
B0007098,110.4388,21,220.797,5.3773,4,17,11,1,1,7.057,4573.6097
B0008881,44.1249,13,2797.4154,13.8713,1,23,4,3,1,6.6242,2287.4128
B0002328,153.6229,27,1210.3734,2.4668,5,26,13,3,1,8.6,5249.5974
B0009123,148.1535,22,996.4637,2.9233,5,28,13,2,1,6.988,5187.1843
B0003729,79.3055,31,1473.2388,15.3642,2,26,12,1,1,4.4698,2895.915
B0016172,96.5534,1,2840.2446,15.2198,3,25,8,2,1,5.5616,3619.1613
B0010992,90.6742,24,2931.9743,21.73,3,17,0,1,1,5.4958,2773.459
B0002552,44.0877,26,2356.2027,7.8344,1,9,8,1,0,2.832,1758.298
B0017632,131.1614,8,1227.7641,13.6649,4,17,10,3,1,5.3879,4761.332
B0003966,137.5059,15,2357.6391,18.3522,4,24,6,2,1,5.254,4079.1365
B0006875,105.8303,13,2925.5662,18.1357,3,2,4,3,0,5.9531,3383.5677
B0019600,69.0886,11,1932.4204,18.3261,2,16,6,3,1,5.4938,2905.6455
B0013869,113.1451,26,2890.87,15.0382,3,16,3,3,1,5.9363,3332.1988
B0015266,53.3181,26,1546.5632,12.0172,1,9,12,2,1,7.0224,2579.9726
B0010794,90.2602,22,4446.6398,21.9536,3,23,1,3,1,4.962,2927.7808
B0018906,103.8667,11,1376.5323,16.0846,2,3,11,3,0,5.5453,3947.2921
B0007916,85.3348,24,1422.2827,3.8598,3,14,14,3,0,4.5942,3542.6333
B0009892,80.0333,27,1694.7093,8.9984,3,21,10,4,1,5.5785,3364.2097
B0021832,111.5158,6,2295.8283,17.7226,3,15,6,4,1,6.5385,3912.5995
B0019640,146.3885,19,616.5285,10.2185,5,10,10,2,1,6.6757,5025.9031
B0017982,50.7558,19,1033.7017,14.6469,1,6,8,3,0,5.2834,2202.6101
B0004132,151.7027,16,2942.0139,24.5151,4,23,6,3,1,6.4731,4293.5535
B0016582,102.4408,29,2566.8052,19.1921,3,14,4,2,1,4.617,2969.7685
B0021053,119.8783,21,2354.2963,2.479,3,24,8,3,1,6.6614,4292.2731
B0005698,117.8019,14,1681.6032,20.3776,3,23,6,3,1,7.9054,4065.6521
B0014486,50.9654,6,2808.2389,13.2247,2,17,6,2,1,3.2911,2211.9634
B0000013,47.8055,29,377.2749,5.5005,1,1,12,1,0,5.2294,2188.9501
B0007171,73.4676,9,3110.2292,22.1239,1,14,3,4,1,4.8343,2788.6273
B0017277,69.4528,8,2928.2203,19.0659,2,17,5,4,1,4.3474,2949.1799
B0004523,95.7646,27,1428.2203,6.4042,3,10,14,2,1,4.4504,3545.1008
B0002442,93.9673,26,120.0,2.2842,2,15,11,2,0,6.5641,4011.4682
B0021698,127.6414,4,713.471,7.6087,4,17,7,3,1,6.468,4736.5439
B0002120,95.1073,15,2643.5904,16.305,3,6,3,1,0,4.2775,3337.3238
B0000509,71.7113,17,1559.4196,6.2047,2,28,10,3,1,5.1502,3662.3874
B0012400,134.7587,2,803.9506,2.38,4,11,10,5,1,5.8322,5393.3858
B0001728,126.0422,3,3579.6291,20.9006,4,10,2,4,0,3.2261,4199.6903
B0020569,46.2229,21,3615.5088,24.0271,2,11,5,3,1,5.306,1871.2806
B0010069,141.1861,3,2364.8867,21.8767,4,6,4,2,1,7.3946,4183.6355
B0005115,98.0719,20,120.0,4.92,3,26,10,3,1,6.7633,4377.8544
B0013503,103.1311,31,632.9639,8.0587,4,27,12,1,1,7.3307,4166.5128
B0004237,126.9401,11,1570.8812,4.8896,3,24,9,3,1,5.1437,4690.0756
B0020379,70.5246,8,3924.2931,24.0135,2,24,1,4,1,5.4313,2859.6584
B0005426,114.7302,21,120.0,2.9675,4,6,14,2,0,5.3553,4782.5668
B0002060,100.4115,17,3235.5338,11.276,2,13,4,2,1,4.4244,3227.4602
B0007242,68.0809,24,1828.8801,3.7208,2,24,14,3,1,7.1564,3511.1514
B0019275,104.3769,26,3128.4603,24.9847,4,2,2,2,0,5.5998,3009.1555
B0015249,90.8847,22,1087.5004,5.7837,3,26,11,2,1,7.1856,3894.5239
B0003122,94.2943,14,1418.4023,4.636,3,24,12,3,1,6.8574,4121.5531
B0020759,93.1742,5,2854.4357,22.8828,2,25,4,4,1,5.637,3862.7376
B0013883,89.0775,7,383.9074,7.8468,3,9,13,3,1,5.3178,4272.1623
B0007722,141.5659,5,2409.6337,23.1915,5,17,4,2,1,4.2739,4356.6813
B0018316,36.4165,13,1138.7453,2.6873,1,14,13,2,1,4.2618,2326.7491
B0006211,146.4194,11,1718.5129,10.5327,4,12,9,3,1,5.7617,4821.9583
B0011531,45.5997,29,1491.3748,9.594,1,17,7,2,0,2.8102,1553.6399
B0018843,81.5124,9,2498.5074,12.0128,2,20,8,3,1,7.0083,3503.1774
B0010952,36.8297,9,2516.2796,10.4658,1,20,6,3,1,5.5554,2145.5353
B0002804,121.3098,4,2175.7941,19.213,3,22,7,2,1,5.3701,3915.4796
B0006321,105.5626,23,1835.1709,3.3439,4,18,11,2,1,4.5101,3962.9246
B0004453,45.8522,20,2161.5196,12.3648,1,3,10,3,0,4.1709,2133.3563
B0007642,51.1548,10,1874.3918,17.9919,1,18,9,3,1,5.2922,2440.8009
B0022490,121.1171,32,1540.5857,14.4789,4,22,8,2,0,5.1089,3384.7589
B0013995,154.6443,12,2227.8611,18.9012,5,3,4,3,1,4.515,4287.3396
B0002494,113.3307,10,2102.6841,18.311,4,6,6,4,0,6.3246,3727.9494
B0003011,109.4287,32,3234.2498,20.7067,4,18,6,2,1,5.4829,3003.9094
B0021789,41.2578,6,2703.847,18.1408,2,17,6,3,1,5.8848,2246.3326
B0011974,65.2977,11,1820.8126,4.8338,1,4,11,2,0,6.6462,2977.7071
B0003783,82.2619,0,2789.3405,24.4576,2,28,5,3,1,4.1707,3031.4808
B0008903,91.8584,31,3092.1188,20.4353,3,19,4,2,1,5.8171,2696.8487
B0006422,84.0613,1,1254.7729,11.775,3,4,6,4,1,6.9559,3497.2103
B0000093,40.0874,7,1771.4255,21.3402,1,17,4,3,1,4.8514,2045.3887
B0012282,95.7679,3,1321.3038,6.6224,3,26,10,1,1,5.4388,4317.092
B0017998,153.9773,24,2654.329,22.2679,5,14,3,3,0,5.1841,3958.3692
B0007401,125.7961,31,1639.4585,7.5676,3,19,12,3,1,6.2277,4035.9195
B0000869,151.4359,3,697.6153,4.3616,5,25,11,3,1,6.5322,5822.9754
B0019244,137.5753,12,2709.6612,18.5747,4,18,12,1,1,4.0918,4307.9902
B0008543,142.4697,7,2854.3455,24.1259,5,23,5,4,1,6.2126,4432.3763
B0001821,120.8085,26,2224.7751,1.7513,4,3,11,1,0,3.98,3878.0617
B0003909,78.4944,29,120.0,13.5315,3,18,7,1,1,6.7569,3130.4907
B0014067,127.0466,21,610.181,11.6729,4,8,8,2,1,4.9849,4122.6782
B0010908,127.991,7,578.4743,4.4076,4,9,13,4,1,6.3995,5269.5183
B0022069,78.6546,28,2393.4162,17.124,2,13,5,4,1,6.8526,2782.9671
B0004729,93.4614,3,1320.5832,17.9353,2,4,7,4,0,5.1346,3621.9017
B0005143,42.4995,5,2886.9323,23.9538,2,26,0,2,1,3.4306,1936.6653
B0017757,61.3004,7,1624.4059,6.166,2,27,9,3,1,7.3844,3330.4164
B0001753,124.6628,1,1856.1381,8.2558,3,22,8,4,1,4.2144,4622.3509
B0010119,35.472,23,590.3709,5.0159,1,19,10,3,1,5.0103,2341.1388
B0020973,126.2194,3,1159.0215,14.0017,3,22,5,3,1,2.4,4440.3274
B0004246,71.6111,20,1192.3859,15.9993,2,15,6,3,1,5.1817,3031.2205
B0007140,88.2673,20,2805.9162,15.3755,2,28,6,3,1,4.394,3379.4843
B0021530,124.9534,30,2392.9953,17.8175,5,28,10,1,1,4.1179,3654.2202
B0002830,51.8468,14,3562.4105,22.9349,2,25,1,5,1,2.9022,2395.8906
B0010212,98.8372,29,636.5478,9.8548,3,21,12,2,1,5.5633,3994.9738
B0004022,97.1604,3,782.201,8.648,2,16,12,4,1,5.2287,4398.4201
B0017374,107.9776,18,2361.179,7.1502,3,9,8,2,1,5.409,3849.9117
B0017195,65.2627,21,2506.5401,24.6117,1,24,0,4,1,6.8818,2447.588
B0002957,154.8621,4,2706.3959,19.3869,5,27,0,4,1,6.4235,4945.4465
B0018273,63.9799,17,1283.7383,8.9577,2,18,6,2,1,6.6545,3037.1536
B0008055,68.141,12,3266.1894,14.9636,1,18,6,3,1,2.9226,2634.5212
B0002636,86.9162,29,2050.1422,6.2386,3,23,10,2,1,6.3322,3464.475
B0004097,74.3598,14,771.0079,15.0373,2,5,6,3,0,4.5712,3228.4188
B0006520,53.1037,28,1079.9639,5.5479,1,13,10,3,0,5.6672,2302.8979
B0006518,58.0568,12,2253.085,17.506,2,24,5,3,1,6.3111,2739.0689
B0006234,92.0992,3,1095.0626,2.6209,1,15,14,2,1,5.304,4048.8831
B0001185,82.0745,12,1019.8189,10.786,3,6,3,3,1,3.8773,3238.1985
B0013483,89.0523,4,2092.9808,8.0694,3,6,9,5,1,4.1699,3856.0341
B0009958,148.9724,9,1621.6956,11.5724,4,18,12,1,1,6.1166,4906.0991
B0004808,102.0692,13,3977.3974,21.4196,2,12,0,3,1,6.4404,3333.7356
B0014214,118.5531,1,2188.382,17.5017,4,27,4,4,1,4.1559,4171.1745
B0005543,83.5444,31,2513.6029,9.5339,1,9,10,1,0,6.8511,2699.8414
B0004904,143.8718,15,1305.4264,6.9023,4,11,13,3,0,5.4653,4737.894
B0007564,72.5892,3,2006.2764,16.4289,2,15,9,4,1,5.6282,3537.2871
B0000541,114.9909,20,2063.1172,17.6588,3,14,9,3,1,5.3857,3891.2023
B0013601,85.2223,16,2371.2526,21.0326,2,23,5,4,1,6.0228,3258.8765
B0000714,131.8607,12,120.0,11.6965,4,24,10,2,1,6.2418,5343.2363
B0014922,82.3129,22,120.0,2.7838,3,8,11,2,0,6.0383,3947.1429
B0005849,88.1019,18,2475.8147,16.4494,3,11,8,3,1,5.2958,3389.3455
B0004260,61.1313,19,3819.7213,22.3563,2,17,2,4,1,5.6177,2251.7158
B0020877,118.1943,13,210.4871,10.8359,4,20,8,2,1,7.3375,4850.4904
B0004704,154.5353,19,1937.9201,14.2686,4,23,8,2,1,7.6265,4663.6646
B0016693,113.8454,16,2959.5472,17.8077,3,25,6,3,1,4.6064,3757.0862
B0009249,116.2258,6,1585.2663,10.7828,4,7,11,2,0,5.6075,4078.5549
B0013047,121.4499,10,606.4435,4.2795,2,27,12,1,1,6.2766,4911.3524
B0021211,67.122,14,1154.3013,18.9615,2,9,6,4,1,6.8627,2904.9191
B0015307,103.2547,24,1267.7357,2.4575,3,6,14,2,0,4.7515,3836.9872
B0001841,151.0027,7,3786.7121,15.1338,5,24,3,2,1,6.3372,4553.8116
B0017591,150.836,4,2675.3984,12.7427,4,4,7,3,0,5.3948,4642.1238
B0008854,38.8992,11,4075.8667,17.8744,1,21,3,4,1,4.7615,1917.8715
B0016008,103.0958,25,1112.4716,11.6833,3,16,9,1,1,7.479,3754.7201
B0000503,137.1455,30,1731.0613,10.9641,4,27,4,3,1,7.3628,4244.1656
B0017400,70.8887,13,3564.4602,22.8232,2,6,4,2,0,3.879,2279.681
B0003643,88.4113,21,2237.5401,8.6674,3,5,9,3,0,4.6122,3347.9612
B0017437,152.6497,10,2129.0758,23.2356,5,1,0,2,0,5.7607,4224.6071
B0005525,88.6971,20,2787.7992,21.5374,3,3,2,4,0,5.5494,2984.1262
B0007450,143.5403,17,3345.7726,13.446,4,25,4,2,1,6.923,4614.4673
B0000429,90.733,20,1805.1709,12.2877,2,18,7,1,1,3.6919,2959.5058
B0016941,146.6775,32,3615.2452,21.8907,4,14,8,2,1,6.1182,3697.1614
B0005213,95.7881,22,1385.3852,14.3065,3,2,11,2,0,5.6101,3165.5423
B0020726,60.455,1,1877.1582,21.0855,2,19,3,4,0,4.9559,2502.9613
B0010121,63.5043,18,3501.2568,11.6208,2,5,6,2,0,4.4345,2244.8635
B0002803,136.457,28,928.7206,7.1988,5,3,10,1,0,6.3515,4324.5141
B0013303,111.1209,19,1582.743,16.2675,3,7,7,3,1,5.4412,3748.9958
B0002536,107.6353,7,236.8668,2.1076,3,2,12,2,0,7.2473,4760.3538
B0010501,44.4723,21,3891.6937,23.5173,1,4,2,1,0,2.8431,1287.8406
B0002002,57.1016,25,1565.649,13.1883,2,15,12,3,1,4.8794,2564.7531
B0011549,145.8471,25,592.3338,5.7287,5,21,10,4,1,6.6797,5242.5611
B0020927,46.2712,20,2436.2261,14.5953,1,8,8,3,0,5.0157,1937.9047
B0020338,107.149,6,3020.75,23.4125,4,17,0,2,1,4.2075,3297.2183
B0009560,127.6478,27,316.7393,7.6978,4,7,11,1,1,6.18,4519.9717
B0004681,126.6902,2,2349.6621,17.1279,3,17,9,1,1,8.2029,4131.893
B0008438,48.9115,32,2828.4221,13.6901,2,7,6,2,0,7.0919,1718.454
B0018946,118.7131,1,2837.2614,7.1681,4,1,15,4,0,4.9162,4688.0834
B0014111,76.1123,17,1292.5586,21.6136,1,28,4,3,1,5.1416,3161.9939
B0010541,125.2704,0,667.5843,6.5328,3,20,14,4,1,5.4208,5192.6936
B0000631,122.5156,11,715.7503,2.7977,4,15,14,3,1,6.5867,4966.821
B0010090,117.3235,2,2145.4483,12.9443,4,3,9,4,1,7.1581,4518.4363
B0002630,131.9753,2,1705.4852,8.911,3,28,8,3,1,8.4971,4832.5772
B0008366,101.1555,11,3346.8015,21.0231,4,7,5,3,1,5.7538,3538.8501
B0017337,133.4437,24,2166.979,7.6002,4,10,8,2,1,6.6269,4187.9631
B0014388,138.9136,30,278.2142,1.6953,4,22,10,1,1,7.2619,4790.658
B0011311,146.2112,0,1563.6155,9.9172,4,5,7,3,1,6.2937,4786.8877
B0004975,63.0643,12,3218.2705,17.3179,1,23,6,3,1,4.8733,2610.7351
B0022393,69.7624,1,120.0,3.8506,2,3,8,4,1,6.3471,3876.5973
B0000432,129.6507,12,1285.1232,17.5304,3,3,7,2,1,6.5984,4241.1824
B0005753,73.527,5,2408.2581,6.2773,2,8,9,3,1,5.4419,3256.1576
B0021163,99.7019,14,920.1035,16.1746,3,17,9,3,1,6.1674,3880.8029
B0015658,106.7515,31,1221.4809,20.8391,3,11,3,2,1,4.9916,2923.4084
B0010698,76.1997,25,1724.6228,7.9076,3,27,9,1,1,7.8478,3312.8971
B0013437,152.1045,23,120.0,8.6235,5,9,11,2,1,8.0816,5601.1742
B0016387,103.0852,18,354.7737,8.6854,3,4,12,3,1,6.0688,4410.5172
B0010480,35.5533,12,2864.7577,8.1281,2,2,7,4,1,5.445,2232.0792
B0012430,72.6516,7,1804.2676,9.3636,2,13,11,4,1,3.5438,3347.6388
B0007699,76.9388,19,1361.9098,14.1957,3,14,12,5,1,7.3203,3464.0981
B0018169,60.7236,12,757.4097,7.5786,2,9,13,2,1,4.7782,3075.0887
B0011315,86.0902,23,120.0,3.1958,3,14,10,2,1,7.4206,4208.8584
B0009299,120.9405,8,1076.5422,5.4121,4,25,9,4,1,4.9184,4666.115
B0007946,150.8985,13,2093.7277,8.7485,5,11,12,3,1,6.959,4940.9787
B0021531,108.6928,6,918.5555,8.0375,3,16,14,2,1,6.6276,4515.3976
B0015168,101.2303,2,3597.2741,23.4063,3,1,6,2,0,4.9234,3154.4884
B0005867,121.7666,26,1842.4017,20.3466,4,11,4,3,0,6.3604,3608.259
B0019282,126.4167,27,1086.8741,8.1028,4,26,7,2,1,7.9709,4453.7327
B0010306,76.0111,32,120.0,5.7359,2,19,11,1,1,6.2752,3304.9423
B0014742,87.8554,8,1506.854,21.3389,2,28,3,4,1,4.12,3410.1698
B0018788,71.0531,32,1397.1912,4.7755,2,8,11,2,0,6.4688,2641.7542
B0021538,121.7329,2,3911.3745,20.484,4,17,4,3,1,4.8822,4075.0831
B0016826,109.8785,32,120.0,2.1987,3,26,13,2,1,5.9947,4476.4295
B0007005,126.0751,31,120.0,2.8355,5,18,16,3,0,5.8104,4685.6066
B0002131,97.2621,9,279.382,12.9972,3,17,10,2,1,5.1539,4453.4332
B0005977,116.1772,31,3611.2928,24.2803,4,10,0,2,1,8.5689,3103.1317
B0006118,68.6103,31,2710.4148,22.6567,2,17,7,2,1,4.5322,2303.1355
B0008203,141.87,29,1316.4587,4.2891,4,11,9,3,0,6.1647,4508.6205
B0011716,87.7938,5,1693.1125,14.8514,2,2,6,3,0,4.4978,3256.4719
B0009011,87.9044,0,1348.8232,1.8792,2,19,11,4,1,6.2713,4207.6909
B0006885,92.4161,22,2012.47,17.9746,3,20,2,2,0,5.9429,3011.3944
B0004967,47.3925,27,3115.3124,24.4587,1,18,2,2,1,4.8615,1632.4913
B0015446,124.5447,32,120.0,4.7366,4,4,11,2,0,4.6316,4709.624
B0011839,132.9011,13,1359.7673,10.9915,4,1,6,3,0,6.4642,4329.2014
B0001333,38.7017,12,1678.3755,17.2164,1,1,7,3,0,5.9086,2084.8113
B0009875,133.1074,23,3129.082,12.5162,4,27,6,3,1,4.1085,4350.359
B0007502,69.126,8,3936.239,22.7889,2,4,5,2,0,4.0261,2436.1767
B0020649,99.9005,27,1289.5363,5.149,3,2,12,2,0,7.4654,3770.578
B0006023,65.8971,24,2293.0135,24.9193,1,24,4,2,1,3.4515,2137.07
B0006783,146.2651,11,2890.2445,19.2122,3,16,4,3,1,5.1257,4145.5604
B0015648,38.06,15,689.1567,12.3226,2,2,7,3,0,3.1044,2008.6385
B0005183,134.5806,26,3655.2525,22.7157,5,4,7,2,0,6.958,3455.4747
B0021576,90.0472,10,1960.2224,9.6369,2,28,8,3,1,4.648,3574.1489
B0002234,41.8813,8,2377.5478,22.4142,2,26,6,4,1,2.7423,2257.2176
B0009061,128.9846,21,1871.4688,6.3482,4,17,12,4,1,6.2384,4541.9349
B0018827,78.697,27,3443.612,19.8369,2,13,3,2,1,4.2235,2506.7551
B0014338,120.9006,0,2423.743,17.8727,4,8,2,4,1,5.551,3854.1503
B0002931,96.9384,20,1582.4116,13.1708,3,26,13,4,1,5.3036,3736.2152
B0015640,54.7264,10,4323.8096,20.4175,3,26,6,3,1,5.7153,2540.752
B0013488,93.4059,11,2837.1946,24.039,4,16,0,2,1,6.6341,3409.2919
B0007957,154.6336,26,1977.5941,16.1086,4,28,9,3,1,5.6191,4763.2586
B0019591,133.0943,17,1662.3323,10.742,4,17,6,2,1,6.757,4445.2608
B0007861,96.977,6,678.305,3.1306,3,3,9,2,0,7.2044,4225.5379
B0008533,121.6978,12,962.3729,8.5405,4,16,11,4,1,7.4181,4696.3088
B0002809,56.1968,4,2660.8345,21.0717,2,21,3,4,1,5.104,2377.9007
B0013058,73.3239,26,1004.4967,8.8192,3,24,9,2,1,3.6424,3273.7918
B0018105,92.2771,2,120.0,7.2202,3,10,14,4,1,5.4169,4616.245
B0020994,116.8109,21,970.3932,16.3448,4,3,6,2,0,5.2122,3832.8235
B0013233,115.5632,30,2334.4446,20.8396,4,2,5,4,0,6.1987,3259.6282
B0017931,129.4303,5,120.0,5.6003,4,3,14,3,0,5.9607,5305.077
B0013059,137.443,23,989.7716,4.6095,3,2,10,1,0,6.0357,4279.9497
B0013275,73.4701,3,3097.183,21.4209,3,10,3,2,1,5.2719,2844.3671
B0016636,75.394,19,120.0,5.0749,2,14,16,2,1,5.028,4029.7689
B0005693,149.3381,26,3106.8303,16.2183,5,10,4,2,0,5.4072,3958.1286
B0016925,142.3489,1,2061.5128,22.5473,5,3,4,3,1,5.9476,4305.5275
B0012775,49.9317,6,2028.9014,10.6364,1,17,12,3,1,6.5381,2791.8618
B0000967,104.3236,29,1855.3974,11.6747,3,1,8,1,0,5.9297,3239.4874
B0014413,141.7485,5,3018.8027,20.1457,5,10,6,4,0,5.9646,4465.4999
B0016807,109.3897,18,1858.2986,21.9381,5,27,2,3,1,5.28,3730.2284
B0009082,81.7653,17,1565.3817,3.3713,2,9,11,3,1,4.27,3707.5424
B0019827,75.1966,26,120.0,3.0483,2,25,11,2,1,5.6101,3910.6902
B0009759,141.6015,15,1038.4007,7.4572,4,24,13,4,1,6.7961,5239.9278
B0020189,65.9192,17,2845.0109,12.6004,2,7,11,2,0,5.4136,2655.1207
B0019845,91.2996,0,2314.967,20.6796,2,19,9,5,1,4.6866,3685.9116
B0020405,90.3162,24,1155.8498,13.9974,3,15,5,3,1,6.4392,3134.6954
B0009437,132.8065,19,338.9472,4.6868,3,8,13,3,0,4.5374,4931.2502
B0004402,66.4192,18,1795.121,3.7389,2,18,12,2,1,5.8562,3046.1718
B0016069,148.92,14,2233.7644,22.438,4,1,1,3,1,7.2096,4477.854
B0004561,81.6099,20,1341.79,1.7986,3,17,11,2,1,6.3836,3846.0301
B0007514,63.4184,23,1917.9632,13.0871,2,10,12,2,0,5.4529,2517.4913
B0015707,51.7562,9,1737.6,17.9302,2,2,4,4,0,4.5653,2240.943
B0019697,95.1578,12,571.7397,6.8393,4,26,10,2,1,7.6861,4286.0956
B0022142,73.1118,28,3502.7781,18.7779,3,2,6,1,1,6.2967,2271.8568
B0018601,60.5657,5,2528.8853,23.0799,4,27,6,2,1,4.3966,2791.832
B0015053,134.3777,28,981.6019,14.4478,4,7,6,3,0,5.8953,4049.1024
B0017122,73.9356,24,847.3764,5.1745,1,5,11,2,0,6.7111,3540.7272
B0017121,123.4397,0,2810.0017,14.5906,3,23,7,3,1,4.8895,4375.9444
B0010664,132.2579,3,4393.5454,20.3751,4,1,3,3,1,3.9457,3776.6343
B0016619,49.6525,24,2595.4247,7.8048,2,4,9,3,0,4.3699,2454.8166
B0012209,54.4325,5,3134.6322,20.2529,1,12,4,4,1,5.6807,2367.6218
B0017561,145.6465,24,2917.142,20.7286,5,21,2,1,1,6.5436,3945.8743
B0012094,43.7232,16,1525.1692,12.1838,1,11,7,4,1,4.5416,2312.4664
B0002334,40.8928,2,3686.3648,14.0868,1,22,6,4,1,6.1002,2200.0546
B0002549,92.4217,4,2049.3879,7.0744,2,22,8,4,1,3.8957,3954.3118
B0005436,138.0206,31,1567.209,19.9147,4,19,7,2,1,6.417,3902.5119
B0000210,78.3489,22,1981.1695,18.4194,2,24,2,4,1,6.6006,2979.8472
B0003785,112.1481,7,1962.6655,11.5479,4,28,7,4,1,6.7046,4365.5201
B0010694,72.0302,8,2265.119,15.4091,2,17,7,4,1,5.7515,3124.6488
B0007978,136.8821,24,1571.3242,12.6531,4,20,7,4,1,5.2179,4430.1748
B0019759,140.2168,0,3018.4516,22.81,5,23,5,4,1,6.4866,4554.064
B0015081,101.5318,14,3115.9648,21.7794,3,5,6,2,0,5.4275,3238.7473
B0002534,61.0498,9,871.2862,6.9195,1,6,11,4,0,6.0633,3163.8744
B0000786,56.3647,3,2255.7629,20.8261,1,24,3,3,1,4.694,2353.7126
B0019991,124.2959,29,1365.7469,15.0255,4,12,8,2,1,4.9782,3781.4443
B0005601,90.1861,5,3047.3243,17.2303,3,1,9,5,0,5.2844,3527.8977
B0021974,134.4519,27,3926.1344,18.4937,3,28,7,2,1,6.9812,4013.6127
B0014766,40.2605,12,3554.5478,20.3432,2,21,3,3,1,3.7307,1872.6598
B0007433,39.5096,6,1411.6858,16.6962,2,19,6,2,1,3.759,1990.0034
B0000306,56.2625,8,2969.8193,21.3953,1,19,5,3,1,6.2708,2446.5533
B0002499,127.2489,8,1352.1528,8.9366,3,16,9,3,1,7.4818,4635.8996
B0001375,143.6005,9,620.5757,3.4532,4,2,14,4,0,5.6166,5345.7437
B0018429,97.5815,24,2615.6714,18.4586,3,27,2,1,1,6.0019,3054.6072
B0014401,39.9366,28,1884.444,12.5171,1,13,8,1,1,5.3407,1727.4628
B0021648,110.2681,10,3196.3571,20.4343,3,20,3,3,1,3.6298,3746.1411
B0018509,76.0218,24,4017.0934,21.4334,3,7,7,2,0,6.0671,2479.6419
B0006907,148.0573,19,1883.9228,15.4001,4,14,10,3,1,6.6649,4816.2553
B0011571,43.4922,7,3170.345,19.6634,1,24,7,3,0,5.5339,1926.665
B0020563,133.0909,7,2985.1947,19.5376,5,5,5,3,0,6.4299,3891.2105
B0016402,108.7179,20,485.0764,3.3719,3,18,14,4,1,5.7946,4539.4257
B0012591,114.2871,13,2017.0,12.4448,3,1,10,1,1,5.6627,3957.7115
B0002108,124.0593,28,722.3728,4.9327,4,17,12,1,1,4.8552,4294.1784
B0005629,126.0064,22,1894.8966,12.3164,3,3,5,3,0,5.8848,3900.5629
B0012203,44.6616,13,2315.5203,11.3065,2,12,10,3,1,2.9081,2326.3967
B0004224,52.5037,26,2333.7386,22.2743,2,28,4,5,1,6.3398,2266.4535
B0015634,72.6347,18,3215.0161,19.8932,2,8,4,2,0,2.5691,2185.5443
B0003287,39.2598,19,1324.8668,7.3815,1,28,11,4,1,5.9416,2441.3381
B0016654,46.8593,23,120.0,3.0361,2,6,14,2,1,6.3494,2793.6187
B0002672,123.7036,8,120.0,2.1292,4,13,10,3,1,5.4812,5511.5978
B0001749,54.498,12,1902.9574,18.9869,1,13,9,5,1,5.9027,2550.5748
B0007682,66.1824,5,1567.2634,9.8575,3,2,8,2,0,7.0093,2884.1959
B0000088,38.4518,20,1589.5419,18.4376,2,27,9,2,1,3.534,1931.0701
B0006530,138.1442,20,3410.333,22.0411,4,1,5,2,0,5.0788,3694.1988
B0004484,133.5056,5,120.0,7.4224,3,15,11,2,1,7.0296,5433.0046
B0003707,95.3936,10,2806.003,18.5206,2,17,4,3,1,6.797,3407.6767
B0001432,127.8401,0,620.4501,4.7273,4,9,10,3,1,5.3296,5101.1212
B0019298,44.3127,10,2312.0333,11.5336,2,14,8,3,0,3.9248,2022.2235
B0009497,127.5607,0,705.368,17.2103,3,14,6,5,1,6.4553,4769.914
B0002965,119.4618,4,120.0,4.7858,4,24,9,2,1,4.8373,5404.6355
B0012202,113.2034,22,1417.296,10.0036,4,6,9,3,1,5.3093,3836.7652
B0012764,58.605,6,2233.3215,19.5053,2,1,9,4,0,5.257,2862.8502
B0012786,77.9991,26,1518.9821,19.6632,2,24,7,2,1,5.7248,2853.4757
B0002897,135.7421,14,3034.2803,19.5087,4,16,9,5,1,7.588,4637.1825
B0013863,49.7254,2,1592.1241,6.2942,1,23,12,5,1,5.5737,3078.2628
B0012297,87.8418,24,3869.8686,24.4428,2,25,1,3,1,6.4657,3000.8976
B0011147,53.9043,20,2565.2846,23.1894,1,1,4,3,0,2.9934,1629.006
B0010256,79.5321,5,120.0,7.5427,2,28,15,1,1,4.514,4093.1181
B0001997,103.6958,17,2020.3022,16.217,4,22,4,3,1,6.2633,3709.6658
B0001619,147.7656,28,1971.6327,8.1047,4,17,7,4,1,6.2895,4350.2067
B0019935,136.506,25,3249.196,16.4763,5,8,8,3,1,5.2071,3962.728
B0020474,69.6262,32,2476.9712,21.6932,3,19,1,2,1,4.9759,2200.784
B0004035,36.3459,12,3721.8439,12.81,1,9,5,3,1,5.3803,1932.3552
B0000236,43.3824,14,440.8772,9.2689,1,24,9,1,1,5.0758,2670.1898
B0012201,114.0067,16,1888.1331,21.2794,4,6,2,3,0,6.2693,3529.2415
B0011628,75.9014,4,854.1168,9.7782,2,20,7,4,1,6.4681,3723.3388
B0002102,50.5848,32,1243.2077,14.3925,1,11,6,2,0,5.2908,1724.0615
B0006188,37.7568,17,1393.9723,10.064,1,2,8,1,0,3.191,1798.0269
B0004051,151.1138,31,2518.6835,22.3045,5,5,5,1,1,6.5155,3795.3758
B0000753,50.4533,3,2909.4158,12.7807,1,25,7,4,1,5.4205,2569.622
B0016261,97.3752,13,2503.4286,11.9479,3,25,10,2,1,3.4253,3815.8814
B0012881,123.2478,15,1156.931,6.7171,4,25,13,3,1,4.8371,4857.4
B0005880,102.5069,26,2333.8411,15.5526,3,11,3,3,1,6.3087,3283.7108
B0013473,58.4078,2,120.0,2.5429,2,21,12,3,1,7.3804,4090.6014
B0004898,118.2297,26,383.8442,6.2449,4,19,11,3,1,5.3486,4752.5286
B0001250,95.4714,13,3820.0794,15.3058,3,19,5,4,1,4.9717,3548.4345
B0017727,44.1004,17,369.6159,8.5169,1,21,12,2,1,6.1519,2668.9756
B0005355,96.4481,26,2270.2814,11.0641,2,22,5,2,1,7.1644,3293.07
B0003480,61.2857,27,2918.9604,15.8002,2,22,6,2,1,7.1024,2142.6297
B0003413,56.1797,8,2481.5142,14.6643,1,27,5,2,1,5.3169,2569.1645
B0012302,70.6142,27,151.2518,7.8876,2,9,9,4,0,6.1125,3368.114
B0002651,137.9303,1,4900.0,18.348,4,2,5,4,1,6.3489,4366.7404
B0006210,123.2437,31,230.9835,14.5634,4,16,12,1,1,6.12,4424.8984
B0008113,88.6386,7,2723.852,22.273,3,5,0,2,1,6.714,3144.7863
B0016212,48.0466,3,298.3499,8.741,1,9,10,3,1,4.8126,3046.4909
B0003743,82.1735,0,3104.4004,20.1087,1,12,3,5,1,3.9709,3168.4106
B0006871,116.7224,5,4212.2834,19.3496,4,7,4,1,0,6.2538,3718.0417
B0018405,142.6623,2,2342.2929,20.3686,5,4,7,3,0,7.0009,4529.3006
B0000506,128.5343,8,2409.6299,18.7861,3,27,10,2,1,3.9688,4271.6928
B0020091,106.685,11,120.0,5.6426,3,17,13,3,1,6.8195,4864.0313
B0014600,41.4721,27,2582.0139,23.9861,1,19,4,4,1,6.4136,1660.4624
B0019194,40.5051,9,2239.2023,10.7392,2,25,7,4,1,4.9989,2442.029
B0014676,87.1983,12,1377.8596,3.1995,1,28,10,3,1,5.2534,3975.8687
B0020822,102.6376,1,120.0,4.8394,3,20,14,4,1,4.6617,5113.712
B0016911,44.3395,20,2403.1331,10.301,1,22,9,3,1,6.9882,2411.2194
B0011290,43.8175,18,4146.8672,14.3495,1,21,4,2,1,5.826,1797.4787
B0020568,76.0226,26,2560.698,11.7999,1,4,6,1,0,7.0816,2565.7166
B0005396,116.9121,24,120.0,2.2101,4,27,15,3,1,6.1433,5058.5167
B0012300,93.455,10,120.0,2.6318,2,19,13,3,1,6.7152,4889.3014
B0019927,123.171,18,120.0,3.0715,3,11,13,3,0,5.1821,4902.2422
B0017938,103.4053,10,729.9918,2.9645,2,11,14,3,1,6.4379,4555.3558
B0013911,116.7994,3,901.9872,12.1476,2,18,6,5,1,7.6063,4454.317
B0020153,140.5432,25,3841.0489,24.6013,5,15,2,4,1,5.0641,3782.3908
B0008025,148.2263,1,2944.6037,23.5714,5,10,1,4,1,5.6035,4337.1029
B0006236,64.8989,24,3127.2845,18.7702,1,28,7,3,1,4.056,2343.6973
B0002496,109.2898,3,1207.9166,15.8667,4,22,7,1,1,5.1528,4002.6258
B0012163,73.3968,16,2007.7404,17.6811,1,7,6,2,1,4.8351,2820.6004
B0016131,110.2507,1,2060.9021,22.5253,3,11,5,4,1,5.876,3831.9261
B0003379,144.5183,4,120.0,7.6386,4,21,12,3,1,5.4672,5791.2724
B0001622,71.4111,2,1761.899,10.8254,2,3,6,4,0,7.5565,3148.5113
B0018026,104.402,11,1628.9915,11.8068,3,19,7,4,1,5.7891,4164.4456
B0007801,140.3417,24,545.7655,9.3186,4,8,9,3,1,8.104,4737.2034
B0006839,137.6739,18,2395.1588,21.3802,4,25,5,3,1,4.5188,4082.5758
B0021248,111.4595,32,1353.6841,9.1325,4,26,11,3,1,6.1941,4116.7004
B0019200,99.821,22,2006.9002,16.4683,3,14,10,3,1,5.3755,3707.8848
B0002438,147.2108,9,1114.8151,6.6109,5,26,10,4,1,7.3515,5499.9202
B0010262,76.8182,0,2006.9612,15.6923,2,2,5,3,0,4.902,3015.1502
B0020461,148.4694,12,592.6537,11.1024,4,26,8,3,1,7.714,5282.7104
B0009473,51.7472,25,239.7853,6.0979,2,1,16,2,0,4.1853,2708.5819
B0015898,139.651,4,120.0,9.895,4,24,10,3,1,6.2128,5402.7362
B0019113,61.0071,32,120.0,2.954,2,2,16,1,0,5.7793,2900.6609
B0019359,83.2239,2,1168.8534,2.9928,3,6,12,2,1,6.3664,3921.8349
B0009731,145.6453,16,621.8903,14.6748,5,26,6,2,1,3.5326,4925.7121
B0007142,70.6068,27,2211.8303,19.1387,3,4,5,2,0,5.4727,2217.1404
B0002317,86.8577,5,120.0,1.7715,3,10,12,3,1,6.3406,4480.4038
B0022177,154.7356,29,1150.6726,7.6054,5,27,11,2,1,6.7323,5231.7548
B0008326,87.4364,24,1588.1044,17.4296,3,15,4,1,1,3.3167,2822.4408
B0012606,88.4161,8,3143.6822,22.2939,3,8,2,4,0,4.6256,3008.6916
B0002748,123.6681,21,1925.5691,14.9651,4,15,4,3,1,5.767,3958.9755
B0010194,81.2334,14,312.5205,5.4829,3,25,14,3,1,5.1654,4260.0023
B0011213,39.8227,25,1383.5533,5.4797,1,18,11,2,1,5.6937,2140.246
B0006209,53.1919,23,120.0,1.8298,2,4,15,2,0,4.8847,2854.5917
B0022047,105.4625,30,120.0,4.1123,3,23,12,2,1,5.8317,4256.5636
B0001905,107.5169,25,1883.8404,17.9802,4,7,10,3,0,6.3674,3514.6533
B0019291,107.9273,24,120.0,3.5268,4,23,14,1,1,5.4476,4918.0916
B0003981,47.8005,17,951.1162,19.6071,2,17,9,2,1,3.9775,2378.6525
B0011914,78.6818,4,120.0,4.6133,2,17,16,5,1,6.2707,4451.3898
B0011778,75.7686,28,3580.3611,16.7876,2,10,6,1,1,5.2981,2462.6765
B0004542,91.8747,28,1840.4598,21.6225,3,2,4,1,0,4.9666,2621.9943
B0009377,154.8856,13,1803.0021,11.4821,5,23,10,3,1,6.8819,5142.0549
B0013274,53.3396,1,3692.1978,19.6904,1,20,8,3,1,6.0759,2482.658
B0019673,127.0785,12,2243.5831,14.0331,4,2,10,4,1,4.871,4293.2822
B0014296,79.7114,15,518.5225,4.3292,2,14,11,3,1,4.9268,3983.7304
B0002740,117.4662,30,1716.1608,15.2865,4,27,5,3,1,6.5356,3761.5019
B0011022,81.3867,12,1016.1578,7.9149,3,7,11,1,1,5.119,3270.0346
B0010899,90.37,4,120.0,2.9161,2,7,15,5,1,5.7585,4731.4474
B0020318,106.7284,11,2115.8821,14.738,4,22,7,4,0,4.4249,3681.2511
B0021555,151.2434,12,1805.6681,2.8378,4,8,10,3,1,6.2967,5047.4581
B0000750,67.885,2,1221.967,5.3896,2,22,11,5,1,6.1276,4012.0263
B0015578,127.5691,8,2890.7059,22.6122,4,10,2,2,0,6.3203,3508.4179
B0012569,139.4102,5,1408.7047,13.0799,5,1,12,2,0,5.9175,4814.648
B0018739,57.7478,2,3542.669,21.2468,2,19,4,2,1,5.2688,2500.9016
B0020957,89.8193,22,120.0,9.2745,2,6,7,3,0,5.2235,3590.6151
B0019227,46.4766,29,1939.6643,10.5066,1,19,9,3,1,5.6569,1972.0239
B0003581,42.0542,19,2809.3219,23.0099,2,19,1,3,1,5.5424,1871.8794
B0019727,141.2671,24,2566.8117,19.1888,4,22,5,3,1,5.972,3969.3868
B0004717,123.1133,16,1029.4022,2.0036,4,16,8,3,1,5.8359,4657.3966
B0009242,132.8448,12,2508.2564,19.4461,3,28,5,3,1,5.1869,4337.9289
B0020577,45.6929,11,1686.2716,5.0991,1,18,9,3,1,7.9849,2436.2848
B0014803,44.9552,8,811.6034,8.908,1,24,13,3,1,5.278,3003.5604
B0015306,116.0785,4,4833.2463,23.1518,3,21,0,4,1,5.4181,3896.0528
B0008860,98.7061,15,1613.3731,13.9932,3,10,9,2,1,5.3017,3682.8837
B0006114,131.5548,22,2252.3249,5.8793,4,25,12,1,1,5.4752,4645.8432
B0006541,82.0458,28,2977.1837,19.7373,3,16,6,1,1,5.7876,2632.7936
B0004677,152.79,11,3254.1026,22.9022,5,9,2,4,0,5.9483,4487.0228
B0015079,78.9867,17,120.0,5.4568,2,10,11,3,1,5.5631,3944.7035
B0000011,69.2217,30,3041.4788,21.6978,2,10,4,1,0,5.9347,1873.014
B0015165,154.1304,8,1929.5318,2.2319,4,11,12,3,1,5.3737,5344.4622
B0003980,132.1442,8,3976.3079,21.3941,5,22,5,4,1,6.9878,4209.8674
B0001282,148.0555,30,2026.0142,14.3172,4,22,3,2,1,6.6278,4020.3961
B0021937,95.5416,17,902.4929,4.8897,3,25,10,1,1,6.4851,4249.0717
B0006685,82.8541,14,2418.8625,10.9542,2,11,9,2,1,5.3547,3203.5768
B0010680,118.7964,13,3543.7842,15.5001,3,27,8,3,1,4.0211,4073.2368
B0021469,148.1154,30,2127.3647,24.1904,5,13,4,1,1,6.9027,3797.5236
B0003844,71.1745,8,2137.3983,18.7092,3,16,4,4,1,4.207,2755.5774
B0014149,128.9246,4,961.0536,10.0738,3,14,13,3,1,5.9112,5068.2002
B0016970,119.8686,29,1623.6533,17.597,5,8,10,2,0,4.7898,3402.7652
B0015342,41.6885,5,4550.6453,23.87,1,22,0,4,1,6.0178,2003.6517
B0000254,95.8658,18,1096.8194,11.5316,3,16,6,2,1,5.7318,3838.4423
B0020771,128.1186,13,2401.6746,19.2139,4,12,2,4,1,5.419,4115.554
B0011975,112.282,17,1380.5563,3.4696,4,13,10,3,1,5.9648,4409.7989
B0011257,107.1931,2,787.1748,3.5204,4,6,13,3,1,6.9648,4798.1753
B0012909,80.4925,11,1467.4032,11.4847,2,26,8,2,1,4.284,3462.3726
B0000606,99.6821,25,1343.0986,8.7111,3,28,8,2,1,4.8405,3661.8823
B0004847,59.8798,31,807.4949,5.0701,2,20,11,1,1,6.007,2629.17
B0022336,111.8415,31,2810.2581,24.532,4,26,1,4,1,6.8696,3446.2883
B0005766,84.8999,17,3826.9679,22.4045,3,21,0,3,1,7.2482,2938.5304
B0001554,38.7236,3,867.5565,10.0613,1,24,9,3,1,5.0151,2564.2177
B0005802,131.6536,22,2189.7975,14.7761,4,1,3,3,0,5.582,3582.6347
B0014861,37.6559,7,120.0,1.9841,1,19,13,4,1,5.5658,3013.7928
B0004603,65.6379,1,1929.4267,5.5646,2,18,12,4,1,4.2194,3465.4427
B0017128,148.0244,2,1256.6536,1.5037,4,15,12,2,1,7.4006,5344.4971
B0017180,132.2953,27,1728.5405,8.4067,4,21,7,2,1,7.1045,4300.0844
B0001081,53.2948,17,2313.3127,14.1724,1,28,10,2,1,5.2884,2704.7705
B0012104,88.2311,10,2620.3349,1.8669,2,23,12,3,1,4.8378,4016.0745
B0015503,70.2638,0,2457.1296,19.3619,2,17,4,3,1,6.6137,2992.954
B0018307,130.9864,25,3029.3291,16.0165,4,28,8,1,1,5.7656,3996.5789
B0009700,55.2164,17,1171.4111,9.3577,2,11,10,3,1,5.8061,2695.6885
B0002196,152.6804,11,2435.1545,13.5936,5,28,5,5,1,6.2132,5239.67
B0019914,97.5477,13,3905.0476,23.5101,4,25,5,2,1,4.8113,3561.2041
B0003065,153.8938,32,2185.7358,10.5839,5,6,9,3,0,6.7624,4601.5026
B0005475,78.3043,26,2487.1011,16.4679,2,26,6,1,1,3.9601,2671.6782
B0008009,118.7895,23,2033.4184,10.0444,3,23,11,4,1,6.6052,4320.8909
B0014301,138.3235,1,1112.6206,6.7256,4,5,10,4,0,5.7704,5320.3965
B0007341,151.6876,27,517.4388,5.4469,4,17,11,3,1,6.3189,5402.1281
B0018705,113.9616,15,2287.0103,12.1126,4,6,7,5,1,5.1905,3882.2572
B0009196,134.735,22,2604.7069,18.5053,5,9,4,2,0,5.6136,3776.9508
B0005916,65.9844,3,120.0,2.5098,3,14,12,2,1,3.9069,3833.3524
B0013599,112.7539,16,131.9566,8.2707,3,3,12,2,0,4.5445,4558.9955
B0008560,80.5888,26,1047.064,17.1184,2,12,7,3,1,5.1527,3053.3809
B0020580,83.0132,4,2671.5478,18.3111,3,7,7,1,0,6.3389,3164.5095
B0017158,106.5799,26,3802.8215,22.8707,3,18,3,3,1,5.9746,2955.9654
B0011362,136.9034,2,1632.2019,11.2856,5,11,8,3,0,5.1548,4634.9436
B0005010,107.1871,31,1380.0539,11.8153,3,5,11,2,1,6.5526,3564.5458
B0017946,104.9849,1,120.0,3.0163,3,6,12,4,1,7.3978,4946.3648
B0010017,123.2372,24,1438.839,8.3217,4,24,11,3,1,6.0588,4397.5502
B0005913,146.6379,5,1214.7108,5.7058,4,22,10,3,1,5.2587,5248.8545
B0020104,97.7237,3,1454.7371,17.2156,3,17,9,4,1,4.6527,3889.3487
B0015021,130.3864,23,2650.7371,22.357,4,24,3,1,1,4.1847,3488.7973
B0005469,101.7029,31,1193.2971,5.3481,2,16,13,5,1,6.4291,4012.7524
B0003540,46.9165,2,3726.7576,21.4256,1,8,7,3,1,3.9899,2280.0909
B0004058,140.1167,20,1971.3889,17.783,4,9,7,2,1,6.8678,4187.1168
B0005363,76.9091,16,120.0686,4.4545,3,8,11,3,0,6.5737,3911.2288
B0013953,79.6478,29,3807.8792,14.7065,3,24,8,2,1,4.8167,2802.3945
B0011366,47.2023,25,3422.6112,22.6199,1,25,2,3,1,4.378,1690.1806
B0009438,43.492,0,2272.9671,18.964,1,16,3,5,1,4.584,1987.4037
B0005229,129.4589,12,4158.9709,23.6732,5,5,2,3,0,7.438,3735.7624
B0007589,52.2521,0,2641.1091,11.0556,2,14,13,4,1,5.1611,3094.8479
B0021001,38.9543,1,3794.1203,20.5648,2,14,3,4,1,6.4647,2010.3368
B0009005,117.0259,25,1706.3126,11.0125,4,20,8,2,1,3.1877,3874.2013
B0008494,37.3315,10,2564.0386,21.9562,1,9,2,3,1,5.3434,1612.6553
B0020561,88.1266,18,1471.1473,6.6267,2,1,6,2,0,7.5903,3383.7928
B0004958,97.4444,11,1339.8089,13.6283,2,22,6,2,1,5.5829,3653.1714
B0014515,56.9153,27,1952.2466,14.6844,2,22,9,1,0,5.9276,1931.0656
B0011103,50.3228,12,3153.018,22.5782,2,7,2,1,0,6.122,1697.3826
B0019722,61.1786,14,2415.3235,16.0384,3,10,4,3,1,6.6841,2747.0161
B0017415,40.1964,22,4232.4124,22.6944,2,28,5,2,1,3.7136,1789.1244
B0022043,112.5656,20,1595.252,2.8056,2,5,12,2,1,8.4713,4221.2528
B0019408,37.1612,17,472.1729,9.9637,1,28,10,4,1,6.653,2436.4399
B0012339,132.628,23,3082.1202,19.6627,3,5,7,3,0,6.1023,4002.3023
B0009897,48.7343,2,4489.7888,24.5701,2,13,1,4,1,5.6341,2258.4529
B0004075,37.856,28,1863.4624,21.0639,1,17,7,2,1,2.7933,1426.293
B0021690,53.9473,27,120.0,3.3475,3,24,14,3,1,5.2633,3282.6692
B0021923,97.0793,12,1447.8173,8.3828,3,25,9,3,1,5.4015,4103.3796
B0003126,45.0018,8,2037.8847,23.3842,1,2,0,4,1,4.8292,1788.165
B0003196,139.8379,9,2467.1472,12.7208,4,27,9,3,1,5.8356,4913.539
B0019068,109.7143,10,449.0906,3.5208,3,17,16,4,1,6.0246,4622.6526
B0016158,41.3149,28,1443.4843,7.8792,1,1,10,3,0,5.9489,1971.6797
B0018343,98.4223,10,2151.5767,11.2986,3,2,7,3,0,6.536,3750.1007
B0011840,47.3199,7,120.0,9.0641,1,23,10,3,1,4.6626,3346.996
B0007304,83.9511,18,1511.357,18.6854,3,11,1,3,1,5.868,2924.8195
B0009200,53.1096,9,676.7489,5.4652,1,16,10,3,1,3.6788,3079.0222
B0002145,50.4181,22,2075.4715,10.2213,1,25,7,3,1,3.9621,2316.9995
B0003645,136.1511,13,1790.8532,4.3146,4,21,11,2,1,4.2532,4761.9405
B0009333,150.5991,24,1728.8388,5.9269,4,2,15,1,0,5.8814,4618.3402
B0017733,48.4051,21,1398.1954,9.2448,2,27,10,4,1,5.5832,2782.1049
B0004422,74.6903,31,2265.22,10.7568,2,5,6,3,1,7.0735,2819.0554
B0011818,86.4323,6,3357.3079,23.7147,2,16,3,2,1,5.8884,3235.2485
B0020186,154.6037,4,120.0,3.9974,5,5,13,4,1,6.6483,6176.1084
B0004382,69.0905,4,2426.0977,20.1493,2,18,6,3,1,2.7739,2765.3298
B0000003,144.5581,25,1163.9713,14.8619,4,11,9,2,0,5.4592,4068.0067
B0013624,130.0708,19,2666.535,14.7359,3,5,6,4,0,5.3428,3823.3599
B0021242,141.4312,28,2667.6305,15.05,4,8,8,2,0,4.9918,3777.219
B0005282,46.0379,10,2473.133,20.1038,2,23,5,3,1,5.2629,2154.0731
B0011892,62.4663,22,1401.9996,16.2819,1,15,10,3,1,5.1888,2578.4902
B0015941,133.7557,16,2289.5768,15.5133,4,19,6,1,1,7.1564,4206.9813
B0017960,52.6792,18,2103.6243,8.176,2,12,10,3,1,5.1524,2767.0064
B0013242,76.0942,26,2437.8321,13.3046,2,5,6,3,0,5.4844,2792.9175
B0000730,124.1642,6,4139.0489,24.6993,3,5,0,2,1,5.4416,3708.4486
B0008343,56.3893,19,908.6691,5.586,2,6,11,4,0,3.8074,2888.9852
B0015289,115.8028,5,3365.9808,20.1405,3,5,3,4,0,5.0432,3650.6155
B0014918,119.9254,28,2504.064,11.3547,4,19,8,2,1,4.6151,3745.1098
B0009345,150.4352,12,2229.54,9.4779,5,18,9,3,1,5.265,4778.7521
B0004498,120.6824,23,559.2168,4.8981,4,6,11,2,0,6.3901,4434.391
B0001690,146.5041,17,120.0,9.1675,4,11,12,3,0,6.8587,5344.305
B0004841,98.0107,25,1803.8979,6.176,3,26,10,1,1,6.0166,3773.6381
B0001513,122.1299,0,2602.867,11.5525,4,11,11,5,1,6.2596,4602.4507
B0000569,98.7053,26,595.9811,6.7235,3,13,16,2,1,5.7663,4256.6231
B0013798,97.5716,12,1341.2216,5.6551,3,25,11,2,1,3.582,4040.4398
B0000729,83.6293,22,2537.9984,9.2031,3,1,9,4,0,4.4964,3259.1787
B0018879,144.5732,20,178.6113,11.3886,4,11,11,3,1,5.5541,5246.6162
B0014100,35.9535,30,625.7131,5.301,1,24,10,4,1,6.6026,2133.9245
B0006624,152.9157,17,4415.8257,22.6837,3,5,7,2,0,4.7048,4104.834
B0004472,142.8712,20,587.0602,10.7046,4,6,10,3,0,6.7616,5001.8302
B0004112,152.7687,0,1350.583,14.7023,5,26,8,4,1,6.9033,5337.0264
B0018802,152.6545,13,120.0,5.6332,5,21,11,3,1,6.8096,5964.3219
B0016273,90.1919,17,2999.61,19.3021,4,2,6,1,0,5.5014,3141.5891
B0012255,57.1152,20,1296.7545,7.3966,1,26,11,3,1,5.1904,3156.427
B0000287,67.8023,11,977.4308,2.9026,2,25,13,2,1,6.922,3495.1746
B0005931,97.6212,28,1306.3549,8.436,3,2,11,3,0,3.7265,3590.5597
B0014088,83.5378,17,980.0658,2.9642,3,22,13,5,1,6.8834,4405.2801
B0016042,102.626,32,2070.2506,4.0022,3,15,11,1,0,7.4171,3473.5143
B0011382,140.5077,21,3858.5911,22.0568,4,14,4,4,1,6.6943,4030.417
B0012390,119.1591,1,853.4166,8.7228,3,16,12,4,1,4.8321,4920.5229
B0013593,82.0706,21,1313.4318,3.6909,3,3,10,2,0,5.9696,3667.2874
B0011008,71.4863,26,2986.7917,21.2839,2,28,4,1,1,5.3678,2260.2108
B0012349,49.1355,29,2197.3679,15.4841,2,7,4,2,1,3.4534,1810.803
B0018346,76.0931,2,120.0,3.144,2,15,16,4,1,5.2632,4197.5677
B0010766,150.118,7,3152.7726,23.0402,4,16,1,4,1,5.4033,4269.7732
B0009313,39.7297,32,2359.5698,17.7008,1,15,8,1,1,5.154,1347.4386
B0013711,84.248,11,1722.0489,8.0306,2,25,11,3,1,6.8547,3969.2611
B0018667,118.1206,21,1778.24,21.5241,3,5,6,2,0,5.563,3440.0813
B0003955,79.8521,26,2112.2964,19.4344,3,8,6,2,1,5.4502,2637.1111
B0010907,103.4685,27,2956.1862,13.5075,4,5,3,3,1,4.7289,3161.5319
B0017451,110.7622,19,1981.7111,11.4306,4,1,11,2,0,3.5691,3632.8659
B0021359,99.5436,22,3332.3713,24.3042,4,24,7,4,1,4.1855,3370.4551
B0017918,114.7844,4,2734.6522,14.2628,3,12,5,4,1,6.5609,3979.0038
B0000204,38.4308,14,1179.1677,8.7464,1,1,8,4,0,5.7278,2255.4214
B0003020,35.5582,12,2133.3498,3.4775,1,26,14,1,1,5.3772,2250.3372
B0004787,98.1834,8,757.3884,6.4518,3,13,11,2,1,3.9677,3993.437
B0012124,95.5493,14,1068.1534,8.7787,4,5,11,3,1,6.2631,4084.9211
B0000200,64.4893,20,4011.0588,24.9582,2,16,2,2,1,4.5095,2320.0295
B0005089,111.4542,27,2890.2465,16.2148,2,3,8,3,0,5.8354,3415.9002
B0015806,134.1148,29,164.0981,2.4192,3,18,10,3,1,5.007,5163.4074
B0017416,41.5321,17,4782.9688,24.2311,1,7,3,3,1,3.3537,1527.9444
B0019984,70.5085,6,3862.4832,21.7816,3,5,5,4,1,3.5235,2774.0801
B0008941,133.2033,0,1541.2314,13.1338,4,8,9,4,1,4.6448,4869.4661
B0019010,58.1655,29,312.6104,2.7014,2,20,13,2,1,7.8604,3085.4087
B0005997,101.2246,29,1493.4478,3.1743,3,5,16,2,1,4.8535,3663.0
B0001385,128.8309,6,1710.3326,11.9363,5,9,8,3,1,6.3538,4651.136
B0020423,135.5653,9,2945.4056,22.6329,4,6,3,2,0,6.1509,3844.7799
B0018204,64.4046,15,1876.0476,10.5382,1,10,9,1,1,6.4866,2785.3224
B0002097,123.9202,12,1438.069,15.33,4,28,7,2,1,4.6409,4285.6948
B0020630,47.7613,31,2937.9168,11.6839,2,10,6,1,0,4.0228,1382.8966
B0008056,93.6136,20,1875.4378,3.8423,3,25,12,2,1,7.4011,3834.1974
B0015825,129.4927,11,1286.2395,24.5081,5,24,6,4,1,5.4642,4345.4458
B0010451,80.9824,23,120.0,2.4606,2,25,15,1,1,6.3408,4029.4816
B0006609,112.1535,7,2911.5635,14.5688,4,13,5,3,1,4.6795,3987.3089
B0013871,133.2342,11,3824.7763,15.8745,4,10,6,1,1,4.4983,4141.3672
B0002422,121.7266,0,1950.3121,6.8658,4,28,11,3,1,5.2887,4843.5097
B0009936,51.2258,24,4332.266,20.5459,2,24,6,3,1,4.469,2155.4404
B0015430,140.4588,25,2744.4858,17.213,4,11,4,4,1,6.1601,3995.6339
B0015403,78.0301,24,2272.4012,11.9797,2,5,6,1,0,5.1263,2709.6153
B0007099,61.6556,16,2342.343,15.4712,1,20,4,3,1,6.1332,2669.5966
B0011226,49.5436,30,3914.4418,24.4708,1,18,1,3,1,3.3394,1679.6853
B0014242,85.0238,0,120.0,3.5549,3,2,14,3,0,7.8545,4379.641
B0016351,81.9064,15,1741.0221,4.141,1,27,15,2,1,5.6839,3682.6748
B0007612,100.2649,12,1191.6688,8.3443,3,23,10,3,1,4.8428,3988.748
B0004108,131.974,17,2154.7569,16.9156,3,3,5,3,0,6.7358,4097.2231
B0012316,36.3289,25,1835.6978,13.4695,1,2,8,3,0,3.9975,1569.3472
B0017758,128.2673,13,1758.8547,20.0991,4,4,5,3,1,6.5216,3907.4881
B0016649,75.2813,26,2740.8766,19.5583,2,2,5,1,0,5.6919,2090.3138
B0020151,152.547,21,3690.5532,19.3106,4,9,3,1,1,7.5217,3969.0288
B0000686,47.0765,0,2496.2336,22.005,2,28,10,3,1,6.8576,2466.304
B0019877,86.1695,17,599.1877,2.8653,3,5,10,1,0,5.645,3761.8108
B0001912,58.342,13,687.1704,22.9601,1,4,6,3,0,5.3488,2632.0329
B0011813,92.9427,27,449.0613,4.0773,2,13,11,2,1,5.9537,3968.2627
B0020947,55.6657,13,3593.5442,22.562,3,6,3,3,0,6.1285,2311.3334
B0011160,113.2198,14,838.8997,5.1801,3,23,12,3,1,7.1117,4607.1479
B0000422,87.0484,30,2120.2266,24.2985,2,20,2,3,1,3.9856,2623.2601
B0015564,77.3951,3,1878.4994,16.6304,3,15,7,5,0,5.3851,3313.7608
B0012622,90.5776,14,961.4675,4.7314,3,11,12,3,0,6.9961,3897.9531
B0018864,125.0796,25,1318.439,9.9723,4,14,5,3,1,5.1737,3839.8287
B0009209,85.7083,0,641.4164,6.4572,4,24,12,3,1,7.1488,4143.4447
B0015425,152.1348,18,152.6826,6.6782,5,23,11,3,1,7.637,5823.1143
B0011655,109.4346,22,2024.1907,12.6189,3,24,9,2,1,5.817,3666.6578
B0000842,57.2881,3,2082.4436,23.4806,2,4,6,2,1,3.8814,2422.8
B0021201,125.2499,24,2012.9838,19.4687,4,28,6,4,1,7.2881,4008.2157
B0001530,66.0495,27,304.1589,6.1445,2,24,16,3,1,5.2312,3668.3675
B0017534,115.2215,2,1517.1282,5.4069,4,11,10,4,0,7.6533,4533.2463
B0012269,49.4623,28,120.0,3.9153,1,17,14,2,1,4.2645,2796.3613
B0003253,118.1351,7,229.2584,11.2978,4,16,13,4,0,5.3431,4769.0329
B0010030,76.0005,15,2021.3446,11.1847,2,17,10,3,1,6.5797,3197.6039
B0016978,133.7235,22,2434.2864,19.0359,4,17,7,3,1,4.7654,4167.7271
B0013111,104.5376,5,120.0,7.1378,4,15,11,2,1,5.3319,4646.9241
B0017935,61.768,10,1561.6446,22.22,2,26,6,1,1,5.3071,2519.2929
B0015327,119.0965,13,2634.5296,22.9372,4,14,2,3,1,4.1831,3804.4312
B0019972,154.0641,4,1486.5039,23.4482,4,15,1,3,1,2.7907,4492.7151
B0004655,61.3671,32,971.9716,10.6001,2,28,11,2,1,4.309,2850.3701
B0003804,154.1974,28,4769.7764,20.7586,5,3,0,2,0,7.2183,3762.3999
B0003994,100.5416,3,120.0,7.0359,2,12,10,4,1,6.236,4711.8824
B0018173,115.076,25,1615.6463,17.66,4,5,5,3,0,5.6564,3476.6688
B0006199,63.7594,12,2934.6396,14.3406,2,10,8,4,1,5.7543,2768.1764
B0020205,114.9936,24,1590.5173,9.4677,3,3,10,1,1,3.8052,3881.2688
B0003037,137.1316,12,3973.3215,24.7388,5,9,3,3,1,5.2305,4069.9581
B0018290,127.1864,9,869.9758,14.2931,4,16,9,3,1,6.3525,4654.9874
B0000461,129.042,25,2372.2297,5.9672,3,22,9,3,1,7.1159,4365.9082
B0021959,147.2557,6,3431.6456,14.2425,5,9,1,1,0,7.0474,4033.7772
B0009419,120.5061,9,1508.1776,6.7643,4,16,9,4,1,6.1377,4720.1573
B0020180,152.3205,26,653.3466,13.6075,5,26,7,2,1,7.9871,5088.2145
B0018114,39.4278,24,3347.6188,22.1171,1,2,0,2,0,2.7103,981.77
B0006676,40.5515,7,3451.0919,23.6679,1,5,2,4,1,4.2338,1851.1777
B0009616,57.7958,29,2321.318,15.6066,2,14,11,3,1,6.8781,2514.5479
B0010944,139.876,21,3223.6037,18.0481,5,22,4,5,1,5.5641,4607.8272
B0018569,82.9433,10,1591.515,5.2225,2,15,11,5,1,4.3052,3853.336
B0004269,96.0063,7,2128.5943,18.0061,3,19,2,4,1,5.2406,3568.2479
B0001426,74.3164,1,1143.7231,9.8332,2,27,11,2,1,5.1271,3752.0161
B0001874,126.939,20,440.0667,5.469,4,10,13,4,1,6.5057,4856.9095
B0001820,126.0694,5,3432.121,8.6659,5,3,7,3,1,3.4948,4397.1178
B0015348,52.679,13,3734.3504,22.2818,2,27,2,1,1,4.6048,1949.4823
B0003443,122.9301,15,824.8299,17.2155,4,20,7,3,1,4.0475,4251.6097
B0020852,53.77,18,1978.383,20.0894,2,25,6,3,1,5.6578,2352.4164
B0008929,107.1082,25,518.8445,9.6976,3,10,9,2,1,6.4607,4153.5981
B0010385,91.8595,2,3357.9361,19.317,2,3,4,2,0,5.0917,2974.0896
B0004417,112.8307,1,2012.7064,18.59,4,22,10,3,1,4.6474,4493.5083
B0011664,59.0784,28,907.6048,7.0089,2,4,11,4,1,5.9983,2878.1339
B0010400,115.8643,14,2532.7653,17.3048,3,24,2,4,1,4.9219,4033.1214
B0019196,108.2653,32,1096.5645,13.611,4,8,7,1,1,7.2043,3309.7345
B0001681,68.4719,11,3607.2805,23.2835,2,4,0,1,1,3.5873,2380.1195
B0001149,60.7451,22,1866.4503,3.8686,1,2,15,4,0,5.4561,2912.3117
B0005518,153.0188,32,3888.2778,21.0468,4,14,2,1,1,5.6472,3641.5051
B0017650,150.4432,20,3306.4084,12.5399,4,1,7,2,0,6.6022,4099.8677
B0003608,151.9185,32,1303.0527,11.831,3,16,5,1,1,6.1804,3979.7649
B0018662,71.8689,25,879.6765,11.8288,2,17,8,1,1,5.4401,2756.9899
B0018014,112.637,29,4032.2516,24.4133,4,27,2,3,1,5.2019,3299.7878
B0016913,44.3209,9,460.6243,10.8139,2,26,7,2,1,6.1429,2596.0129
B0004553,44.0549,9,1185.4331,7.9361,1,24,13,4,1,3.5977,2859.472
B0010728,48.0842,20,2408.9291,4.2181,1,16,14,5,1,5.6881,2708.8102
B0002493,79.1155,15,2417.3253,16.0788,2,14,7,3,1,6.9721,3155.1367
B0017171,133.0292,18,2860.131,10.4134,4,5,7,3,0,7.3318,3892.7769
B0010361,125.81,16,2848.9664,19.7178,4,14,7,3,1,5.514,4038.5406
B0022476,120.5307,16,613.8468,5.0521,3,1,13,3,0,4.8787,4696.77
B0014722,108.7281,6,1960.4057,13.4572,3,18,5,3,1,6.0494,4062.9697
B0008645,58.9881,0,1158.0378,5.758,2,17,16,2,1,4.7916,3294.9006
B0001344,148.0617,28,3092.8909,13.5241,5,23,7,2,1,5.9464,4046.6337
B0007992,109.4732,1,231.0299,11.6237,4,4,13,3,0,5.5246,4829.737
B0012574,61.9967,30,1426.1956,16.3918,3,26,7,3,1,3.4614,2420.7225
B0004769,106.3462,27,2893.2241,23.0008,4,13,3,3,0,6.4894,3141.4688
B0009046,142.7406,7,3200.1776,23.1892,5,11,4,5,1,3.8374,4493.0749
B0018776,75.4325,9,3543.2899,23.893,3,9,1,4,1,5.4411,2977.1506
B0000240,110.7652,10,3551.1897,24.7185,3,26,4,4,1,5.0786,3589.7108
B0021025,78.2071,24,2494.5171,24.202,2,6,0,1,0,4.2902,1982.2501
B0017287,120.3927,26,3000.0195,18.712,5,28,4,2,1,5.4201,3712.1092
B0017065,108.4484,2,2782.8136,14.1813,2,1,4,3,1,6.2154,3883.2581
B0000110,106.4922,2,2046.4449,17.5887,3,7,10,3,1,6.6706,3985.6956
B0019784,153.5495,2,1879.6465,11.079,4,1,8,2,0,6.84,4929.6015
B0003038,148.2585,27,1283.7793,3.9326,5,28,12,3,1,6.7251,4989.1611
B0000213,130.2985,14,482.9405,2.9003,3,24,11,3,1,6.7357,5290.3796
B0012965,141.7543,2,2368.0755,8.9391,5,21,9,5,1,4.6146,5200.3541
B0004890,134.8104,12,3130.4048,18.4647,4,20,6,2,1,4.0847,3975.505
B0011836,80.1796,1,120.0,5.8069,3,2,13,3,0,4.4661,4211.2399
B0007493,121.0335,18,2735.0507,11.1866,4,27,9,2,1,5.5133,4149.4344
B0007580,138.5401,5,1212.4909,3.0501,4,13,7,5,1,6.5531,5023.2599
B0019317,150.3031,15,426.3443,17.7045,5,21,2,3,1,4.6234,4958.6036
B0018208,106.391,15,363.8961,14.7643,2,14,9,2,1,6.7981,4353.9181
B0018500,57.8105,22,3133.5085,9.9578,2,2,6,4,0,6.5002,2370.5593
B0001198,106.602,29,120.0,7.1924,3,27,11,2,1,7.6196,4438.377
B0003404,140.3716,18,2503.2189,15.8754,5,7,8,3,0,6.1355,4225.8973
B0011687,64.8722,18,1396.2308,16.3282,2,15,8,5,1,6.5027,2866.4579
B0008339,138.6473,1,120.0,5.4525,4,24,11,3,1,6.9795,5741.3029
B0018055,130.6397,22,3430.8113,21.9662,4,3,5,4,1,6.4962,3652.5152
B0001303,135.3862,28,1011.9843,9.62,5,9,14,1,0,5.1691,4243.9566
B0002392,74.7333,17,655.4265,6.982,2,24,5,3,1,5.7751,3537.4859
B0009993,39.4643,2,3149.9328,20.183,1,18,4,5,1,4.9586,2273.1113
B0014369,89.5318,22,1002.5411,12.3516,3,21,8,3,1,5.4299,3776.1801
B0019530,113.4959,30,3417.8107,17.327,4,23,6,3,1,6.506,3612.5205
B0002576,84.7811,18,2738.9389,17.6484,4,18,8,3,1,3.9592,3358.0999
B0019569,146.6805,20,120.0,9.145,4,1,13,2,0,6.3783,5194.7476
B0003603,54.3122,13,120.0,1.9894,1,1,15,3,0,5.68,3452.2774
B0007994,71.2671,4,3540.3393,18.412,2,10,2,3,1,5.1166,2714.8485
B0000921,87.0664,21,3926.1038,22.3972,4,27,3,2,1,5.3408,3079.9432
B0009593,47.1861,29,120.0,4.108,1,10,15,3,1,6.2527,2734.5966
B0012401,51.0264,14,464.5634,10.7021,2,6,14,3,0,6.1071,3062.5573
B0004242,88.4352,11,1283.7449,11.9384,3,7,9,2,1,3.9741,3495.8187
B0014975,87.0203,1,1187.604,16.107,1,3,10,3,1,5.8463,3756.7185
B0005857,149.6529,1,120.0,3.4529,4,15,10,5,1,6.3757,5958.1911
B0004471,88.8149,15,120.0,7.9744,2,3,11,4,0,7.1354,4226.9299
B0006166,85.6872,30,2197.5088,11.1905,2,16,5,4,1,5.5084,3154.005
B0013824,67.294,22,1419.4209,15.165,2,28,8,3,1,4.2354,3007.3912
B0013591,41.6168,13,1942.297,8.7352,1,15,10,3,1,3.0839,2345.1363
B0021664,58.9462,19,3606.8802,16.0218,1,14,6,2,1,5.2723,2385.5505
B0010832,148.542,26,3952.0824,18.94,5,25,5,2,1,5.9795,3943.1246
B0016663,109.8255,31,1629.3299,19.4654,3,21,2,3,1,5.8971,3331.098
B0009150,132.4216,21,3387.7034,23.6403,4,10,3,4,0,6.2551,3547.9848
B0016496,49.0424,5,4246.3386,23.0169,1,28,0,3,1,6.1079,2452.9107
B0009248,146.4069,16,2338.2274,21.1407,4,11,7,3,1,5.4052,4075.4904
B0009886,50.5024,25,3920.8766,21.3826,2,18,5,2,1,2.9322,1946.9822
B0009401,54.6585,21,2301.1356,14.1305,2,13,8,3,1,5.3746,2333.5348
B0021353,55.1917,23,796.1037,7.4736,2,11,11,4,1,5.2732,2977.9821
B0004304,151.6299,13,1278.6715,12.1949,5,16,11,4,1,7.1637,5229.4405
B0002625,56.8924,21,120.0,7.7593,1,15,15,2,1,5.5928,3227.8054
B0012231,109.3101,14,1832.3162,7.9097,4,23,11,4,1,6.5464,4649.7391
B0008103,95.3515,26,3196.0054,24.5307,3,17,2,3,1,5.8144,2688.9716
B0010897,36.7516,16,120.0,5.707,1,7,10,5,1,3.5439,2683.1912
B0007614,50.3807,22,4153.43,24.3782,3,12,0,2,1,5.5603,1721.1113
B0021979,42.7373,0,3042.5235,10.9784,2,25,10,3,1,5.4595,2701.9516
B0004992,82.0194,16,1514.3007,14.2023,1,9,10,2,0,6.4929,3133.2351
B0018780,125.854,13,1698.388,2.2855,4,15,9,1,1,7.1035,4553.7047
B0001225,39.9145,14,1761.588,14.6904,1,7,9,4,1,4.4942,2283.8503
B0016947,71.4864,18,1539.6134,8.3593,1,23,8,1,1,3.3167,2704.4368
B0013345,101.6763,9,1505.4707,2.206,2,17,11,3,1,6.2896,4133.2842
B0003999,124.0779,22,898.3621,2.6361,4,2,11,3,0,5.5489,4663.6433
B0013944,45.8555,28,3946.9942,22.3751,1,22,4,2,1,5.1821,1442.8309
B0018286,98.7042,0,1334.4117,7.102,3,8,12,4,0,6.7851,4148.7704
B0003363,48.3438,13,743.4398,17.0642,1,21,4,4,1,4.421,2379.2432
B0006496,48.3951,21,2942.1466,19.468,1,7,4,2,1,6.4023,1691.0298
B0002774,123.169,22,1900.8717,11.6229,4,14,7,1,1,5.3283,3929.6027
B0010610,144.4877,0,2400.9632,21.2367,4,4,6,5,0,6.0262,4641.0256
B0016102,91.1761,16,1381.9981,12.8905,3,14,9,4,1,4.8092,3801.4724
B0020393,75.6373,2,3766.5614,20.2668,1,11,3,3,1,6.3699,2631.7447
B0010930,139.9761,31,913.5453,3.2249,3,12,12,3,0,6.4424,4488.7756
B0014043,95.3293,26,1410.6902,3.3308,4,15,13,3,1,5.2515,4155.1849
B0013832,87.5885,3,2484.3571,3.5404,3,6,10,4,1,3.691,3877.626
B0004670,89.8487,0,961.4003,6.1505,3,1,12,4,0,5.0386,4126.4089
B0018695,112.3637,1,1517.9585,13.7406,4,4,7,5,0,5.9184,4127.2343
B0009924,147.8996,20,1993.4297,9.0629,4,18,10,2,0,4.1383,4258.108
B0006715,139.2226,5,2565.169,20.3413,5,28,4,4,1,5.5608,4538.523
B0014207,72.8164,9,2529.218,18.858,2,5,1,3,0,4.2591,2561.1569
B0016403,131.0904,20,577.4192,10.4143,4,21,14,3,1,6.2724,5057.9526
B0013348,104.9316,14,1039.3937,9.8626,4,14,11,3,1,5.2059,4189.2231
B0014710,106.5418,1,4509.9408,24.7137,3,12,0,4,1,5.4495,3702.7656
B0004354,38.3848,20,708.5161,4.1493,3,14,8,4,1,5.6856,2662.0207
B0014378,113.9346,21,2830.835,17.6214,4,11,2,1,0,7.5281,3439.3255
B0006777,78.9533,29,3514.4214,21.6704,2,23,8,2,1,4.6778,2588.7425
B0005228,131.2869,18,3554.001,20.6767,4,20,2,3,1,5.609,3834.2286
B0020243,150.0571,2,3098.9479,19.2549,4,2,4,3,1,6.1113,4535.0967
B0009945,39.3895,19,1181.9678,13.5482,1,2,11,2,0,7.4297,2100.9926
B0000363,105.7884,8,1490.0859,4.6772,3,2,9,3,0,4.8586,4159.4979
B0000577,145.9551,26,2715.8643,20.0692,5,22,4,2,1,4.8957,3965.9692
B0013886,100.7606,16,2323.3445,16.3851,2,21,5,3,1,6.2442,3436.7135
B0007554,96.6601,1,1372.9867,10.8353,2,11,12,2,1,6.5261,3857.1518
B0015191,131.1322,3,2524.3441,24.5783,4,1,3,4,1,8.2316,4082.6493
B0018156,49.5545,21,2801.8716,23.6444,2,15,6,3,1,6.6422,1973.3288
B0001183,101.2856,4,1293.2968,7.0373,3,3,10,4,1,5.7569,4181.5711
B0007571,108.9682,14,773.5659,2.2301,3,1,14,3,0,5.1516,4452.7806
B0008387,128.5715,28,3682.4986,20.2291,5,15,6,2,1,5.1429,3653.1758
B0015400,62.824,23,256.1633,2.9238,2,20,13,3,1,6.2178,3427.6994
B0015302,136.8865,23,815.4162,4.0275,4,4,14,2,0,5.2925,4519.9161
B0017587,95.345,28,3104.8828,15.7489,3,1,9,2,0,5.4728,3047.9306
B0014868,123.2088,27,120.0,10.0118,3,4,9,3,1,8.6,4576.0648
B0021581,95.2234,25,2960.4707,11.0875,3,23,8,2,1,5.1277,3425.0917
B0009492,84.9549,18,1495.1038,7.4735,3,5,12,3,0,5.2514,3589.2425
B0000705,101.1151,7,3311.8332,20.1799,3,17,5,3,1,4.4206,3830.399
B0019821,95.8619,17,1145.5807,7.8835,3,11,10,2,0,6.8469,3726.2
B0001070,93.2203,8,3215.3468,23.3902,3,25,5,3,1,4.8762,3350.4857
B0000955,75.987,13,2425.5563,4.6667,3,22,12,4,1,4.0418,3538.8968
B0017117,75.4909,18,2821.4188,21.7358,1,10,7,2,1,3.4564,2526.6919
B0017382,72.4479,21,1525.7664,21.5234,2,16,4,2,1,5.295,2543.2621
B0022236,110.8394,5,1355.1234,6.9122,3,10,10,2,1,6.3181,4404.4392
B0017644,115.2715,3,553.3787,2.6388,4,10,13,5,1,6.0701,5151.3448
B0008535,110.9199,8,1364.5235,14.9517,2,12,9,4,1,4.6088,4314.9614
B0007628,123.201,0,1839.5738,18.0311,3,28,4,2,1,6.0011,4233.0637
B0009575,56.8457,24,1478.6581,2.3324,1,23,10,1,1,5.7748,2818.5522
B0003825,113.1691,2,120.0,3.1292,4,22,15,4,1,5.1768,5349.9411
B0015207,43.1113,11,1249.7537,17.1969,1,4,6,3,0,5.8252,2339.2006
B0007019,82.0213,1,2198.3579,11.6403,2,5,9,1,0,5.9939,3287.0047
B0014359,43.6007,25,214.0711,12.6077,1,7,13,3,1,5.1869,2256.0194
B0004794,117.9889,30,2002.2997,15.6191,4,7,7,1,1,5.0869,3415.8481
B0005738,38.328,12,1789.4863,18.6403,1,19,1,2,1,5.1042,1741.1566
B0020490,48.2106,18,1426.5607,9.6714,2,25,8,1,1,5.6333,2404.1598
B0016344,129.9909,8,2719.3543,18.9351,4,6,3,3,1,6.6382,3924.4013
B0013636,46.4942,32,4035.8488,24.196,2,10,3,2,1,3.2523,1377.852
B0019798,125.878,4,1477.2776,5.5276,4,13,10,5,0,4.4919,4718.5648
B0012617,65.4885,7,2796.6021,20.3012,2,16,6,4,1,3.8559,2802.8995
B0020722,125.6729,3,3640.2851,20.2685,5,5,6,4,1,6.9795,4081.079
B0004181,85.0067,3,3831.5055,19.7906,3,20,6,3,1,5.6446,3305.8853
B0010372,129.5286,29,3401.3761,24.9724,4,14,0,1,1,6.3285,3480.7225
B0012046,151.0429,18,1090.1334,7.8846,4,11,6,4,1,6.0387,5044.8981
B0015868,50.4337,11,3507.8737,22.7202,1,20,0,3,1,4.4503,1922.469
B0004668,105.9876,9,1209.1216,20.9823,4,5,5,4,0,5.4676,3721.2217
B0019765,69.6295,8,120.0,4.6141,1,10,11,3,1,5.1254,3757.3249
B0003140,40.7769,7,3160.2948,12.7182,1,3,7,3,0,5.0051,1882.2388
B0018010,98.0706,15,803.6292,3.5051,3,2,13,4,0,4.2533,4360.5152
B0004932,117.8694,28,1986.3612,17.3388,3,1,9,2,0,6.8675,3382.4686
B0021209,100.9723,32,2872.1881,24.2883,3,27,0,3,1,4.6256,2975.364
B0004215,83.0151,32,2891.5408,23.5756,2,4,1,2,0,4.7472,2109.8456
B0000798,119.1295,9,2311.48,20.1117,3,6,5,3,0,4.7635,3877.2957
B0012258,114.9016,8,572.3956,12.129,3,14,7,5,1,5.9868,4597.9413
B0005664,42.2593,31,2740.2213,20.5008,1,27,6,2,1,5.6391,1559.4955
B0017920,113.1626,16,2488.3747,14.6676,4,11,7,4,1,4.566,3895.3424
B0005223,148.7105,32,2880.7937,20.1768,5,26,6,3,1,5.1853,4169.8635
B0008046,149.8043,26,2502.0853,16.3609,4,2,4,2,0,6.8933,3948.394
B0003982,132.444,32,1549.6197,19.5819,4,5,5,1,0,4.9974,3433.8446
B0021474,99.9848,20,1377.5978,7.0525,2,28,9,2,1,6.1438,3916.9448
B0016757,90.5484,13,1139.2301,6.3442,3,28,13,3,1,5.1716,4278.5528
B0022140,146.6716,12,4404.9581,22.0047,5,13,3,2,1,5.4607,4256.6511
B0020894,123.7854,18,3926.8296,23.3109,5,19,6,3,1,5.3761,3859.3183
B0022260,48.8749,9,3819.1619,22.4838,1,5,4,2,1,4.9292,1882.244
B0006563,114.8531,21,3654.4332,15.9107,4,23,5,1,1,6.2904,3548.9132
B0017987,96.756,26,1674.8398,9.861,3,22,8,3,1,5.9753,3472.4817
B0016618,100.426,16,1330.6273,12.9743,4,13,4,3,1,7.1726,3854.3882
B0009778,153.644,29,2785.2408,20.6829,4,16,2,2,1,8.6,4215.4128
B0007412,135.5076,11,251.8969,2.7483,5,16,16,3,1,6.3025,5545.8292
B0002022,121.7996,29,120.0,2.8267,5,3,12,1,0,5.9192,4658.5813
B0017717,51.3429,25,1930.1774,12.6444,2,12,9,2,1,5.0381,2097.7004
B0008536,71.0615,9,120.0,4.7698,1,23,13,4,1,6.8428,3948.7386
B0003991,124.5531,2,1720.6607,9.0117,4,16,12,3,1,6.2288,4850.428
B0017689,116.2914,28,1624.4542,9.7063,4,19,7,3,0,6.3024,3335.7804
B0010058,132.3534,19,680.5547,4.7725,4,26,8,2,1,5.6581,4614.6419
B0001473,49.404,7,2704.7312,24.2292,1,28,6,3,1,3.1939,2072.7866
B0003093,80.598,27,1940.3383,22.8261,3,20,0,2,1,5.9196,2599.7097
B0012048,92.8635,30,1538.3945,20.1743,3,1,7,1,0,6.747,2743.9027
B0011244,57.5535,8,2416.5472,19.0578,2,24,4,4,1,4.1668,2730.287
B0001583,152.2441,32,556.5922,12.0783,5,4,5,1,1,6.3202,4375.1181
B0011250,152.9271,16,2950.9786,15.0333,4,5,10,3,1,8.0336,4516.8831
B0010615,75.0106,6,2678.7121,13.0449,2,23,7,3,1,5.2416,3306.7979
B0010988,71.6321,5,3031.418,21.8946,3,16,0,2,1,5.2742,2887.6554
B0008417,96.3258,6,1592.3732,16.3841,3,19,9,3,1,6.8033,3667.1888
B0001124,116.8905,2,527.2731,2.407,3,19,11,3,1,6.0343,4914.7655
B0003611,110.1671,0,3627.7887,22.0231,3,15,4,4,1,3.9227,3881.1079
B0014321,96.408,18,773.5243,14.5031,3,25,12,3,1,6.7222,3969.5413
B0018254,124.7591,8,2777.7549,11.4652,5,1,7,4,0,6.8277,4346.2018
B0015395,47.094,10,1830.2836,10.0815,1,20,9,2,1,4.3244,2239.5219
B0001845,51.7892,10,849.132,3.7644,1,6,16,2,1,7.8005,3123.3221
B0012993,38.5564,9,1017.319,6.0492,1,5,8,3,0,5.6897,2382.6356
B0017152,89.5812,5,4838.0435,23.9975,3,2,0,5,0,5.3375,3256.0666
B0020453,51.6752,4,3482.7096,20.6635,2,5,3,4,0,4.2935,2491.4438
B0006918,154.9041,19,1918.2182,18.0216,5,4,9,3,1,3.1713,4618.6531
B0003559,78.0525,21,2162.315,21.2431,2,7,10,3,1,5.2659,2803.5443
B0021432,101.7836,14,3920.0584,23.7496,3,7,0,4,1,6.0607,3282.559
B0017439,74.2715,32,1993.5516,16.5823,2,1,6,2,0,5.8337,2458.663
B0002260,57.5048,9,3793.5313,23.9882,2,27,1,4,1,4.4503,2453.7765
B0012671,49.7151,24,2632.8501,21.5809,3,4,4,3,0,4.2003,1628.6887
B0006853,120.2403,7,2176.5428,22.4049,4,27,1,5,1,4.0306,4283.6388
B0014690,149.4609,21,2495.5054,11.5096,4,1,2,5,0,6.9767,4633.5759
B0003653,42.4973,14,1212.9933,9.5858,2,11,9,3,1,3.2074,2440.0056
B0021167,50.4777,13,2017.7011,7.1283,3,5,7,3,0,3.8116,2595.4378
B0004315,149.8878,21,3615.8259,22.7588,5,5,4,3,0,5.849,4109.3201
B0019791,63.0738,15,1320.7313,8.7047,3,11,10,1,1,6.1464,2931.5685
B0018905,138.5179,14,2190.0391,18.1017,3,23,5,4,1,4.9053,4109.3439
B0006018,138.824,22,1881.0276,11.0185,5,6,12,2,1,7.6848,4819.8089
B0006763,107.1037,0,2069.9548,11.8769,4,12,12,3,1,6.4422,4216.827
B0011494,109.6893,3,3156.0859,22.4383,4,2,0,2,0,4.8945,3456.4973
B0022252,117.4672,25,1978.2293,14.2576,3,26,5,4,1,4.7002,3885.7722
B0012063,91.7601,12,1109.9008,10.3306,3,26,9,2,1,6.4925,3771.279
B0001942,80.6062,17,2657.1395,15.8711,2,18,8,3,1,4.5389,3325.4968
B0010884,108.5052,32,1800.5723,16.9763,4,8,4,3,0,6.0064,3053.1173
B0022427,64.595,8,2473.6152,18.2517,2,14,3,5,1,5.3254,2794.2499
B0003635,127.1503,30,3301.6215,14.1642,3,25,8,1,1,6.7677,3712.791
B0009140,104.729,13,3474.1403,22.4516,3,12,7,3,0,2.5868,3343.7447
B0012130,67.3363,3,120.0,9.2078,2,1,11,3,0,5.6858,3627.7754
B0022489,62.655,15,3996.6667,22.5454,2,23,4,3,1,5.3209,2291.499
B0021637,83.6206,19,2216.8968,20.606,3,11,5,3,1,5.2629,2944.1321
B0018924,38.0105,26,2577.3299,17.6035,2,20,4,2,1,3.6448,1150.4944
B0002680,35.7375,30,1994.722,18.5563,1,6,5,3,0,4.2736,1269.995
B0015318,134.66,4,120.0,1.8141,4,14,10,5,1,6.207,5822.1782
B0020027,88.2155,16,449.3864,3.899,4,15,11,3,1,5.0687,4329.9072
B0003971,129.1545,21,2247.4456,14.6265,3,12,3,3,1,5.4869,3942.4355
B0008774,135.2721,30,3260.2076,14.847,3,11,3,1,1,5.4174,3432.163
B0009231,149.7411,30,2234.5766,12.4107,5,23,9,2,1,7.7241,4309.8086
B0007761,71.0841,21,575.8363,7.0773,2,1,15,1,0,4.4232,3133.3575
B0012087,114.1611,6,1700.2186,17.2518,3,25,9,3,1,2.9473,4205.7929
B0016638,109.134,21,1712.4429,14.406,3,11,5,3,1,6.4461,3478.5993
B0003025,127.6167,11,120.0,7.7248,3,18,11,2,1,5.809,5042.3291
B0001870,132.3528,0,2470.1328,20.7119,5,21,4,4,1,5.843,4218.5133
B0008746,91.4114,14,2566.1732,20.0846,2,3,6,4,0,7.0071,3323.4572
B0000171,127.9521,8,1340.6173,4.7513,5,8,10,1,1,6.1712,4543.0079
B0012516,148.2434,3,120.0,3.0105,4,11,11,2,0,5.0724,5652.1379
B0016411,119.789,2,2074.9847,13.8062,4,21,6,1,1,5.2156,4088.2461
B0011666,116.5294,0,1359.544,5.3753,3,28,13,4,1,6.1802,4891.5812
B0019406,151.2165,26,1725.3162,11.3865,5,28,9,3,1,6.6746,4782.7778
B0017327,131.2391,17,1854.3661,10.7242,4,23,8,3,1,5.914,4647.4671
B0021285,69.5269,2,463.7031,6.1607,2,23,15,5,1,4.8679,4006.0506
B0015330,119.0257,27,1272.0696,7.9468,4,9,8,1,0,5.738,3642.537
B0008625,141.235,10,136.1743,3.5095,5,18,11,3,1,5.5575,5718.4148
B0009525,78.8261,6,3016.3921,17.5091,3,23,8,5,1,5.1727,3695.9603
B0017808,51.6737,25,3801.6028,16.5189,1,2,6,1,0,5.7795,1777.3226
B0000067,146.9809,32,3335.2524,12.5558,4,4,5,2,0,5.7687,3723.6783
B0001612,37.4594,18,475.9468,8.8952,1,24,14,4,1,5.9874,2636.1041
B0000361,42.9165,31,3096.371,15.4453,2,5,6,3,0,4.8154,1539.4706
B0012937,110.16,6,2836.5784,21.0976,3,4,8,3,0,5.6834,3807.5898
B0001638,117.9308,23,120.0,5.1232,3,9,8,4,0,3.9505,4700.6534
B0010975,49.6453,14,1395.1927,18.7568,1,17,6,5,1,4.3023,2560.6305
B0007193,103.0487,21,1873.1695,8.6182,3,19,10,4,1,6.2841,4226.7585
B0011789,67.9494,23,1720.2291,10.3954,3,11,10,3,0,6.5473,2787.3422
B0016521,123.2456,15,1434.766,3.4124,4,5,14,3,1,6.5422,4814.9378
B0004629,68.571,20,2630.3038,17.3508,2,3,5,3,0,3.2917,2538.1433
B0016681,36.145,7,2227.6787,14.8454,2,10,9,3,1,4.1094,2191.8214
B0009761,138.5632,3,2014.0614,12.8422,4,20,5,3,1,5.5581,4394.9238
B0012752,111.3613,21,1334.7777,8.1145,3,3,8,4,1,6.335,4032.9786
B0002207,110.9285,10,1044.7341,1.5076,4,27,16,4,1,5.7476,4924.1585
B0002753,62.4007,25,2873.297,17.1482,1,1,5,3,0,3.9867,2290.4574
B0007543,48.8994,14,1991.1019,21.335,2,5,4,1,0,5.6722,1888.6605
B0012374,137.9707,26,4082.2234,15.4028,3,23,4,1,1,8.258,3698.3842
B0020793,119.2721,17,3129.0283,10.1448,4,25,5,3,1,6.9166,4344.6523
B0000545,124.0923,23,730.8319,10.9144,3,19,9,3,1,5.4378,4346.0162
B0009701,98.761,23,3654.0867,14.6167,3,5,11,3,1,7.1961,3510.7635
B0019934,97.2315,8,577.5771,5.7491,3,28,16,3,1,5.5816,4721.4173
B0013197,111.5775,27,788.6564,6.0261,4,1,8,1,0,7.1588,3986.1459
B0007558,78.0669,30,4332.9119,21.2948,2,7,4,3,0,6.6076,2328.2535
B0019256,114.4164,26,2017.4269,6.9086,4,17,15,3,0,7.2557,4011.8799
B0016088,135.6132,12,1186.2885,9.504,4,28,7,2,1,6.8505,4592.6389
B0014520,63.5172,10,466.9302,9.3776,1,4,12,4,0,5.167,3369.6408
B0005552,148.4809,9,3040.7004,9.8153,4,14,7,3,1,6.448,4755.2323
B0004193,97.0027,23,1557.9916,14.1784,4,25,9,2,1,5.3911,3883.5759
B0016063,154.8226,19,3229.9425,24.0307,5,10,2,2,0,6.1678,3902.28
B0012878,117.1262,15,3315.0234,15.082,3,2,11,2,0,5.9688,4129.9395
B0006840,55.066,2,1577.9914,9.0013,1,11,11,3,1,4.8243,3203.3426
B0012604,83.4014,7,1341.4743,2.7794,2,8,16,3,1,6.2935,3934.7736
B0002869,70.1751,1,4033.7634,22.1084,2,4,3,4,1,7.0774,2959.9182
B0011527,153.1731,25,666.5348,2.2666,5,9,13,2,0,5.4038,5159.1125
B0020173,100.2258,18,2040.1668,18.4846,2,9,9,2,1,7.732,3369.7716
B0010874,41.6997,20,2090.4737,6.4861,2,24,13,3,1,5.232,2524.144
B0002189,92.5014,7,120.0,3.5639,2,3,15,2,0,3.7738,4201.9204
B0002698,39.4863,2,2272.4826,9.5752,1,18,9,4,1,6.3587,2372.6706
B0019616,92.4052,32,120.0,3.5254,3,22,10,4,1,7.9607,4167.4047
B0020526,54.3305,26,2759.1342,22.6541,2,18,8,1,1,4.0392,2063.4776
B0012768,132.7232,30,1956.3249,12.856,4,22,9,2,1,5.3195,4146.9212
B0008741,57.0547,7,2441.3166,23.6937,2,2,5,3,1,5.8206,2160.8493
B0012508,51.9369,27,3452.9394,19.5176,1,8,5,3,0,4.7531,1640.9295
B0017749,124.6645,20,1303.9033,24.2986,4,2,3,3,0,4.8835,3603.7194
B0017806,114.4985,22,3135.7835,23.7024,3,2,7,1,0,5.8276,3150.9156
B0015833,87.4127,25,3583.2093,16.0527,3,10,6,4,1,6.3918,2948.4546
B0017796,149.7938,31,1716.9859,10.2907,5,17,7,2,1,5.2744,4157.9505
B0010213,81.3497,20,3110.356,19.2596,2,14,5,3,1,3.3852,2641.7771
B0010858,148.4438,5,1735.7576,6.0215,4,19,13,3,1,4.0326,5076.6213
B0006187,63.9246,29,718.4767,9.361,2,27,6,2,1,6.1266,2663.0425
B0018053,146.0952,12,3676.3478,24.7112,4,24,1,3,1,5.4728,4230.0295
B0019148,66.8044,10,2551.8754,17.5184,1,21,2,4,1,4.5557,2805.8907
B0013807,125.1984,16,1217.4617,12.6332,3,20,9,2,1,6.669,4495.4883
B0012032,149.1754,29,2671.2172,17.1699,5,6,7,3,1,6.6053,4273.7318
B0011757,143.9601,17,1601.5616,15.0287,5,9,7,5,1,5.8349,4756.9173
B0013307,102.4136,11,3526.0982,14.0139,3,8,11,3,0,5.1729,3815.0765
B0014583,39.0806,29,2160.6289,21.3071,2,27,4,2,1,5.1839,1502.9038
B0008979,40.6372,0,2373.5282,17.7937,1,22,5,3,1,3.5008,2042.169
B0002693,100.4007,21,1059.6233,11.2686,4,6,8,1,0,4.4305,3516.9936
B0020224,96.6941,19,522.5362,11.9183,3,10,9,2,0,5.5365,3922.4696
B0003288,45.4078,23,3007.5887,22.342,1,9,5,2,1,4.7593,1786.9204
B0000387,144.7885,4,2088.6723,15.8781,4,12,5,3,1,6.3395,4606.5451
B0018641,87.7134,19,1321.7303,5.7239,1,13,10,2,0,3.4464,3344.858
B0009664,111.1022,29,2143.8629,11.8513,4,12,6,2,1,5.9053,3382.9421
B0003200,111.0062,29,2780.1528,24.3009,4,12,1,1,0,3.7951,2562.2004
B0010053,41.6658,18,2861.3972,14.3865,1,5,9,2,1,4.3566,1963.6263
B0011564,45.3908,11,2942.7516,23.3327,1,21,1,2,1,4.1722,1660.2095
B0000857,145.9926,19,923.3456,3.1774,4,16,14,2,0,4.5859,4807.0859
B0001661,118.2193,15,120.0,1.6411,4,22,11,3,1,4.51,5251.0435
B0013999,42.3244,15,1766.8357,13.2548,1,4,5,4,0,5.1254,1955.1297
B0001017,116.7401,16,3044.6081,19.3935,4,25,3,2,1,6.5142,3739.1069
B0011401,60.1088,5,2536.8196,11.9271,2,7,7,3,1,3.897,2630.6241
B0009983,111.3895,31,2845.1989,11.8857,3,1,10,3,0,4.6915,3259.2972
B0009505,116.481,22,1031.6085,6.735,4,21,7,3,1,5.8246,4277.8301
B0019429,137.9159,6,1474.36,13.8681,5,9,6,2,1,8.6,4677.4958
B0007548,82.3092,3,1834.023,17.0679,2,9,6,4,1,4.1177,3122.594
B0002531,139.8015,23,1025.4537,13.9591,5,3,10,1,0,6.7009,4260.5651
B0008957,148.5315,0,4531.1944,19.3363,5,15,5,2,1,5.7111,4597.9185
B0001624,51.6228,11,2806.6731,21.1415,2,6,4,3,1,4.0036,2008.1168
B0015058,137.647,17,4656.4764,18.2933,5,12,3,3,1,7.2617,4103.0322
B0021847,152.0346,10,457.8347,1.6768,4,15,14,4,1,8.6,5954.3489
B0014509,61.0131,19,780.5792,5.6675,2,11,11,3,0,4.6241,2963.5633
B0012497,41.9499,2,2641.0708,20.5499,1,18,5,2,1,4.5351,2019.5007
B0009050,38.4868,11,2914.7176,20.933,1,27,6,2,1,5.0868,1948.2419
B0015913,98.8374,29,301.0649,7.4794,2,21,7,3,1,5.6136,3669.1337
B0014611,46.1975,0,1056.9531,11.6088,1,12,15,3,1,5.7691,2806.8881
B0010586,115.88,1,945.9305,5.3282,3,14,10,3,1,8.6,4597.6801
B0001578,79.8771,16,1562.1267,9.2393,3,27,5,1,1,5.2497,3289.9431
B0003965,69.3558,30,2725.2795,5.0885,3,16,12,1,1,5.0587,2823.2326
B0018030,64.2709,16,880.7295,10.9185,2,20,9,4,1,6.197,3316.2618
B0017589,99.9965,8,1548.2029,13.0122,3,17,10,2,1,6.7294,3951.5797
B0014844,93.3816,0,1638.3386,18.968,4,15,6,1,1,4.7438,3579.115
B0011227,94.9919,14,1715.694,8.116,3,16,14,3,0,6.2418,3898.8572
B0000443,114.5833,29,4232.1307,17.7053,4,25,5,1,1,6.613,3517.2775
B0006857,86.0568,21,1493.901,4.0938,4,10,8,2,1,6.2626,3720.0454
B0008159,120.664,3,1566.0791,12.6384,4,20,7,3,1,4.0781,4372.2953
B0021335,47.4793,7,473.8751,5.3759,2,27,13,3,1,4.2061,3083.968
B0016650,132.0624,8,1977.4272,15.7392,4,20,9,5,1,6.5312,4613.48
B0008261,74.776,22,1660.7994,8.7415,3,23,10,3,1,4.7591,3541.644
B0021963,38.0536,22,828.9153,3.3244,2,19,13,3,1,5.3132,2478.627
B0000609,128.1606,26,3148.3249,8.5899,3,10,6,2,1,3.6545,3926.3958
B0006957,115.2499,21,1873.1731,11.1811,3,3,6,3,0,6.508,3681.0881
B0004854,56.3125,5,2635.9415,18.9691,2,16,5,2,1,5.8568,2307.2062
B0021193,131.6043,21,1512.272,16.5569,4,24,7,1,1,5.0658,4156.1411
B0009538,92.5778,1,2106.632,14.9301,4,13,13,4,1,3.8882,3924.2489
B0006281,63.1848,29,2826.0046,23.9472,2,12,4,4,1,5.7907,2401.2616
B0003083,115.1697,8,2999.3531,19.5198,3,21,4,4,1,4.7998,4091.1507
B0009773,138.8857,7,4630.3464,21.8531,4,5,0,5,1,7.3517,4263.2793
B0015334,122.9435,7,2067.0373,10.1219,3,13,10,2,1,8.386,4549.4921
B0005341,81.2775,16,1749.7427,9.5318,4,19,13,4,1,6.745,3781.6526
B0018311,80.9715,14,3444.2235,24.6713,3,15,0,2,1,4.6784,2659.2127
B0022080,111.657,18,120.0,10.191,3,9,5,3,1,6.219,4529.0195
B0018166,51.2804,31,1994.5139,10.2833,3,5,11,3,0,5.567,2189.45
B0005821,37.3863,4,120.0,8.1135,1,4,13,4,0,5.8469,2735.2155
B0010956,99.1014,28,1275.6486,18.3052,3,2,5,1,0,5.4352,2942.0973
B0021310,113.5329,1,1583.6568,8.7486,3,26,10,5,1,6.6111,4684.5649
B0006586,145.6806,9,827.1768,7.3458,3,3,13,3,1,5.8262,5162.2514
B0020197,79.3917,24,593.1122,5.0076,2,28,10,3,1,3.8437,3720.5078
B0014176,144.9161,18,2368.4042,12.9238,4,23,8,5,1,5.9939,4715.616
B0003509,135.9006,7,1143.3281,16.3045,5,13,7,3,1,4.7688,4624.3491
B0013471,71.9666,4,1355.3777,15.0485,2,8,6,5,1,5.3389,3356.3526
B0009978,90.0419,22,1548.1809,15.5333,3,3,6,2,0,6.4961,3020.9751
B0019983,118.7527,24,120.0,2.5545,4,19,10,3,1,6.9916,5033.4613
B0013140,89.827,3,2755.2855,22.5867,3,2,7,3,1,4.0815,3269.5259
B0020513,148.0398,27,335.4114,11.9369,3,24,10,3,1,6.9539,5216.2273
B0002044,112.745,16,2911.0591,18.2889,3,26,3,3,1,4.1273,3830.6093
B0005311,143.8323,5,2205.8924,3.8499,4,21,10,2,1,6.3589,4946.3761
B0017115,59.1194,9,1995.8917,18.5542,2,26,5,3,1,6.9124,2866.6761
B0000979,81.1488,1,906.383,8.0022,2,9,7,3,1,5.8017,3600.0655
B0003128,79.1471,23,2299.2858,5.333,3,26,9,4,1,5.6471,3551.4953
B0008327,57.1378,20,760.3603,12.6271,3,10,8,2,1,2.4091,2573.6524
B0010477,71.7944,17,2228.1327,23.1483,1,1,8,2,1,4.1076,2520.1094
B0014243,52.2367,2,1420.2372,3.39,2,25,14,4,1,3.6213,3236.8545
B0016632,98.393,0,1451.8289,7.8518,4,11,10,4,1,4.7246,4149.7325
B0017231,43.497,22,2898.2911,13.8888,1,20,10,3,1,5.9664,2037.8774
B0018908,138.4735,31,3773.0468,17.8934,4,5,8,3,0,4.5023,3735.8972
B0010182,151.2624,25,916.2616,5.3251,5,17,14,3,1,8.6,5296.6102
B0016113,119.0953,11,2458.4691,13.1923,4,7,8,4,1,6.5225,4232.743
B0002039,135.3052,18,1468.295,1.8256,4,6,11,3,1,5.6655,4801.6692
B0006738,83.6024,16,2664.4621,16.613,3,6,10,4,1,5.255,3237.4765
B0002429,40.3498,6,3326.0317,23.4856,1,15,5,4,1,6.0061,1869.2762
B0005834,131.9322,10,850.6476,7.262,4,1,8,2,0,6.2577,4748.449
B0018164,43.1184,8,1696.1835,22.2597,1,24,8,4,1,5.3281,2146.4192
B0021667,80.3833,23,2408.2325,10.9289,3,19,11,2,1,5.5726,3172.7668
B0020170,74.0666,20,523.3231,5.7791,2,25,11,3,1,5.2108,3712.0878
B0008455,78.0974,26,1597.3438,12.0456,2,15,7,2,1,5.6915,2884.5145
B0003397,107.0912,19,1091.7433,9.7413,2,12,10,2,1,4.8856,3914.6652
B0014508,143.012,3,937.7603,10.3214,4,6,10,4,0,6.6494,4942.9512
B0002695,79.7306,19,2264.9472,17.4445,2,21,4,4,1,6.1745,2956.5727
B0016163,100.4771,4,1019.0399,2.6163,3,9,15,4,0,5.4648,4369.7004
B0012095,124.0213,15,4484.3967,21.982,4,5,5,3,0,5.1683,3585.2041
B0011167,108.0131,6,3460.9933,20.1042,5,17,2,4,1,3.9104,3676.9362
B0007034,36.8557,25,1203.7119,6.5057,2,5,12,2,1,4.6588,2009.2511
B0016639,122.3342,8,2011.0043,7.269,4,12,12,3,1,6.2898,4626.9284
B0011156,50.8883,12,2192.6465,8.7517,1,19,8,4,1,5.6486,2734.3302
B0007111,43.1452,22,4068.0113,23.8713,1,17,2,3,1,2.9226,1607.7609
B0010204,108.4529,5,3190.3499,24.9326,4,21,5,4,1,5.1283,3796.0099
B0000629,120.77,15,412.9271,7.9648,3,4,10,2,0,5.0549,4586.0626
B0002299,62.8151,0,1256.1174,10.0713,1,28,13,3,1,6.4285,3525.649
B0009233,139.7851,6,1620.6539,4.8739,4,5,10,5,0,6.2041,5049.3862
B0018531,60.6763,31,1579.9355,15.4634,2,15,10,3,1,5.4494,2390.8873
B0016940,56.7652,26,3450.7293,21.4451,2,7,0,2,0,4.4846,1642.2547
B0006101,58.8327,14,2517.436,8.3567,1,26,9,4,1,6.3004,3006.8879
B0006764,68.8728,16,816.5996,5.4692,2,23,10,2,1,4.6668,3547.1654
B0015993,46.0491,2,2951.4034,14.6782,2,24,1,2,1,5.047,2285.8389
B0016723,140.8915,18,1685.4648,1.5495,4,10,14,1,1,4.4582,4635.5025
B0005950,78.9877,10,2606.1548,9.1468,2,21,9,3,1,8.2304,3626.4546
B0021765,100.6789,7,2162.86,9.4091,4,14,10,3,1,5.7144,4341.0579
B0002471,115.0572,32,120.0,3.7204,4,8,12,3,1,5.2774,4460.6527
B0012058,55.1518,3,203.2487,1.5159,2,7,10,2,1,4.407,3183.574
B0007199,139.2758,12,2998.9643,21.2295,4,16,3,3,1,5.0178,4146.2592
B0001720,50.0104,14,3420.7571,12.1563,1,24,7,4,1,7.0391,2548.873
B0013640,146.4007,12,2918.8703,14.9681,5,5,9,3,0,7.1676,4538.946
B0012685,59.1784,8,1904.479,10.334,3,12,11,4,1,4.404,3188.8346
B0019878,140.8248,23,2287.1487,13.2188,5,22,9,2,1,5.8248,4420.4247
B0004844,80.7132,20,2090.3264,16.255,3,7,7,2,0,6.9188,2962.1009
B0021345,127.2738,23,1169.9236,12.5843,5,13,9,2,0,7.341,4299.2225
B0006637,108.0167,11,1170.8809,6.8537,3,18,11,2,1,5.231,4361.4443
B0011316,137.365,13,2998.2769,13.785,3,13,10,4,1,7.1,4533.8585
B0004165,124.9612,24,120.0,1.8464,4,20,16,4,1,7.0873,5229.8541
B0002490,75.7714,28,2334.8171,11.5293,2,18,9,2,1,4.9235,2711.1638
B0011471,39.2567,19,939.5769,9.5035,2,24,8,2,1,5.2487,2230.6458
B0020068,120.6273,22,545.7228,5.1986,4,26,11,3,1,6.355,4988.1515
B0012678,66.2108,16,1784.3646,5.6036,2,23,14,5,1,4.006,3301.7509
B0008888,148.6422,5,2698.2798,15.2783,5,15,8,3,1,5.7585,4719.9133
B0015483,144.6235,3,1314.2768,18.8075,4,14,7,2,1,8.139,4611.7648
B0006268,120.7896,30,1771.945,13.0058,4,27,6,2,1,5.9827,3660.1249
B0018858,120.504,28,759.027,12.2557,4,10,14,3,0,5.4716,4193.5243
B0016904,90.9837,30,2627.4912,21.8929,3,8,7,1,1,5.5435,2866.5615
B0002844,36.8576,3,120.0,3.0635,1,4,14,4,0,5.3558,2843.6839
B0014496,73.0145,29,1619.3248,12.867,2,18,10,3,0,4.1538,2838.6694
B0011380,72.7093,27,713.8566,1.9075,2,1,11,2,0,4.3339,3037.1834
B0014673,41.3469,7,988.4483,4.0063,1,25,11,2,1,5.1185,2957.118
B0009031,93.2554,4,2683.2094,16.0075,3,19,7,4,1,6.2674,3625.5603
B0012335,144.9692,28,2799.1895,14.2382,5,16,4,4,0,8.6,4151.3558
B0009800,141.6109,5,587.7683,14.3844,4,12,6,1,0,6.2482,4572.121
B0015020,113.5554,11,1185.0349,8.5647,3,17,8,2,1,5.9636,4264.0676
B0007400,37.6844,0,332.9682,8.0057,1,5,11,4,1,5.7126,2757.6811
B0003193,38.1569,20,3683.4519,18.2335,1,7,3,4,1,5.4944,1532.0825
B0006681,106.7745,6,3512.573,16.469,3,21,6,4,1,6.5158,3968.7177
B0005783,109.0637,16,1009.6058,5.3907,4,3,7,3,0,5.8647,4324.6985
B0000427,35.6084,5,1731.6464,8.577,2,11,12,4,1,5.823,2509.1753
B0014516,132.4727,12,2064.1481,16.1076,4,12,4,3,1,5.8299,4185.7189
B0019349,148.9541,9,120.0,2.5382,5,15,13,4,0,6.4121,5905.9452
B0000020,102.3968,6,2460.6963,20.5738,3,14,5,3,1,5.7688,3813.2399
B0010218,135.975,29,283.912,13.5327,4,9,11,3,1,6.3225,4873.3789
B0021536,142.0421,25,1977.7392,15.9494,5,22,8,3,1,5.5081,4361.2969
B0009174,146.4583,23,2824.7496,20.3944,5,2,1,2,0,4.8046,3691.8027
B0001584,91.0009,2,2252.593,17.0456,4,8,5,4,0,5.7711,3338.2467
B0015669,120.976,3,1927.1478,6.9769,4,6,11,2,1,7.425,4429.1854
B0008628,109.8823,4,120.0,5.4544,4,5,12,3,1,5.556,4992.7985
B0012670,90.6485,18,4287.7499,24.593,2,9,0,1,1,7.4306,2759.9578
B0007344,132.2668,27,1411.8471,4.2005,4,24,14,1,1,7.9388,4600.2619
B0021920,52.1701,14,1791.5212,10.7413,2,16,8,4,1,6.4717,2633.4266
B0010473,96.7286,10,3564.7777,19.4381,3,27,2,2,1,4.5378,3517.7194
B0005236,119.2197,10,2531.3138,7.6932,5,23,11,4,1,4.9599,4451.0749
B0011159,154.5322,27,126.4233,2.3576,4,12,13,2,1,7.5968,5618.1862
B0003350,139.4695,15,1815.3496,17.861,5,18,8,3,1,5.3405,4463.0296
B0003451,139.4961,23,161.9711,5.1026,5,15,14,3,1,7.0729,5336.5539
B0004509,92.1036,28,4406.5765,20.4631,2,12,1,2,1,4.2201,2800.4665
B0011649,109.0691,15,2553.3123,13.3367,3,17,6,1,0,7.0498,3186.449
B0005146,100.8021,14,517.0612,5.3119,3,11,12,4,1,6.745,4616.1094
B0000566,51.4494,30,120.0,1.7463,2,2,12,2,0,4.7982,2494.1155
B0008238,122.4611,19,869.8239,9.9275,4,1,4,3,0,4.4842,4014.4712
B0012748,36.154,12,1536.3102,12.674,1,1,7,4,0,4.1839,2105.2442
B0002821,93.3863,27,999.183,4.7481,2,15,11,1,0,2.4,3461.1003
B0007138,127.4543,19,594.638,1.8419,3,4,13,3,0,6.0389,4667.0115
B0007501,131.8356,11,167.3547,8.4019,5,25,9,3,1,5.0026,5558.0316
B0014454,91.733,24,2224.6867,17.5102,3,21,9,2,1,3.608,3347.8585
B0010733,126.0663,15,446.708,4.0814,4,22,13,2,1,6.5458,4967.1948
B0019063,54.6528,1,2917.8673,13.5755,2,25,5,3,1,7.3447,2539.5143
B0013857,151.6573,7,2954.7892,17.156,4,17,7,5,1,6.2462,4587.7617
B0002330,69.9695,14,2459.1903,24.7919,1,18,1,1,1,4.5934,2311.614
B0002686,69.2015,3,2063.2958,1.7468,1,2,13,3,0,4.9072,3587.7707
B0020350,153.1024,7,3176.5748,22.451,5,25,4,3,1,5.9035,4584.859
B0011693,83.9762,0,284.0939,8.876,2,16,15,4,1,5.0969,4192.8046
B0002938,128.2026,10,2699.5478,24.6446,4,13,0,3,1,6.0523,4099.1831
B0000324,43.7091,14,773.1836,9.5587,1,16,11,3,1,4.9984,2470.6094
B0007942,83.685,2,1097.5084,10.4071,3,26,12,2,1,4.7601,3896.8854
B0000586,70.9456,1,2869.9924,24.7333,2,13,2,4,1,5.5739,2813.3645
B0000760,37.682,14,2376.7888,14.0876,1,19,9,4,1,4.718,2257.5612
B0017378,131.2559,23,1444.3248,3.1291,4,22,10,2,1,5.417,4466.4705
B0015960,125.1042,12,681.0165,11.3752,4,8,7,4,1,6.6625,4640.5865
B0005105,56.875,32,542.7923,4.6477,1,12,11,2,0,4.8316,2556.6769
B0017615,140.0842,19,1559.3988,10.6095,4,27,7,4,1,6.3418,4795.9252
B0019433,121.9196,8,1637.1926,17.6195,4,10,10,4,1,3.992,4272.7822
B0003441,97.7474,19,120.0,3.542,2,26,11,3,1,6.7071,4769.9043
B0008593,75.2932,1,3625.0173,24.9922,2,11,4,5,1,4.4503,2947.1466
B0010765,70.5786,29,2135.5054,6.4325,2,27,12,2,1,3.9743,2931.229
B0012657,131.5844,9,3806.3005,21.3363,4,27,0,3,1,7.3014,4128.434
B0001703,138.4386,24,4804.3383,21.2256,4,24,2,1,1,6.1749,3555.8929
B0022081,41.8401,29,312.4713,5.1148,1,9,15,4,1,5.2301,2330.7091
B0016268,134.1453,22,2941.0332,19.624,4,7,3,3,0,6.2277,3758.5504
B0007881,66.6406,22,2379.3862,13.9829,1,26,7,3,1,5.812,2607.2096
B0006526,154.9412,10,1358.9132,9.6918,5,3,10,3,0,6.5777,5128.5306
B0014680,132.1017,29,2976.6277,24.364,4,9,3,3,0,5.6431,3389.0145
B0021723,62.0507,30,4513.2127,22.5669,2,22,3,5,1,4.9513,2513.2084
B0011065,49.4206,30,3400.7869,20.5981,2,26,0,2,1,5.2304,1606.2872
B0018488,118.11,5,1613.8741,6.5747,3,20,8,4,1,7.6384,4709.8669
B0002796,59.8108,26,120.0,8.6159,1,6,9,1,0,4.8977,2681.9595
B0005863,144.7265,0,2184.1621,1.801,5,2,12,3,1,6.1017,4984.7942
B0020127,83.3583,5,879.3744,1.8981,2,23,14,2,1,5.2794,4265.033
B0020701,133.7089,23,1262.9061,5.4689,4,4,12,1,0,8.3268,4363.1148
B0012172,120.4923,8,825.6905,3.3538,3,5,11,2,0,7.5456,4542.2357
B0018956,68.4144,25,438.2057,2.0111,2,20,14,3,1,4.8825,3514.6365
B0004515,151.6565,15,3295.266,15.1499,3,21,4,2,1,6.9426,4402.414
B0012563,52.9569,29,120.0,6.6429,2,2,10,2,0,5.0387,2557.2081
B0011744,39.6681,24,3289.1306,18.5292,1,8,3,3,1,5.4278,1534.2354
B0017018,96.9141,8,2219.936,17.1882,2,6,6,3,1,5.1732,3400.772
B0006596,111.818,11,120.0,4.0647,4,11,12,3,0,6.1786,4872.9022
B0019676,149.4321,31,1756.903,23.6341,5,15,3,2,1,5.9519,3957.5657
B0022223,101.0196,30,483.4104,9.7407,3,22,6,1,1,5.1621,3646.821
B0004801,97.8457,19,4447.1413,22.6214,3,14,1,3,1,4.1795,2949.8008
B0012441,124.1929,9,2190.6086,12.1723,4,22,6,3,1,5.9641,4306.5562
B0002179,154.7004,18,120.0,2.2795,4,25,12,3,1,6.0677,6020.036
B0002071,92.2641,8,1685.1556,16.8033,2,25,9,4,1,3.0925,3976.203
B0008683,127.5301,26,1734.4283,1.8795,4,10,12,2,1,4.9159,4382.6512
B0008520,45.8807,28,1203.3863,2.7365,1,11,12,2,0,6.227,2266.0215
B0006100,62.0831,29,131.3977,5.1706,1,18,10,3,1,4.1299,2986.5588
B0002301,94.1317,16,837.535,5.4429,3,9,11,2,1,7.0119,4046.1669
B0019959,72.1324,16,775.2593,6.5768,3,20,12,3,1,4.6652,3658.9588
B0011202,99.6914,22,1646.696,3.9671,2,8,9,2,0,6.5476,3643.9452
B0017707,139.0987,16,1589.7051,16.9942,3,23,10,3,1,5.1816,4576.3571
B0006329,79.0495,28,120.0,6.5486,3,11,11,2,0,4.3826,3674.4241
B0000070,153.4554,16,3217.375,19.7525,4,26,3,3,1,4.5603,4337.2472
B0007620,102.2959,25,2799.3988,15.1527,3,19,5,2,1,4.7876,3329.6379
B0003322,101.9882,3,1715.7513,20.3492,3,8,7,4,1,5.2404,3911.0773
B0019901,127.3242,20,1172.3822,7.2216,3,9,11,3,0,5.5033,4119.7754
B0020939,81.3342,7,1787.5154,22.8864,2,2,9,2,0,3.6709,3027.5287
B0006408,83.9909,4,1185.0175,5.9696,2,16,9,4,1,5.7884,3941.6914
B0014919,66.126,22,1068.8217,5.7078,2,27,12,1,1,5.2718,3144.2592
B0018252,135.1981,16,1924.0402,20.9048,4,24,6,3,1,6.8068,4136.6942
B0017924,138.4534,13,3777.0654,21.1752,4,19,9,2,1,4.9801,4146.1035
B0005425,89.8598,11,3262.2713,23.841,2,26,5,3,1,6.4349,3004.5151
B0019823,114.4767,26,1545.7659,17.4225,3,15,3,3,1,4.6104,3471.4143
B0012973,146.2671,25,2074.7903,6.4731,4,10,8,1,0,4.7511,4065.3844
B0003035,88.0061,23,186.3267,14.8647,2,10,10,3,0,5.0367,3637.1403
B0001547,142.2569,15,2498.2943,11.734,4,24,9,3,1,6.9595,4579.6453
B0004626,130.4399,2,1510.5682,5.9255,3,6,9,2,0,6.7813,4417.6864
B0017367,88.347,10,120.0,3.5661,3,16,12,3,1,5.7814,4460.6874
B0018481,119.6591,22,727.4713,12.744,4,17,10,2,1,6.071,4234.2427
B0004272,66.6039,31,1360.0685,7.7153,2,19,12,2,1,5.2307,2784.9497
B0017021,120.5712,23,3329.4568,24.0876,3,23,2,2,1,6.9858,3610.4636
B0002865,146.9673,16,1863.3701,18.1297,4,26,5,3,1,6.4171,4570.0025
B0016111,142.0957,7,1561.3623,2.3404,4,4,9,3,0,7.7772,4880.2134
B0020882,144.5352,10,2053.3474,12.0167,4,13,7,3,1,6.4344,4576.9984
B0018805,59.1978,20,2584.6641,20.6185,1,25,4,1,1,6.5673,2221.1998
B0019145,71.8107,13,4280.2846,17.4816,2,18,7,3,1,7.0944,2812.2622
B0006650,139.6417,15,1119.1143,13.7685,5,26,8,3,1,5.1101,4718.8764
B0011261,146.9006,31,120.0,6.3327,5,20,11,3,1,7.2999,5379.7002
B0016568,106.2663,13,1675.19,16.3057,4,25,9,2,1,4.8727,3996.684
B0003058,57.2898,11,950.5109,13.3214,3,3,10,3,0,6.5297,2947.1163
B0012197,103.2814,22,401.5363,1.7248,3,12,16,2,0,5.6919,4236.6422
B0012334,61.1965,28,2265.1323,4.8687,1,14,10,1,0,5.2571,2439.4557
B0001310,88.9766,30,1122.1703,8.7902,2,16,6,2,1,3.9343,3041.3505
B0016204,71.1451,1,1110.526,8.7417,3,9,11,4,1,6.6898,3894.785
B0010128,77.4934,4,2716.0077,22.4747,2,4,6,4,1,4.0097,2906.2304
B0022268,98.9751,3,683.6325,3.3173,3,11,13,4,1,5.2848,4442.2691
B0017236,46.156,10,1703.5602,10.9524,1,19,12,3,1,4.873,2628.1594
B0016205,75.7797,4,120.0,3.1716,3,20,12,3,1,4.4416,4004.2014
B0007094,86.362,12,120.0,2.3766,2,25,16,2,1,5.6817,4530.6534
B0005737,84.8772,5,2975.8119,14.0819,2,2,8,3,0,5.5414,3311.7188
B0020534,44.7339,31,3522.0415,18.8919,1,2,4,1,0,3.4668,1199.789
B0008135,41.7469,4,1853.6396,15.3966,1,24,8,4,1,4.3578,2352.5997
B0008361,45.6465,7,1576.8666,22.3609,2,23,2,3,1,5.4704,2074.7153
B0013253,87.7523,12,827.5609,10.1912,2,14,8,3,0,3.7167,3479.7595
B0018250,53.1525,20,3706.1914,19.9862,1,18,4,2,1,4.5311,2002.2719
B0003724,45.7518,14,2012.5555,14.9661,1,24,7,3,1,4.6263,2426.0397
B0014862,91.1108,9,999.8918,12.8634,3,5,11,3,0,3.5938,3645.4431
B0011670,118.3619,0,1776.5981,9.2589,4,2,11,3,1,5.9809,4369.2273
B0021312,138.5748,27,3826.8627,21.6521,4,13,7,1,1,6.2672,3602.2547
B0020773,106.8283,11,2179.1107,10.3434,3,13,11,2,1,5.9729,4267.4368
B0021320,80.2255,29,959.2275,4.1542,2,26,13,2,1,7.2243,3306.5164
B0009274,74.1735,9,1660.9644,6.2679,2,21,13,1,1,4.4054,3373.5919
B0021234,118.9537,27,2708.8673,18.7672,4,2,9,4,0,5.4862,3785.1346
B0009825,106.2913,22,617.9822,16.5428,4,10,10,1,0,7.3502,3785.3209
B0000052,109.7041,24,2788.1538,16.7897,3,12,6,2,1,6.2806,3505.5995
B0002790,136.9891,30,1535.8592,7.2985,4,13,11,2,0,7.2864,4143.6829
B0018431,62.3653,26,2523.3091,12.1276,2,19,7,3,1,5.3125,2554.869
B0017184,81.3225,18,1952.2667,2.9361,2,3,9,3,0,6.7061,3516.9827
B0004319,153.0532,23,1299.9901,11.1574,4,24,11,3,1,8.6,5140.0982
B0014717,82.2815,19,1433.6778,13.8175,2,15,11,3,1,5.0094,3333.7505
B0007921,140.5464,6,2211.484,19.4196,4,23,3,3,1,7.1416,4549.6292
B0021329,70.4763,22,120.0,8.5925,3,14,13,3,1,4.3895,3699.8418
B0010224,50.7508,9,1794.6117,16.7879,1,21,3,4,1,7.1725,2519.4011
B0001180,44.5404,20,1438.336,2.0658,2,10,14,4,0,4.3482,2500.0663
B0021527,152.0338,9,4221.3823,24.3667,5,4,5,4,1,7.9678,4398.2069
B0005830,47.995,30,2065.6055,5.155,2,14,12,2,1,4.5435,2362.8991
B0016007,37.0938,23,3881.1931,19.7819,2,2,3,4,1,2.5909,1132.1292
B0018183,123.1219,4,1037.1516,8.6312,4,11,11,4,1,8.5319,4730.5597
B0016713,99.5908,4,120.0,5.5165,3,1,12,3,0,5.7591,4653.2331
B0016727,153.2431,19,2283.7718,18.9489,4,21,5,3,1,6.114,4479.1965
B0012436,91.6794,6,1548.7011,7.666,4,19,11,4,1,4.9025,3999.4135
B0000212,137.9411,4,958.671,11.9451,4,3,8,4,0,5.5427,4658.8066
B0019825,37.7431,6,868.5579,2.2262,1,20,13,2,1,7.4138,2833.4898
B0010529,140.5672,1,1698.8422,15.6543,5,26,8,4,1,5.8749,5042.4551
B0003042,125.7307,30,1573.9506,15.4364,4,7,6,2,0,5.8237,3508.3674
B0021214,72.2314,26,2500.9712,11.4512,3,12,1,3,1,3.983,2582.9078
B0011048,68.2607,25,2620.4958,18.7659,1,28,8,2,1,5.1165,2483.8345
B0018408,97.873,23,1080.1752,10.1147,3,25,12,3,1,6.2232,4049.4559
B0012323,139.683,2,2022.8542,7.3517,4,17,11,4,1,7.0796,5140.6976
B0010332,77.9058,8,2102.3607,5.8792,2,23,11,5,1,6.2354,3695.2682
B0019537,57.2579,12,120.0,2.4693,2,11,16,3,0,3.7957,3351.2655
B0017074,92.7277,29,1679.7849,14.9094,3,15,5,2,1,4.9259,3082.4235
B0018279,126.56,26,2109.2225,4.8921,4,9,11,1,1,7.7133,4045.2011
B0000632,81.6955,16,2080.5121,19.1316,3,16,9,3,0,5.2658,3217.1102
B0014133,151.2719,24,2686.4061,20.5294,4,28,4,2,1,6.3932,4327.5252
B0007067,61.5958,22,1181.6943,14.7503,2,20,7,2,1,5.4804,2578.0154
B0011635,74.2865,11,120.0,7.5763,2,24,8,3,1,6.0379,4100.1159
B0003561,70.2404,3,2705.6759,18.0746,3,3,3,4,0,5.7581,2859.4345
B0020136,56.3336,32,3866.9572,20.7472,1,6,2,3,0,7.1725,1730.228
B0021044,122.4208,10,3165.1699,12.6342,3,23,6,3,1,5.9984,4326.4511
B0015846,153.5249,4,120.0,3.468,5,8,12,2,1,6.239,5960.5072
B0018720,95.6495,1,2677.9681,24.5529,3,15,5,5,1,4.1568,3764.2794
B0007715,110.4013,21,3969.598,21.821,4,20,4,3,1,5.268,3384.8571
B0008733,81.6151,3,120.0,3.1307,4,21,14,4,1,5.4827,4521.2337
B0017009,114.2093,16,1557.6003,19.3742,3,26,4,2,1,4.3538,3762.6985
B0000061,91.313,20,191.5211,3.3764,2,5,7,3,1,7.5376,3983.6399
B0002913,79.3239,31,914.7845,6.8097,1,26,10,3,1,5.1519,3243.0082
B0017257,145.8455,32,1078.5362,4.1819,5,21,12,2,1,7.4425,4862.9289
B0012862,147.7615,8,1698.4225,9.0236,5,7,11,4,0,7.8773,5082.2032
B0017436,125.5671,4,3772.5299,16.4157,4,26,6,3,1,4.8383,4314.7742
B0004534,92.4938,31,1603.6579,23.2175,2,7,6,2,0,7.488,2454.8858
B0015823,50.0526,15,975.0168,3.8826,1,26,12,3,1,6.8149,2994.6545
B0008024,115.7089,14,653.4763,11.5811,3,2,10,2,1,5.8232,4059.6923
B0009535,105.3563,12,466.7805,7.4157,4,9,10,3,1,4.8091,4445.8795
B0020283,104.6901,16,120.0,7.358,2,23,11,4,1,7.5421,4979.9622
B0001341,73.279,3,2081.4194,17.9256,3,14,5,4,1,5.7738,3218.2642
B0009459,44.2141,26,2048.3613,6.8783,2,10,10,3,0,3.218,2078.4793
B0002158,54.1678,10,640.4986,4.2162,1,15,15,4,1,6.2811,3175.5058
B0004730,96.185,23,2964.9078,13.9479,2,17,7,4,1,5.8306,3338.8022
B0011700,113.598,14,2083.5746,14.8891,4,22,4,2,1,4.3341,3840.008
B0014169,131.2865,28,1899.3626,18.5236,4,12,7,1,1,5.5314,3668.6754
B0000108,96.6683,32,1380.2711,15.2592,3,11,8,1,0,6.9157,3059.6512
B0016331,96.638,32,1091.3883,17.3963,3,20,6,5,1,4.4873,3395.1139
B0003936,66.1342,25,716.9881,9.5347,2,11,9,2,1,3.4307,3069.1067
B0002254,48.0189,9,3447.7859,11.7504,1,3,9,3,1,6.3091,2219.9598
B0012925,85.8196,8,1451.5058,1.9625,3,5,13,3,0,5.1349,3827.9464
B0006461,145.6277,0,1130.4578,4.3739,5,18,10,3,1,6.1588,5621.1348
B0005346,52.5021,30,1727.5644,17.972,1,20,8,1,1,4.7297,1926.0112
B0000635,147.5301,15,4438.9848,23.9859,4,20,0,2,1,6.105,4108.6299
B0016253,87.4341,16,2798.9631,15.932,3,22,10,3,0,5.1258,3236.98
B0007696,137.6612,21,1594.4223,8.7286,5,22,8,3,1,5.4099,4522.4624
B0001678,82.3925,32,3028.1013,24.6353,2,16,6,3,1,3.7672,2391.1264
B0002058,129.0203,7,2676.1305,15.2253,4,27,5,3,1,7.9643,4377.2585
B0012817,131.8845,20,120.0,3.2403,5,9,14,2,1,8.2482,5281.9345
B0002648,86.0405,19,120.0,2.7812,2,6,13,2,0,6.0387,3851.4481
B0011885,86.7585,25,1949.3672,18.8397,3,15,3,1,1,4.4132,2705.1266
B0011390,135.7433,12,1800.0638,10.8091,4,16,5,4,1,6.6192,4420.1855
B0000116,154.8716,8,1971.1902,3.165,5,16,15,5,1,6.3976,5752.3763
B0010502,107.9226,1,2673.2192,20.9415,3,27,1,3,1,6.0715,3760.3337
B0021505,137.7424,0,537.8482,1.6642,4,14,15,3,1,7.3588,5680.1519
B0018159,41.2866,27,2795.7734,16.1458,1,5,10,3,0,5.5757,1800.9971
B0012960,69.4945,29,2979.1444,21.6322,2,12,3,2,0,5.8744,2020.22
B0010704,124.8446,15,2314.738,17.8297,3,18,5,2,1,5.2678,3785.7811
B0011054,77.1557,7,2487.7758,13.5881,3,15,8,2,1,6.222,3389.8266
B0002879,46.0553,19,815.8525,2.6706,2,5,14,2,0,4.3356,2480.5005
B0009371,90.8641,3,2098.8059,20.1923,3,17,2,4,1,6.7956,3533.7755
B0021890,60.1312,10,716.4129,5.9993,2,13,7,4,1,6.4516,3285.1569
B0013030,79.3314,5,1870.9825,17.4117,2,15,7,2,1,4.1762,3231.9415
B0010443,94.4368,0,1968.0628,2.5349,3,28,13,2,1,5.7188,4173.8095
B0016467,131.3899,14,4406.359,22.1888,4,6,3,3,0,5.1437,3729.9245
B0017792,135.9616,21,2582.2572,2.1343,4,23,13,2,1,6.2419,4746.8499
B0003091,58.8825,29,1707.6808,12.1812,1,5,10,2,0,4.5317,2163.944
B0010920,148.0055,21,1359.9858,11.916,5,15,9,4,1,4.8776,4975.1298
B0022281,126.115,10,1682.0523,8.4769,4,26,7,2,1,4.7067,4507.7927
B0020386,46.1475,7,120.0,3.397,2,9,15,1,1,6.1145,2893.6861
B0005556,132.0962,32,2577.4693,12.5951,4,6,11,1,0,4.8884,3981.5985
B0000319,130.2234,8,2344.9151,23.8771,4,6,6,2,1,5.2679,3749.7236
B0007710,88.0498,28,951.5544,18.3534,3,12,9,4,1,5.858,3277.0199
B0018624,84.8364,17,1986.8632,21.7538,3,1,2,3,0,5.485,2990.5197
B0019699,96.7324,31,1874.3467,12.8605,3,19,6,2,0,4.7659,2823.6404
B0006529,142.6092,6,2928.1988,16.5886,4,25,5,3,1,6.287,4415.772
B0021529,70.0768,31,1984.0174,16.9087,3,8,5,3,0,6.5843,2246.8775
B0001401,58.155,13,3170.3,24.8126,1,19,3,5,1,4.5098,2452.3319
B0012019,81.8548,3,2085.9014,15.8751,3,10,3,3,1,7.7503,3328.3627
B0005809,84.4989,15,1401.7228,4.5568,3,20,8,2,1,5.0289,3499.1847
B0002028,35.6638,9,2414.9362,17.7908,1,9,4,1,1,5.6121,1691.3803
B0007058,105.041,21,1163.9753,19.9777,3,25,2,3,1,5.475,3500.4578
B0021591,152.8239,20,1380.8035,6.3419,4,3,9,2,0,5.766,4659.3679
B0004250,77.0724,8,276.6302,4.1771,2,15,14,4,1,6.9914,4343.7312
B0019992,144.8488,14,675.0607,7.9081,5,26,11,4,1,5.3763,5574.2133
B0014041,79.3982,16,1101.5629,20.0267,2,25,2,3,1,6.7536,3132.6216
B0019896,78.2979,6,947.3048,6.1381,2,28,8,3,1,6.9913,3731.8155
B0014685,51.0989,14,2016.9099,8.1022,1,5,12,4,0,5.9912,2694.6237
B0000787,93.9406,17,877.9825,12.3242,3,28,11,3,1,5.771,4106.3666
B0001455,148.7786,8,2854.9224,13.6587,5,26,5,3,1,6.845,4735.3619
B0017267,78.5303,17,2652.6263,22.3618,3,24,2,4,1,3.7275,2976.9507
B0016249,140.3136,18,2412.059,17.6866,4,18,6,2,1,5.8881,4297.5583
B0009512,69.2052,10,120.0,5.1279,2,5,10,3,1,6.403,3649.3951
B0004877,121.2301,6,1548.9806,10.4035,4,10,11,4,1,6.4598,4591.5476
B0003911,128.0794,8,1092.6834,11.5983,4,27,7,3,1,7.3072,4915.7566
B0009310,54.9222,17,2472.0105,4.6747,2,3,14,3,1,6.0511,2889.3906
B0002598,144.6945,17,1647.2824,13.8975,4,4,8,3,0,7.6835,4424.0655
B0010825,41.8384,20,2461.3202,16.1236,2,23,7,2,1,5.8106,2026.9919
B0011764,103.1458,15,1803.5533,23.083,3,20,5,3,1,6.4131,3565.5384
B0014820,58.033,23,2578.3397,19.0362,2,12,7,4,0,5.719,2204.3813
B0000435,96.6734,22,2439.9352,22.4513,3,7,1,1,0,5.4981,2645.2532
B0019415,91.6807,8,2172.709,23.3875,3,6,4,4,1,3.287,3276.7039
B0022310,150.2569,17,2178.0077,5.6995,4,8,12,2,0,6.5671,4564.6369
B0001290,138.3057,31,3666.538,23.7294,5,11,2,4,1,5.6995,3582.9678
B0007906,146.8095,6,1157.5891,15.7844,3,11,12,3,1,6.988,4998.1585
B0009863,120.0429,2,2621.0734,24.3879,5,3,3,3,1,5.2685,3608.8032
B0005873,51.268,17,1703.5348,21.4989,2,18,10,2,1,6.3694,2376.3988
B0002218,62.7883,26,1862.6789,17.8491,2,16,4,1,1,3.1452,2119.5411
B0021324,112.7976,0,626.2089,2.4844,2,15,6,2,1,5.5497,4550.3585
B0005862,79.8597,17,876.4946,12.8189,2,23,9,4,1,3.6133,3592.1625
B0008613,58.95,4,3163.8787,24.6614,1,6,4,5,1,2.4,2280.2037
B0017903,75.3308,31,2587.7613,9.2952,2,27,13,3,1,3.8349,3072.279
B0013490,106.7662,0,4025.3543,21.8174,5,26,0,4,1,5.1067,3796.2678
B0013078,83.7075,20,174.9087,3.682,3,4,12,3,0,5.0585,3888.4353
B0007092,145.3286,24,985.0573,4.6457,3,24,10,2,0,7.0176,4461.538
B0015583,56.1706,11,1557.5863,9.005,2,1,7,2,0,4.2467,2299.4415
B0019717,140.593,13,582.0213,2.8085,4,14,12,3,1,7.8658,5474.8487
B0013384,91.4865,10,1997.3071,20.3371,2,28,4,2,1,4.6175,3250.3053
B0013153,137.7092,24,2745.0446,20.0114,5,8,6,3,0,5.7986,3862.6699
B0019485,127.172,21,1265.7359,7.7173,4,14,10,1,1,5.8856,4241.9265
B0015140,39.5489,24,120.0,3.5925,2,13,13,4,1,4.4373,2458.6026
B0004608,92.1821,24,1732.3981,17.7705,3,18,5,1,1,3.9358,2840.5836
B0017147,84.7448,0,2875.0211,19.7844,3,14,3,4,1,4.442,3239.3939
B0020440,130.0116,20,1751.8666,7.9638,4,16,11,1,1,5.7793,4426.575
B0022085,118.1309,30,1277.4279,9.3281,5,7,12,2,1,5.2317,3936.7676
B0006205,153.471,27,334.1746,3.6155,5,8,12,2,0,4.93,5184.2889
B0003085,42.9395,29,601.3253,3.6968,1,7,14,3,1,6.2951,2302.844
B0022263,153.1203,17,4868.226,23.5061,4,22,1,2,1,6.5733,4205.4502
B0019254,139.219,26,120.0,12.8713,4,11,11,2,0,6.6407,4872.7902
B0006256,113.5121,15,1464.73,6.0867,4,9,12,3,1,6.3689,4570.1806
B0017478,148.7719,30,741.5824,13.5477,4,14,8,4,0,5.914,4500.7655
B0015964,150.5492,22,2047.2095,6.2774,5,3,12,4,1,6.6731,4768.0772
B0010524,109.2959,17,1882.0207,13.72,2,23,9,3,1,4.9751,3950.3292
B0014916,123.309,8,343.6621,8.6262,4,16,13,3,1,5.5775,5113.6794
B0018046,111.376,2,1987.252,18.9389,3,23,8,2,1,6.5756,4021.9615
B0019201,52.008,6,120.0,5.8613,2,1,11,3,1,5.9169,3474.5741
B0014689,78.663,7,2569.8364,20.619,1,2,0,3,0,4.7858,2810.4027
B0013011,115.2653,6,2674.9812,17.6735,4,11,4,5,1,5.5124,3988.6013
B0001357,96.9426,13,2547.7454,13.5866,3,10,4,2,0,5.3418,3321.9975
B0003651,143.392,0,2123.2927,15.6522,5,14,8,3,1,6.1579,4885.9564
B0018471,54.7661,28,120.0,5.4122,2,21,12,2,1,4.425,2943.8122
B0003731,37.3166,4,2245.3242,9.8481,1,28,9,3,1,4.4886,2390.0734
B0007123,119.5104,11,1869.741,17.4744,4,9,4,3,1,5.3442,3831.8269
B0007109,118.7892,6,3934.7178,22.5275,3,7,2,5,1,6.1489,3729.0694
B0001502,135.1419,30,436.2744,5.5906,3,14,10,3,1,6.335,4727.4245
B0020466,70.3333,18,3390.0646,20.019,2,6,1,2,0,4.3353,2401.1121
B0016353,69.2512,17,3127.8546,22.7445,2,8,2,3,0,6.1593,2608.5747
B0002230,100.3135,21,1163.0194,14.1683,3,25,7,2,1,6.8762,3580.3097
B0005688,82.1983,31,680.9841,5.6815,2,23,13,3,1,5.4095,3495.3943
B0000389,143.9549,12,1183.5131,8.2641,5,24,14,2,1,7.3164,5157.7139
B0022454,75.5668,20,711.4921,8.9322,3,20,12,3,1,5.4716,3691.4892
B0005844,91.8274,10,2428.2791,11.6026,3,20,13,2,1,5.0489,3623.7539
B0019946,127.0817,2,4298.9904,24.5504,5,16,3,3,1,6.6412,4026.0141
B0019899,41.6431,1,2197.6126,13.0042,3,2,8,3,0,5.0358,2229.1566
B0020850,154.0265,5,328.0838,2.2089,5,26,12,5,1,6.6333,6108.4172
B0008127,137.7266,2,120.0,5.0288,4,21,16,3,0,7.4315,5498.4044
B0006893,75.0231,29,2602.1726,11.6122,2,25,6,3,1,4.9983,2607.6456
B0015290,40.7527,16,2843.1586,18.5035,1,7,7,4,0,3.9497,1769.2421
B0018656,153.5512,11,1696.7637,20.0926,5,9,3,3,1,6.4823,4507.0589
B0011406,123.1808,15,2825.3919,7.8142,4,5,5,2,1,3.3445,4045.8607
B0018598,49.1816,15,2607.1088,16.6848,2,25,6,2,1,5.628,2185.7993
B0015613,144.0116,30,1505.371,8.6914,5,2,11,3,0,4.9732,4434.3073
B0003565,62.6178,19,1303.9327,12.6552,2,22,8,2,1,4.31,2919.0597
B0005996,66.628,7,729.1217,20.1141,1,24,6,3,1,4.5844,3224.7805
B0014089,63.4992,10,549.9203,2.6335,3,17,10,2,1,6.2441,3367.5957
B0015248,151.7583,16,1047.3989,7.2863,5,24,11,1,1,6.1123,5214.638
B0012211,43.0193,8,2350.9091,16.508,2,12,5,2,1,5.3883,2088.348
B0012808,137.4558,25,2969.3178,20.7938,3,3,5,5,0,6.1464,3995.5628
B0010762,146.8242,29,3384.723,19.9489,5,20,3,3,1,7.1107,4041.7779
B0016864,65.6633,20,1502.2321,1.5059,4,1,13,3,0,4.7419,3436.8442
B0010547,113.8755,6,2781.7357,20.4207,4,18,1,2,1,4.5006,3681.7708
B0021177,72.2091,25,2587.8148,13.2262,3,19,6,2,1,5.2749,2623.3553
B0010258,148.2065,20,1861.1711,11.8228,5,28,8,2,1,6.9359,4957.2527
B0015014,134.6973,20,2318.9323,14.4822,3,16,8,3,1,6.5757,4039.139
B0016094,88.0865,18,919.6261,19.8137,3,14,7,4,1,5.0034,3496.9779
B0010467,99.9919,3,1677.0634,2.0521,3,19,9,3,1,5.749,4136.6414
B0014197,40.781,21,1885.2522,10.514,1,2,10,2,0,3.2688,1911.3207
B0001046,114.5489,3,535.32,7.4671,4,4,15,3,1,7.7466,4735.4569
B0018228,93.0414,2,4009.7886,21.4317,3,23,2,3,1,4.1564,3256.8076
B0013119,110.3208,18,2344.1738,7.5794,2,2,10,2,0,5.9787,3802.4586
B0013592,82.9358,9,3063.2415,17.9526,2,26,7,3,1,3.915,3357.5951
B0014228,35.2212,24,3258.5303,23.342,1,17,3,1,1,4.4946,1063.824
B0007249,137.0651,20,120.0,3.6854,4,13,13,4,1,6.6775,5432.4618
B0002503,48.7815,3,1933.2742,13.0949,1,28,9,3,1,3.8256,2661.9534
B0017172,76.5268,1,262.5019,3.1963,3,22,7,2,1,4.763,3940.4355
B0007020,135.4654,14,2156.6973,12.9075,4,23,8,5,1,6.4628,4919.5481
B0015488,117.0108,10,3624.7035,24.8991,4,8,1,3,1,5.8942,3546.3454
B0021135,63.3518,24,3037.6915,15.1942,2,24,10,3,1,3.8549,2529.4639
B0015051,133.4141,6,3593.7301,12.2702,4,5,10,4,0,7.119,4529.0674
B0022110,92.3001,6,1239.3678,4.51,3,5,11,5,0,5.8304,4311.2052
B0021595,122.6072,10,120.0,1.7367,4,23,10,3,1,7.1344,5485.0751
B0008702,128.9247,4,506.7171,4.5692,5,17,8,4,1,8.0122,5416.6209
B0006119,99.2981,25,945.0612,16.5829,2,6,8,1,1,4.6808,3405.6881
B0017684,126.0725,17,2635.9472,22.7587,4,6,1,2,0,7.8848,3438.953
B0007315,54.3656,27,2058.1806,19.2709,1,7,9,2,1,5.8177,2074.1061
B0019067,134.8257,0,1086.6852,9.0445,4,20,14,2,1,6.1068,4793.7238
B0022371,38.6616,20,3384.9199,24.3257,1,4,5,1,1,4.0516,1210.3118
B0014051,126.689,17,3980.0077,21.2384,4,8,8,3,1,4.5344,3815.2636
B0016198,65.7641,17,3416.2604,18.0581,2,4,4,4,1,5.1362,2442.6427
B0003992,147.3398,12,120.0,3.2858,4,1,14,4,0,8.1982,5772.9187
B0009179,146.9245,19,1479.7925,18.6946,4,9,1,4,0,7.4562,4229.6643
B0002042,126.6792,4,120.0,2.9126,4,3,13,3,1,6.6514,5501.9005
B0022117,49.9742,7,2615.3317,7.0009,2,4,9,4,1,4.3166,2734.2508
B0012254,84.2326,23,2457.4666,24.0696,2,5,6,2,0,4.4346,2497.3118
B0019338,47.4858,1,3260.4122,19.2052,2,19,6,3,1,5.837,2306.7846
B0002662,106.8035,10,3066.5335,23.0198,3,21,2,3,1,7.5345,3382.5658
B0022292,46.4648,1,1292.3888,15.7849,2,6,11,3,1,5.11,2487.7921
B0017879,149.7845,15,2000.8958,24.8762,4,24,2,2,1,7.081,4506.1058
B0014337,142.815,10,3091.8691,19.5964,3,23,5,2,1,5.6897,4300.5771
B0006335,142.4366,6,3523.977,16.2288,5,13,7,3,1,6.37,4435.6289
B0014139,52.1823,28,1567.0169,11.6855,1,17,11,2,0,7.3265,2232.0072
B0008186,69.0681,32,1650.3823,23.3406,3,16,8,2,1,3.9206,2264.2191
B0003098,96.1224,7,1662.4629,12.2696,3,25,5,2,1,4.0098,3635.2447
B0017722,79.048,4,1596.9267,7.7638,2,2,10,4,1,5.3166,3425.1357
B0011855,66.3323,3,1800.5284,16.2107,2,18,8,3,1,4.1888,2905.0015
B0016014,99.332,32,3094.0952,19.1947,3,14,2,1,1,7.0087,2878.258
B0018548,93.6403,18,252.3154,7.0046,3,25,12,3,1,4.0648,4504.8885
B0002363,96.8838,20,1002.0036,5.2997,3,17,13,2,1,4.3095,3915.6781
B0000698,118.2528,0,1529.8501,14.0577,4,25,7,5,1,4.3856,4604.0649
B0001568,53.6382,29,2630.8553,13.0633,1,26,6,2,0,3.5261,1611.1341
B0018694,123.1022,25,711.868,14.1231,4,5,8,1,1,5.8469,3892.7747
B0017306,95.0578,17,1722.3222,16.0362,2,11,7,2,1,5.7716,3429.0217
B0002360,71.342,23,120.0,5.2563,2,4,12,3,0,6.7743,3532.4226
B0011769,58.694,28,3080.0854,14.259,2,21,6,2,1,4.9773,2512.9261
B0010199,112.9287,6,1323.7343,2.092,4,25,13,3,1,7.9381,4936.0299
B0000933,114.0774,15,2842.1514,18.5616,4,1,3,3,0,6.7432,3657.3086
B0001173,153.9582,20,2606.0326,22.7912,4,2,2,5,0,7.4256,4301.5951
B0009755,150.8022,10,1623.7139,16.944,5,8,3,4,1,6.2776,4578.9181
B0001190,38.157,9,2866.0276,19.6302,2,6,5,2,1,5.0979,1711.6089
B0018327,60.4602,28,3766.7316,23.2174,2,8,2,3,0,4.3323,1625.8588
B0004541,132.6331,4,1868.1575,14.4582,4,28,4,3,1,4.8009,4523.1907
B0020211,107.9918,3,355.508,2.5283,4,10,8,4,1,6.6126,4783.9936
B0015252,113.7979,6,2188.0896,13.799,3,11,10,3,0,4.6934,3896.2527
B0003943,63.0883,28,457.773,6.3731,2,5,9,1,0,4.6863,2680.1324
B0010770,89.339,32,2910.5118,19.0549,3,17,3,2,1,4.2076,2674.4991
B0014859,100.7351,18,1794.9945,10.3367,3,5,10,3,1,6.2404,3871.42
B0018941,43.7219,11,1595.8974,8.3059,2,11,13,4,0,4.8758,2603.8381
B0022146,103.6853,3,3020.6938,22.8469,2,27,5,4,1,4.3187,3831.3022
B0020866,137.0793,26,1574.7388,9.2488,4,28,8,2,1,4.4827,4431.5242
B0021188,40.2,4,1793.2943,23.1999,2,1,4,3,1,3.8522,1661.055
B0017001,74.6613,15,2463.4687,11.6051,3,1,8,5,0,5.2887,3416.9612
B0005652,61.6241,7,375.6631,2.9177,1,10,12,4,1,6.0843,3506.9933
B0020351,66.0316,10,2405.2303,15.7175,2,6,5,3,1,4.0783,2531.499
B0005894,39.982,19,120.0,5.2946,1,20,12,2,1,6.1133,2773.2138
B0022439,114.4545,9,1793.0082,18.6474,3,22,6,4,1,7.1279,4149.5134
B0003798,40.1178,10,429.2972,2.5852,1,14,13,3,1,5.6475,2833.9754
B0014434,106.8908,0,1217.6493,2.1933,3,24,13,4,1,4.7012,4772.5241
B0020482,98.7712,0,184.7043,8.7037,2,11,11,1,0,5.2211,4329.0651
B0016611,133.9882,1,2713.9817,12.8446,4,1,7,3,1,4.963,4149.9303
B0012950,113.152,22,662.8422,3.0914,4,1,12,3,0,5.5685,4359.9055
B0017603,71.9765,29,1620.1798,15.2546,2,20,8,2,1,5.371,2748.5557
B0005003,86.29,31,760.1564,2.3546,3,15,9,2,1,4.1296,3385.7086
B0012179,74.2569,23,120.0,2.3607,2,20,12,1,1,4.4429,3632.7783
B0000570,93.2902,9,996.784,6.3251,4,23,12,3,1,5.6476,4570.2068
B0002637,73.7983,4,2752.5557,9.6116,2,8,8,4,0,6.2945,3288.8585
B0016631,52.4341,26,2315.935,15.731,2,8,7,2,1,4.7821,1818.1763
B0021429,57.2825,26,557.6045,4.3395,2,3,11,2,1,4.3969,2823.6847
B0000645,146.2357,1,1106.748,13.6952,4,2,3,5,0,5.0315,4783.1632
B0001503,118.1206,5,2613.6483,9.4158,4,9,7,5,1,6.6758,4435.4985
B0004408,153.2568,23,2759.0317,16.2622,4,6,8,2,0,6.802,3975.3466
B0000583,93.0045,5,2834.5111,18.6112,2,15,8,2,1,6.2685,3717.7595
B0018850,51.7116,19,1062.6095,16.5073,2,25,8,3,1,4.8449,2476.2482
B0021636,55.7365,3,2989.1957,13.7201,2,14,7,4,1,4.2113,2602.4908
B0015721,116.1614,2,3635.3392,21.4248,3,27,5,4,1,5.374,4126.0203
B0014003,65.5573,17,1871.4352,23.3271,2,11,0,3,1,3.18,2168.3483
B0006167,112.3209,29,1381.6935,8.2225,3,3,7,3,0,7.3524,3598.7039
B0010408,93.4948,27,1297.8421,9.7299,4,19,11,2,1,6.5514,3760.8171
B0008044,72.2259,12,1476.0463,6.2302,2,10,11,2,1,4.649,3367.2727
B0020806,51.8703,1,2715.4653,5.3976,1,26,14,3,1,4.4389,2967.652
B0005592,119.5346,31,2169.5828,23.0051,3,21,8,3,1,5.7513,3634.9874
B0011422,66.8693,0,1786.2741,10.1398,2,15,7,2,1,4.7411,2919.9229
B0021984,147.2809,12,2760.1544,18.5181,5,10,8,2,0,5.9748,4475.8384
B0003399,154.0782,19,419.5678,3.9995,3,18,11,3,1,7.385,5626.3428
B0019211,51.6875,8,2792.0866,15.1581,2,28,9,4,1,4.3804,2930.999
B0002744,145.129,32,2064.4425,11.3298,5,16,10,2,1,5.6444,4491.7142
B0015580,51.9872,6,1535.9924,2.7689,1,19,9,3,1,6.3238,3124.0894
B0000085,118.1442,7,2112.0391,21.43,4,14,4,3,1,5.57,3787.468
B0004527,62.6968,27,1069.9514,11.4182,2,10,7,3,1,5.0862,2626.9631
B0010700,128.1152,12,2297.5998,16.0667,4,14,3,2,1,6.0523,4114.4084
B0001270,61.492,14,1765.6865,12.0667,2,17,7,5,1,5.5932,2945.1696
B0015418,115.2478,20,983.3481,2.5328,4,11,13,3,1,5.6368,4487.8322
B0016375,119.7453,29,3504.5452,23.1594,4,7,2,3,0,3.5285,3232.2786
B0011536,77.2587,13,120.0,4.9597,2,5,11,1,1,4.9669,3743.6704
B0004227,103.3263,20,2800.177,17.9818,3,12,4,2,1,6.0708,3572.7169
B0013504,110.8253,23,2802.7022,13.2542,3,16,6,5,1,5.5349,3651.5345
B0011214,45.5355,11,4447.0924,23.8699,1,24,5,3,1,6.1055,2141.6856
B0021396,145.8926,12,2158.5374,17.4404,5,25,9,4,1,6.4353,4850.8612
B0017869,138.5595,31,1972.8194,13.5772,5,19,8,2,1,7.0112,4246.9922
B0007652,35.3557,7,120.0,2.0572,1,1,11,4,0,3.408,2833.2173
B0022332,89.6796,3,637.5007,8.6264,3,18,13,2,1,6.8633,4250.8161
B0015654,76.6578,29,1068.9323,9.8373,2,19,10,1,1,6.0494,3128.3235
B0014610,76.1776,15,658.1887,2.9756,2,9,14,2,1,7.101,3613.5308
B0004261,47.9415,16,1285.4488,7.0538,2,6,13,3,0,5.2623,2632.7396
B0017087,105.732,16,2104.8094,10.6803,4,14,6,3,1,6.1128,3864.9441
B0020341,131.1474,6,937.3939,4.1065,4,12,7,4,0,5.9551,4746.4243
B0018234,74.0518,16,1664.8357,13.8489,2,4,6,3,1,5.0945,2823.6736
B0008362,96.8666,26,4329.2,23.0793,3,18,4,2,1,3.6451,3085.6075
B0020905,92.152,12,1861.489,10.7882,2,15,7,3,1,6.3205,3607.4102
B0022285,95.2541,17,618.849,2.7156,2,19,15,4,1,4.0564,4319.0708
B0008807,45.5402,31,1450.4615,9.2812,2,6,8,2,1,4.9677,1895.6331
B0018674,55.5337,29,1475.1978,14.8713,2,6,10,2,0,3.752,2300.986
B0011706,58.8124,14,777.3575,11.2111,2,7,12,2,1,4.6183,2858.7142
B0021640,80.5236,31,2011.1958,16.0445,2,14,6,2,1,5.6986,2636.6569
B0015638,70.1097,11,1047.4163,13.9044,2,8,7,3,1,4.9196,3119.4137
B0012081,142.6116,19,780.7418,7.719,4,3,8,2,1,8.4979,4648.6829
B0010851,111.6899,22,120.0,3.4363,3,24,14,4,1,6.9617,5294.4985
B0012204,150.9665,8,1432.4573,9.981,5,15,11,3,0,6.316,5200.8551
B0013183,65.3782,5,2880.8743,23.3222,2,20,3,4,1,4.0794,2645.8354
B0016231,49.3746,12,2953.1686,11.1966,1,27,8,4,1,4.9865,2489.5342
B0000457,58.7134,25,395.0285,2.1596,2,12,14,3,1,8.1667,3540.6952
B0021226,135.9514,19,4583.5807,24.6089,4,21,3,2,1,6.9215,3719.8546
B0015124,115.1554,27,1266.1203,4.8862,4,2,11,2,0,6.3089,4098.7433
B0001936,108.6138,13,120.0,6.7483,3,16,12,2,1,6.5255,4736.3089
B0009304,130.4854,18,1223.8826,5.1989,4,17,11,1,1,6.7893,4742.4388
B0008783,103.1546,3,1188.8229,2.4052,3,22,13,3,1,5.655,4421.2633
B0019788,103.9622,19,2198.6449,6.1021,4,10,7,3,1,6.2509,4015.0267
B0008078,81.7751,32,120.0,8.7077,2,2,11,3,0,4.0101,3358.8008
B0015730,141.2103,10,120.0,1.5034,5,16,12,3,1,6.1513,5787.1446
B0009111,134.3296,18,120.0,5.5547,4,7,12,3,0,6.626,5009.6539
B0009967,51.5244,11,486.6887,3.4894,2,13,16,2,0,5.4185,2944.1255
B0015818,38.4884,3,390.5322,5.0019,1,19,8,2,1,3.8235,2610.8261
B0020348,134.4782,27,3130.8473,19.6636,4,11,5,2,1,6.0002,3778.6809
B0021132,79.5354,0,3040.3707,16.4763,2,22,2,4,1,6.2137,3392.3077
B0017932,90.6431,8,1345.7153,21.8382,3,20,7,3,1,4.8598,3471.5851
B0011634,98.3766,2,2093.5833,8.7416,3,1,16,4,0,4.4424,4190.7762
B0005190,85.5449,10,485.2545,20.9162,2,4,8,1,1,6.0609,3279.2569
B0007169,121.473,18,749.1003,4.9143,3,1,12,4,0,5.7269,4594.9735
B0002211,74.5307,24,3410.171,21.7801,2,17,8,4,1,6.3377,2905.8243
B0015049,42.4238,27,3284.6551,18.1333,2,27,5,1,1,5.3812,1773.18
B0020491,112.5244,6,2491.6945,17.2849,3,4,8,4,0,4.4369,3855.775
B0022034,81.4308,9,3367.7551,24.0586,2,13,3,4,1,4.1085,3075.0136
B0003151,134.7405,2,2458.1305,11.3624,4,13,11,3,1,5.6585,4636.4231
B0014106,78.4184,21,3348.6545,17.8207,3,3,6,1,0,3.479,2498.0131
B0010282,72.0161,6,2279.478,4.4671,2,4,11,3,1,5.9397,3322.9258
B0019580,129.1807,26,120.0,3.3685,5,19,12,5,1,5.4596,5491.0853
B0021206,94.3796,18,2978.1024,19.5466,2,27,1,2,1,4.7417,3246.3145
B0002168,50.5757,31,2266.8743,19.7404,1,24,3,3,1,5.4457,1860.7856
B0006021,94.5419,28,806.0256,11.2239,3,8,12,2,1,6.3918,3562.0064
B0001059,101.3686,8,3001.8782,12.7507,2,10,11,2,1,6.0576,3697.5725
B0005762,105.507,25,4900.0,23.5354,3,20,5,2,1,5.1368,3088.5761
B0005398,113.8914,10,2023.1296,16.0028,4,11,5,3,0,4.6065,3606.9631
B0012358,54.4483,13,2069.5997,17.1519,2,7,4,2,0,5.5141,2149.7792
B0016514,56.9927,7,1755.3181,8.2519,1,9,13,3,1,4.9802,3177.3758
B0005166,121.6291,20,1990.8024,8.8043,3,15,11,3,1,5.5763,4231.6579
B0022255,43.934,27,120.0,9.4292,2,11,10,3,0,6.2767,2346.9387
B0003906,130.7988,25,2128.896,13.3531,5,1,12,3,0,5.0055,4064.6261
B0014999,107.5042,2,3236.432,22.2162,3,19,7,3,1,5.6746,3900.0073
B0006883,80.8141,12,2189.0199,19.2937,2,22,7,1,1,6.5812,2933.0731
B0010571,114.2776,20,1386.9248,15.8865,4,17,7,2,1,7.0348,3932.2841
B0006293,121.5965,20,2842.215,18.1172,3,15,5,2,1,5.8334,3789.9514
B0013569,97.4393,11,1231.5096,1.9669,2,16,12,3,1,4.8683,4238.6185
B0004740,152.5607,9,1822.9484,18.8102,5,11,5,2,1,7.6362,4494.1418
B0015250,64.7784,31,2471.6355,11.1477,2,18,11,1,1,5.015,2502.6041
B0013803,118.2195,13,2659.9595,24.1636,4,12,6,4,1,6.1551,3408.7113
B0016628,122.9846,26,2663.4808,18.1093,4,16,7,3,1,3.4667,3786.9733
B0014241,114.2825,9,1040.0447,8.2233,4,28,10,4,1,7.7944,4840.7896
B0001796,41.941,22,2007.156,11.3551,2,15,9,1,0,2.4,1865.0841
B0015085,73.3771,21,2387.1949,6.5414,2,5,8,2,0,5.6903,2903.2998
B0022131,144.9841,8,470.0199,12.3105,4,1,6,3,0,6.2318,5048.4665
B0020192,86.7169,5,2400.5715,24.3732,3,10,3,3,1,4.8631,2914.5813
B0000217,86.5772,25,1641.3441,18.2303,2,4,5,2,0,4.5153,2552.5728
B0014165,102.4913,26,177.951,1.8375,2,19,9,2,1,6.7265,4387.6384
B0015831,139.5464,29,2250.1961,9.8842,5,10,10,3,1,6.3313,4478.8976
B0017045,119.6844,20,484.4711,3.6435,4,20,9,2,1,7.6324,4936.1718
B0020288,127.9285,13,4465.7379,23.2478,4,18,1,3,1,4.2614,4033.0527
B0001651,58.7018,12,3376.2967,23.2588,2,25,0,3,1,4.0833,2184.5557
B0014432,68.8221,24,691.6454,6.8274,3,1,9,2,0,6.9792,2932.3759
B0003771,122.8053,10,120.0,3.06,4,22,14,2,1,6.5542,5392.4879
B0004510,42.7489,7,120.0,8.8085,2,26,12,3,1,7.2099,3205.4657
B0016760,122.7216,9,600.3791,3.0604,3,27,11,3,1,5.5542,4923.6047
B0007583,46.4022,7,479.4492,16.0769,2,1,7,3,0,4.25,2592.7369
B0015602,124.4589,13,763.9306,7.4278,3,7,11,2,1,5.8612,4590.1941
B0006916,90.6684,6,3248.6119,24.5752,3,4,4,4,1,3.7162,3213.3514
B0014880,147.7918,31,2490.6833,11.0308,4,18,9,1,1,6.0748,4340.1226
B0016136,35.3597,20,2433.0463,23.121,1,21,7,2,1,4.5457,1501.5279
B0010942,97.1964,18,227.1034,2.1714,2,25,16,2,1,5.4969,4347.6804
B0016785,122.6,21,1063.7969,14.3032,4,19,8,2,1,5.105,4046.6293
B0007631,118.4452,11,2438.757,3.7991,4,2,10,3,1,5.3662,4438.4929
B0022065,58.3804,22,799.9237,10.3681,2,9,10,3,1,5.5209,2920.9577
B0004413,100.165,6,3316.6763,11.8785,3,16,8,3,1,5.2736,4251.5038
B0012613,52.8191,28,3209.9756,13.101,2,21,10,3,1,4.9187,2154.3521
B0000512,119.1872,22,722.8471,4.787,4,2,12,2,0,5.6024,4517.0224
B0005318,150.4721,4,829.8472,6.83,5,8,7,2,1,5.4507,5106.032
B0000380,69.7677,25,2403.3613,21.2258,1,21,6,2,1,2.7752,2405.2036
B0017199,146.6264,14,120.0,2.5765,4,26,12,4,1,7.1013,6023.9903
B0002994,73.6399,10,120.0,9.0412,2,13,11,3,0,4.9481,3471.8468
B0007038,138.5565,22,1819.4404,18.8434,4,12,9,3,1,6.8779,4149.0872
B0012166,89.8362,13,1281.0251,6.1977,2,17,11,3,0,6.1014,3939.7026
B0006564,102.2956,21,1534.9526,10.0593,3,3,11,3,0,6.5093,3546.2574
B0016817,90.3062,5,1413.1217,1.9727,2,23,11,3,1,5.2829,4304.2409
B0014517,143.9193,3,1983.0644,20.5046,5,23,3,2,1,7.6933,4349.3711
B0010569,91.1127,5,2763.3652,6.5667,2,6,14,3,1,5.0707,3805.9714
B0015406,45.1476,29,3360.386,8.4058,1,28,8,4,1,6.6001,2286.2365
B0021850,68.0843,3,3710.4773,24.5779,3,17,5,1,1,6.1039,2514.7918
B0013806,147.856,7,2624.7059,7.4581,4,13,14,2,1,7.2178,5114.6245
B0011658,130.907,22,2756.915,17.396,3,25,5,2,1,4.0363,3890.8852
B0011061,135.3452,28,541.2539,3.4098,4,3,12,3,0,6.608,4744.3583
B0020233,83.6129,18,2193.7423,17.8086,3,27,4,2,1,5.5849,3033.7227
B0019237,101.3056,10,1038.1104,9.6052,3,1,9,3,0,6.74,4082.6511
B0007430,154.2801,27,2438.2821,21.6977,4,15,4,1,0,7.797,3693.2922
B0011265,54.2021,27,2675.5878,17.4252,1,24,5,5,1,5.4996,2174.9994
B0001116,129.2713,7,313.9363,14.6024,4,7,7,4,1,4.4242,4832.6697
B0014096,43.3605,16,847.75,11.5818,2,8,7,3,0,4.8298,2271.4605
B0011953,46.7754,15,2870.803,8.8324,1,28,8,2,1,5.4431,2264.4055
B0004284,64.4425,8,432.9827,5.2784,2,6,9,3,1,4.9334,3280.4455
B0018302,129.7764,3,444.6025,2.9986,3,8,10,3,1,6.1742,5295.7676
B0020847,88.9294,29,1559.5285,16.1479,3,6,6,3,0,4.7343,2896.5058
B0021270,126.7438,32,3018.5744,22.9437,4,20,1,4,0,4.7925,3095.2739
B0012908,81.61,29,552.338,3.3235,2,16,8,2,1,6.308,3516.4095
B0020915,74.0797,15,2841.3232,19.4896,2,24,4,2,1,4.3242,2740.5221
B0005755,59.6455,18,120.0,5.1394,2,16,11,3,0,5.1111,3119.1599
B0002326,59.1805,1,2274.2336,13.2602,2,10,9,5,1,4.1105,2973.6697
B0012226,88.59,26,1835.7479,7.4197,2,27,10,2,1,6.741,3794.398
B0015190,119.5141,32,3305.6379,22.1596,4,6,7,2,0,5.9186,3041.6996
B0000039,53.1368,23,2429.9143,21.5972,2,27,9,2,1,4.4328,2062.0702
B0016382,82.4445,4,1959.4765,12.9766,3,24,9,3,1,6.154,3943.8383
B0004751,127.2468,22,120.0,3.4861,4,2,11,2,1,6.0424,4859.4104
B0001274,149.3047,21,1180.3876,4.3871,5,17,14,3,1,7.4421,5212.9654
B0002990,149.8902,2,2502.2101,14.7608,4,19,9,2,1,8.6,5130.7233
B0005150,91.3249,16,2965.6308,22.4494,2,1,5,5,0,4.7383,3140.9071
B0015002,39.5034,18,120.0,1.6137,1,28,14,2,1,5.0266,2753.5043
B0012003,119.4319,21,2962.9581,10.1844,4,6,9,4,0,4.9547,3934.7311
B0018692,97.9439,14,1452.0827,18.1414,3,28,6,3,1,5.6098,3461.4526
B0017964,42.1353,32,2108.784,5.356,1,26,11,2,1,2.4,1929.4669
B0018116,64.5648,28,2805.0453,8.3172,2,19,12,2,1,5.8816,2547.0007
B0000851,80.8802,6,2105.5286,18.4367,4,27,4,4,1,4.6155,3397.7092
B0008365,84.555,25,2059.1201,20.2341,4,28,4,3,1,6.0976,3024.7045
B0005299,100.1727,1,2498.0726,17.4766,3,15,5,5,1,5.2793,3767.2317
B0017865,61.0894,30,2873.0479,15.6888,2,18,12,2,0,3.221,2136.3794
B0004377,69.3794,2,2367.4695,21.1353,2,3,3,4,0,4.5808,2700.4156
B0013104,102.5205,23,120.0,2.0164,3,26,16,2,1,4.7973,4605.3052
B0016442,147.1258,7,2514.3481,24.9281,5,9,4,4,0,8.6,4146.8477
B0019117,70.1199,6,291.9071,5.6418,2,21,14,4,1,5.754,4121.4225
B0007625,145.7389,29,120.0,2.4142,4,9,12,3,1,6.9187,5421.8551
B0002238,141.6588,27,1493.3733,6.7101,5,17,7,2,0,6.366,4130.4833
B0011763,139.433,32,1818.921,14.7973,4,6,11,3,1,5.7544,4235.4218
B0000145,118.4986,14,2228.2124,11.3651,4,6,7,3,0,4.7946,3800.1937
B0011598,84.7559,18,2814.9141,15.4095,3,18,7,2,1,6.3184,3169.2974
B0006844,56.083,15,143.4371,3.7389,2,15,12,4,1,5.3034,3542.3371
B0002430,133.5517,15,3238.7642,23.1468,4,7,5,2,0,3.9046,3696.4832
B0009558,96.4826,2,1715.6079,21.8934,3,16,4,4,1,5.1051,3725.2617
B0000985,66.7612,21,2182.7606,9.9681,2,10,8,3,1,5.8205,3043.237
B0009311,114.1543,2,120.0,2.2203,3,11,13,5,0,4.2531,5288.34
B0000793,51.1413,18,2499.9914,24.0454,1,1,5,3,0,6.043,1973.709
B0006552,147.6829,8,4288.7893,15.8463,5,8,1,2,1,5.8934,4454.3218
B0004368,120.1459,16,2990.7,12.3743,3,22,5,3,1,6.4765,4114.2946
B0016181,139.3571,26,2598.3628,22.3911,5,2,0,2,1,4.3823,3529.4448
B0002452,55.0188,14,2023.5156,24.6689,1,28,5,3,1,5.8149,2365.0109
B0000293,147.741,16,3050.0604,20.1896,5,6,4,4,1,5.2846,4421.2712
B0010462,40.3375,13,4328.1245,23.2631,1,20,6,1,1,3.6968,1396.3643
B0006137,91.4709,28,120.0,4.8435,3,27,13,2,1,4.2885,4143.8884
B0012976,85.647,25,1481.6147,7.734,3,19,9,3,1,5.7491,3510.164
B0013725,48.3711,3,2494.389,9.6794,2,19,8,3,1,5.2427,2812.3438
B0021462,125.9639,26,2441.3043,8.9082,3,4,6,2,0,3.694,3672.9741
B0017584,127.536,7,2605.0163,14.3213,4,7,6,3,1,6.4897,4350.7766
B0006252,87.4764,10,3042.4037,18.2293,3,10,4,1,0,5.3482,2814.1162
B0005805,94.583,18,1934.0553,7.8333,3,23,12,2,1,5.4096,3913.0669
B0011868,91.1856,29,3700.33,17.4797,2,12,2,2,0,7.8556,2721.6514
B0017049,63.3586,6,2493.6152,12.1725,3,10,7,4,1,5.8972,2860.4177
B0001988,113.7566,24,1686.7095,9.9339,3,5,6,4,0,6.1279,3459.4667
B0008035,107.6089,19,3801.3494,22.9995,3,15,1,3,1,6.1168,3309.609
B0010705,45.0844,21,1903.2554,9.8145,1,15,12,4,1,4.1968,2318.0831
B0008181,151.122,29,2534.1961,20.7384,5,6,1,2,0,5.9426,3968.9905
B0021766,84.7173,15,1753.939,9.3962,2,27,11,4,1,6.394,3972.2144
B0000140,153.2515,28,1878.6522,6.5488,4,20,13,1,1,6.9496,4661.9328
B0016833,149.6072,25,3881.5554,23.5328,5,2,1,3,0,5.812,3754.6396
B0019754,121.1176,24,4079.049,24.0962,3,12,6,3,1,6.8972,3459.1081
B0006527,98.3537,1,2685.3487,24.1268,3,9,2,3,1,4.36,3327.0384
B0016716,113.9904,11,144.6571,8.1866,3,5,11,3,1,6.6724,4884.8829
B0018696,117.4343,18,1432.5271,5.7256,4,5,15,5,1,3.1926,4452.4536
B0018418,43.0597,28,1330.8914,13.0612,1,7,7,2,1,5.6914,1761.3724
B0019747,110.9735,12,1675.3082,3.4555,3,14,10,3,1,5.4696,4222.8109
B0006610,103.1966,12,2179.1787,13.4875,2,7,7,3,1,5.3688,3858.7599
B0013777,106.7713,7,3194.5791,13.5186,3,15,8,3,1,6.4373,3974.2571
B0015164,61.7682,30,2083.6333,22.3282,2,1,1,2,0,4.7263,1749.528
B0022373,151.6095,25,1019.2995,13.4159,4,1,8,3,0,8.4122,4700.8846
B0009549,44.7003,16,3774.485,23.379,1,15,1,2,1,4.4384,1650.9188
B0018452,36.9472,28,2510.492,19.2483,1,14,3,1,1,4.3653,1033.7318
B0001984,57.9711,1,2604.1978,17.2852,2,6,5,5,0,6.3198,2754.202
B0021540,102.4247,26,563.8171,4.6841,3,21,11,1,1,7.2361,4074.4581
B0009224,108.8371,16,1900.9074,16.1126,3,6,8,1,0,6.2278,3509.6808
B0021944,77.769,29,3083.6727,3.0443,3,10,11,3,1,4.4058,3123.0203
B0015459,58.5901,2,1911.4248,22.2914,2,7,3,1,0,4.896,2185.6589
B0015625,93.1025,23,1893.4749,11.0017,3,7,9,3,0,5.4799,3304.6672
B0009652,125.5071,15,2377.0195,19.0197,4,17,3,1,1,6.3982,3858.9166
B0002041,88.1042,20,1315.5045,5.7462,2,19,11,3,1,4.8996,3798.102
B0021570,110.7154,8,3013.3936,24.9999,4,27,0,3,1,2.653,3448.9703
B0005124,69.7629,3,3048.5328,14.742,2,16,8,5,1,5.9517,3245.1434
B0014185,110.6827,10,2450.3759,21.4866,3,13,2,3,1,5.7135,3549.5873
B0006046,125.0084,25,3793.1498,22.6241,4,19,3,2,0,6.5142,3433.187
B0006229,80.0655,3,1451.7074,18.0204,2,1,9,4,1,4.0161,3360.2877
B0003609,67.9163,0,1974.8856,20.3917,3,9,6,3,1,4.9028,2911.2934
B0020021,112.364,32,1577.5325,8.0468,4,16,14,2,1,5.778,3988.4461
B0017205,105.0337,6,2966.4936,21.4149,3,17,4,2,1,5.4567,3677.9673
B0004948,149.4957,0,1971.3265,18.3274,5,9,6,5,0,6.7076,4718.1582
B0019895,150.0515,28,1122.5764,6.0515,5,13,7,2,1,6.7832,4644.8187
B0003668,144.6612,30,1726.1961,22.0148,4,15,8,3,1,7.7999,3908.9618
B0021445,74.9603,29,784.9607,5.5642,2,17,12,2,1,5.3691,3318.7556
B0009465,56.3449,3,2589.0664,17.9672,1,7,6,4,0,4.6519,2424.4073
B0008636,107.0294,1,1556.9989,11.7431,2,1,5,3,1,5.0987,3777.1322
B0020694,122.5555,2,3109.9145,16.9248,3,9,7,5,0,7.085,4143.0816
B0017245,99.2282,3,274.4706,8.6908,3,2,8,5,1,5.1154,4640.423
B0012133,150.2219,4,2090.4734,12.4412,5,17,7,3,1,6.0863,4872.8991
B0013676,61.3842,1,2533.6474,11.6312,2,6,11,3,1,5.4152,2928.2326
B0007282,138.0528,25,120.0,3.8215,4,8,9,3,1,6.8151,5277.9555
B0013223,39.8185,11,1965.3391,8.1851,1,3,8,3,1,6.5937,2135.0415
B0012769,81.2072,11,1619.3793,17.1278,2,24,7,3,1,4.6877,3453.9896
B0004979,56.9186,26,2787.7174,15.2472,3,10,6,2,1,3.4171,2146.4138
B0003086,58.3407,25,1517.5767,20.9942,2,26,9,3,1,4.7645,2436.3029
B0021369,77.6351,25,3200.11,22.8458,3,23,3,3,1,4.2793,2523.8585
B0016068,56.6294,9,2696.2754,24.4115,1,27,2,3,1,5.2061,2066.3357
B0021797,125.856,23,120.0,4.7131,3,14,11,2,0,6.128,4778.9621
B0009464,49.4255,2,672.8524,17.7814,1,22,7,1,1,5.7793,2443.7072
B0016493,124.0528,2,2272.5842,7.7357,4,28,11,4,1,6.2509,4652.1385
B0004602,46.8269,23,1630.3672,10.3039,2,14,12,3,1,2.7929,2238.85
B0004770,46.3052,18,1558.7478,14.7332,1,12,6,2,1,5.152,1928.1874
B0006077,119.1854,31,2599.5064,18.8991,4,3,4,3,0,6.083,3189.9764
B0016565,139.6036,29,2448.0291,17.0235,5,12,3,2,0,5.0283,3944.6263
B0019572,136.5899,14,1423.9139,15.3797,5,27,12,3,1,6.4835,4897.6251
B0003104,120.3766,25,2124.3609,6.4083,3,13,14,2,1,7.0429,4089.4862
B0005801,80.4393,29,2204.3821,12.7511,3,6,10,4,0,5.4251,3119.1743
B0008401,124.8176,22,3195.6412,23.6515,4,22,2,2,1,7.4396,3473.0435
B0001957,102.989,11,628.3474,11.9127,4,2,12,4,1,5.9366,4639.2744
B0013485,59.5376,32,1082.3196,9.0031,1,6,14,2,1,6.371,2510.0856
B0012928,134.542,18,2517.8727,6.9961,4,11,12,3,1,7.0624,4673.2816
B0022220,137.2357,4,3927.9266,24.7533,4,15,0,4,1,6.5875,4193.3467
B0021253,80.7142,8,637.8829,13.8448,2,2,8,3,0,4.0027,3458.5994
B0017769,46.0245,7,935.4195,8.2052,1,19,9,2,0,5.8739,2568.8021
B0014202,98.0701,13,4900.0,23.1259,4,10,0,1,1,6.5045,3239.2672
B0005480,137.9411,24,2615.6217,6.2507,4,7,13,3,1,5.801,4613.8822
B0020502,54.6834,14,2836.3798,17.5177,1,4,6,2,1,4.6742,2194.0393
B0000520,123.8458,1,2635.8834,21.4184,3,1,5,4,1,6.7789,4040.1615
B0008589,145.4736,30,4064.7874,17.1299,5,10,6,4,0,4.6956,3781.7054
B0001192,48.4506,30,851.4336,6.7452,2,24,9,2,1,4.991,2588.5644
B0003259,100.3782,14,2094.2346,14.9978,3,20,3,3,1,7.5728,3647.9968
B0006716,38.5173,32,1492.7112,8.0667,2,14,8,3,0,4.4476,1444.3115
B0012152,151.6017,0,1407.8346,14.1679,5,17,11,5,1,6.9789,5647.3661
B0003503,91.5462,3,1581.9864,12.399,3,11,8,4,1,4.7498,3824.0176
B0015521,43.283,26,2412.2849,22.0604,1,4,4,1,0,4.8002,1143.4284
B0018484,145.7735,16,1721.0374,15.792,5,2,4,4,1,6.5691,4448.4106
B0016756,147.611,5,2943.297,22.0073,4,4,2,3,0,5.2333,4234.8632
B0020060,59.8938,4,409.317,18.9555,1,12,5,2,1,4.3934,2816.9641
B0010835,69.6054,27,158.395,15.0877,2,12,7,2,1,4.4624,3027.6631
B0007867,125.6789,27,1483.5468,15.3934,4,24,12,3,1,6.0627,4402.1405
B0008936,154.5466,17,2915.3311,14.0377,5,13,9,4,1,6.2548,4936.748
B0011260,68.1049,21,2713.7714,17.9705,2,18,3,2,1,5.782,2213.9261
B0005157,87.5435,7,3892.2766,23.0384,2,17,0,3,1,5.3262,3253.4401
B0007587,70.8011,15,1570.9569,6.7404,2,17,12,3,1,5.0753,3476.0175
B0008582,65.0996,25,627.2792,14.4304,2,2,10,4,0,6.0086,3048.3725
B0000381,109.129,24,2654.9569,19.7447,3,24,5,3,1,4.3999,3589.3456
B0005882,93.4868,9,2776.8847,21.2498,2,16,2,2,1,3.1894,3237.3264
B0005633,56.0911,32,3367.5106,11.7032,1,16,8,4,1,5.2325,2115.0128
B0009846,146.7966,8,3100.2328,17.1586,4,16,4,2,1,6.1885,4468.9787
B0008155,63.0561,10,1602.7496,5.0664,2,11,10,2,1,5.6595,2794.1764
B0008321,48.354,22,3396.388,24.29,2,8,5,1,0,4.4072,1464.9176
B0005558,67.1545,0,3824.1043,24.8149,2,7,0,3,1,5.1103,2375.9623
B0003830,77.6874,15,1983.0012,7.2282,2,16,12,3,1,3.7666,3444.1976
B0010079,81.7085,20,1978.0133,15.0965,4,25,9,3,1,3.8729,3502.3122
B0001028,43.4763,20,3190.6502,23.5943,2,19,4,2,1,4.8713,1625.8215
B0014770,135.0419,29,384.017,9.453,4,11,11,2,0,3.9626,4505.0979
B0000496,82.2521,14,2090.8366,22.9185,3,3,4,4,1,7.3229,3233.6981
B0007851,124.0741,16,1535.3688,9.7062,4,28,10,3,1,6.9423,4516.0974
B0013126,152.3497,23,3171.8676,9.4496,4,3,11,2,0,4.1683,4407.6633
B0001769,55.0966,11,2340.6208,22.7671,3,27,5,4,1,4.9495,2512.2297
B0014079,105.1898,29,871.8134,8.4291,4,1,8,1,0,5.5737,3619.6794
B0002148,46.8774,5,1728.0592,8.9968,1,4,8,1,1,4.5287,2255.0016
B0001579,96.9002,2,1823.7652,19.6529,3,12,3,2,1,6.4965,3437.9074
B0008965,93.1614,16,3154.768,22.8117,2,24,6,3,1,5.483,3273.4334
B0008981,45.747,22,1776.8276,12.91,2,11,9,3,0,5.1509,1983.6126
B0017181,77.316,14,1049.6974,10.8554,3,14,7,3,1,4.1984,3423.9718
B0001746,109.1172,25,1749.5429,10.9573,4,27,5,3,1,5.6664,3791.5863
B0007542,124.2425,27,616.2847,12.2795,3,15,8,3,1,5.1048,4311.8021
B0003662,73.274,18,2452.3875,14.8489,2,19,6,3,1,5.6604,2805.0722
B0007903,136.3376,7,1915.4047,18.6607,5,28,8,4,1,7.1485,4865.8038
B0016665,41.4769,29,2333.37,3.9589,1,4,14,3,0,6.0325,2002.1941
B0000056,118.8459,25,2886.2808,18.4589,4,4,5,3,1,5.2599,3356.1227
B0010279,152.3545,31,120.0,3.4421,5,16,12,3,1,5.9289,5451.5958
B0007086,45.5566,27,3472.8334,18.0597,1,13,8,4,1,5.9648,2003.8925
B0012445,49.4414,22,2430.5834,22.6474,2,8,5,3,1,6.0825,1897.408
B0002101,87.5841,11,1404.0531,3.3388,4,2,9,3,1,4.7353,3922.2258
B0022289,57.8476,15,1505.4882,10.2026,2,24,7,4,1,5.7756,2894.6703
B0015349,70.7025,20,3836.8089,24.8761,2,7,0,4,1,3.6903,2404.0885
B0000265,151.0883,23,2079.2003,23.2082,5,26,4,2,1,8.5629,4219.4163
B0006950,47.2556,13,2785.5496,12.9182,1,11,2,4,0,3.828,2010.9818
B0011593,78.6503,22,3080.3545,15.0414,2,4,7,3,1,4.2487,2771.4222
B0005055,153.5614,11,656.2959,3.259,5,20,13,3,1,5.8511,5757.7597
B0008350,102.0551,3,3288.6568,22.7102,3,17,4,3,1,5.8239,3598.8372
B0015873,76.8709,25,2382.4667,17.7062,2,17,7,2,1,4.7993,2470.1391
B0018580,49.5748,24,1962.5388,15.9524,2,15,7,1,1,3.8645,1993.0472
B0007494,118.5118,31,1048.0059,20.3076,4,26,5,3,1,6.2938,3924.8515
B0020083,51.2723,21,2891.207,14.4041,2,4,6,4,0,5.5694,2090.1099
B0014512,124.6244,4,1847.7641,12.8835,3,6,8,4,0,6.2606,4272.8358
B0017833,154.4997,15,3023.7768,24.9095,5,7,3,2,1,7.1547,4187.1217
B0008444,115.1128,19,1637.6622,5.7558,4,28,11,3,1,5.1296,4285.1184
B0013163,140.1083,31,2568.7455,22.6356,4,6,0,1,0,6.6917,3416.704
B0000276,38.542,10,4626.1908,23.6714,2,26,4,1,1,5.9397,1494.134
B0011498,120.4958,30,1368.38,11.5193,4,20,10,1,1,6.1578,3857.3287
B0007910,98.7042,31,3362.0249,23.5361,3,9,0,2,0,5.2227,2539.327
B0016958,117.4117,21,1692.3491,6.1653,4,18,10,2,0,7.2063,3767.635
B0001752,80.7458,11,1987.1885,14.8695,3,6,7,4,1,5.3659,3287.266
B0021534,37.518,27,3680.3477,18.3966,2,17,2,1,1,4.8133,1165.9279
B0013340,42.4394,24,2955.9981,20.1503,2,12,2,3,1,2.8509,1599.5557
B0004916,135.7143,24,1484.8358,7.0352,5,24,11,3,1,4.8227,4598.2632
B0001488,63.0521,19,2819.1547,15.6161,1,15,9,3,1,5.5677,2579.1708
B0001363,140.1826,26,120.0,3.5276,3,7,13,2,0,5.5059,5100.969
B0014751,43.4713,21,3091.5482,11.0399,2,22,8,2,1,6.5906,2419.4078
B0022339,75.8053,2,1201.0706,7.5004,2,4,8,3,1,6.3732,3474.8574
B0013773,118.5573,4,231.199,1.905,3,28,9,4,1,5.754,5273.0136
B0003614,132.8391,23,3075.4588,23.8684,3,22,2,4,1,5.0826,3854.1106
B0005179,117.9976,29,944.139,6.5307,2,14,11,3,1,7.1594,4249.5299
B0007247,55.3784,30,4076.7889,22.1418,1,17,5,3,1,4.9755,1827.4481
B0019785,131.0358,26,1068.9803,2.0033,5,23,14,1,1,4.4052,4778.654
B0022418,72.3692,11,2460.2739,19.2826,2,23,4,2,1,4.6815,2715.9131
B0015558,132.9673,6,3332.1801,21.7088,3,3,3,3,0,5.5868,3916.6229
B0017081,70.829,13,554.6397,3.8323,1,22,13,4,1,5.5424,3840.4408
B0015288,138.5414,9,4837.2667,21.3228,4,23,0,3,1,4.489,4342.1033
B0021361,64.7475,12,121.0167,2.3872,2,2,16,2,0,5.1391,3785.8861
B0015858,148.8552,10,3292.7602,22.5895,5,6,7,4,1,7.526,4518.6513
B0006179,87.0961,29,969.4116,12.5384,3,8,9,2,1,6.8656,3315.273
B0010221,84.3277,17,1365.1351,15.0171,3,20,6,3,1,4.7566,3245.7968
B0009429,49.3397,4,120.0,5.2906,1,4,11,4,0,4.258,3182.8312
B0015953,86.5057,16,3298.4819,22.7881,3,27,4,3,1,6.6852,3233.8949
B0009609,96.0635,29,1232.4479,12.5192,4,8,8,2,1,5.5691,3370.8872
B0008690,72.8088,26,136.8177,9.0305,3,1,6,2,1,4.4122,2991.6301
B0016749,70.1755,26,1510.7653,2.6036,2,13,11,1,1,4.8486,2981.4218
B0012589,145.4261,5,3769.6022,19.3525,5,16,4,3,1,5.5543,4648.9989
B0018881,111.518,5,1670.331,12.6339,3,1,8,2,0,5.2754,3861.8701
B0007491,154.6475,22,2644.6457,15.7801,5,26,7,2,1,7.2659,4463.7481
B0004746,41.6485,1,1914.434,3.4636,1,25,9,3,1,6.1735,2637.8922
B0004380,126.0266,7,120.0,4.1721,4,7,12,5,1,6.3887,5639.4371
B0013131,101.5447,7,1482.2823,11.7512,4,1,8,3,0,5.4313,3951.7015
B0001532,154.2265,12,3166.7467,14.5997,4,19,4,3,1,8.3376,4648.5336
B0014161,68.7043,8,725.8758,5.6613,2,20,7,3,1,5.5877,3459.523
B0002594,75.2158,2,1114.0389,4.361,3,20,8,4,1,4.6847,3719.5111
B0022482,126.2668,7,881.135,10.4908,4,6,9,1,0,6.1442,4574.8783
B0012985,85.5511,29,3057.76,12.7256,2,21,8,2,1,4.8996,2915.9635
B0013448,129.8384,26,2493.6966,12.3022,4,12,8,4,0,6.3521,3836.8002
B0019208,108.7525,22,4542.9756,15.3927,3,14,3,4,0,4.8611,3284.4599
B0008614,57.1958,15,3136.3704,6.356,2,12,11,4,1,3.278,2785.5672
B0008351,48.1608,5,1526.5276,3.3178,1,26,16,3,1,7.1858,3213.2178
B0002337,49.7948,21,1536.1083,13.7722,1,1,8,3,0,5.346,2216.7365
B0019088,112.3612,32,3435.5165,21.1296,3,12,0,2,1,6.5223,2969.3938
B0004329,127.845,4,1440.0237,21.1343,4,28,7,3,1,6.0787,4525.0351
B0001023,57.6004,6,2729.6155,24.2562,2,21,3,2,1,6.4594,2286.1531
B0021819,43.9948,28,2397.0997,17.972,1,23,5,3,1,6.1673,1951.81
B0014083,42.133,2,174.92,12.4961,1,20,10,4,1,4.0327,2717.6802
B0008334,152.2375,16,2202.6495,16.5848,4,7,5,3,0,7.7462,4322.1455
B0010734,88.3695,17,3022.4475,13.5589,2,28,4,3,1,4.61,3243.8805
B0017338,134.8769,20,3284.6815,13.0625,4,4,4,2,0,5.2526,3674.251
B0010303,79.6236,19,977.1059,10.3694,3,20,12,3,1,5.6985,3713.4138
B0020752,130.813,11,1817.4888,15.1595,4,7,7,2,1,6.2107,4050.7516
B0007053,71.7068,0,1046.844,7.9169,2,16,12,4,1,5.4403,3746.4406
B0011296,67.2699,25,2139.45,20.1971,2,14,2,1,1,6.6748,2207.3247
B0019734,104.9196,7,1711.5823,8.4622,4,2,9,1,0,4.9612,3721.1074
B0006304,58.3986,7,861.7269,5.0112,2,20,15,3,1,4.9269,3271.9779
B0014773,70.4369,29,2219.863,19.6921,3,28,3,2,1,4.2705,2507.5104
B0017408,104.7085,27,722.9513,1.5363,3,19,15,3,1,7.4533,4305.7464
B0007028,103.5405,19,2589.0933,24.4294,4,11,4,2,1,5.373,3318.948
B0020683,102.0998,26,4728.139,22.2533,2,4,0,1,0,4.6022,3097.5797
B0015393,96.2695,18,1262.2062,3.5651,3,15,15,3,1,6.4989,4038.8816
B0002930,81.8142,16,2256.1906,8.4788,2,18,15,2,1,5.2809,3609.8305
B0022480,153.4558,15,1012.9066,5.5011,5,18,14,3,1,7.1201,5453.3057
B0004796,93.0626,11,2495.4785,17.7983,2,14,6,3,1,3.9427,3186.1067
B0009678,87.5552,32,3082.693,24.3328,3,13,2,4,0,5.558,2556.8429
B0017590,148.0814,12,120.0,9.1421,4,26,12,1,1,7.2049,5832.2926
B0021794,39.4121,26,3750.8427,24.9573,1,19,0,4,1,2.6883,1338.5129
B0007600,75.1846,13,1693.5701,11.0655,2,12,12,2,1,4.564,3299.5387
B0013014,74.3712,4,2396.8818,12.4537,2,27,10,2,1,5.8635,3602.0154
B0001436,62.2142,5,1118.0688,4.3697,1,8,12,3,1,4.8531,3278.405
B0020403,85.3904,17,2461.6546,16.2612,2,2,5,3,0,6.6182,2817.2076
B0011747,148.2208,17,1039.6659,3.0864,5,4,13,5,0,6.7607,5426.6603
B0009056,110.3388,2,2066.3794,6.8253,3,6,13,5,1,6.0288,4617.0543
B0014712,137.4897,1,3515.5955,19.174,4,14,3,4,1,6.6168,4342.0954
B0017667,71.3566,4,2118.6836,22.2817,2,25,2,4,1,3.9535,3084.4666
B0007168,79.935,6,2218.013,19.585,3,12,3,1,1,5.766,2915.0816
B0006014,56.1589,27,2983.8221,14.6739,2,6,3,2,0,5.4043,1881.7692
B0012138,154.9827,1,1430.8742,6.6373,5,6,12,3,0,5.1886,5275.5723
B0017595,84.9762,29,4900.0,23.1871,3,18,2,2,1,6.1602,2658.015
B0007346,113.4064,15,120.0,1.8085,4,10,10,4,1,5.3186,5201.6059
B0004466,115.0049,22,1864.7586,5.648,3,16,11,2,1,5.933,3968.666
B0007373,145.567,30,1559.0289,17.558,4,25,5,2,1,5.311,4224.6255
B0020371,94.0728,24,2331.2212,12.513,2,19,10,1,1,8.3785,3284.9
B0000394,72.1628,24,2541.079,12.4066,3,7,9,2,0,6.3805,2802.7247
B0005182,40.5292,4,801.0827,2.3593,1,21,11,3,1,6.1043,2729.3645
B0000816,74.2488,4,1604.9436,21.6125,2,20,10,3,1,5.1282,3338.7741
B0002738,129.0759,11,1589.1597,8.3773,4,20,11,3,1,6.7944,4689.5795
B0015872,41.6541,7,388.7403,12.575,1,19,9,2,1,4.9082,2380.8747
B0002186,84.4715,32,2430.0638,9.6325,2,23,8,1,1,5.5757,2894.2687
B0020471,124.6969,24,2977.7597,17.15,4,4,6,2,0,6.4817,3670.9229
B0002036,40.8765,27,1268.0106,20.4241,1,14,6,5,1,4.5357,1538.0
B0016180,131.4335,24,1847.185,7.5373,4,14,11,2,1,6.6705,4461.8336
B0019261,89.585,20,1615.9624,16.0973,2,27,7,2,1,6.4085,3329.9303
B0010061,144.8592,29,120.0,2.1195,4,1,11,3,0,8.4318,5489.9287
B0001001,89.0166,0,2551.3123,20.4592,3,18,5,2,1,5.4018,3335.7608
B0009350,93.3836,26,2268.4176,18.8004,3,1,4,4,0,5.0391,3083.2348
B0001633,71.3859,29,4024.4864,23.7836,2,28,0,2,1,5.0167,2277.365
B0000598,145.9478,28,778.9578,4.2626,5,13,12,3,1,4.9885,4921.0301
B0020484,70.3204,19,2545.4952,20.95,2,11,2,2,1,3.0191,2369.3332
B0018814,50.6345,8,3370.1152,20.6463,1,17,2,4,1,5.6843,2290.6568
B0022265,130.3573,24,2361.627,15.2097,4,15,7,1,1,4.8863,3884.9281
B0004747,96.2365,9,1468.6132,7.0653,2,13,13,3,1,6.0437,4006.4366
B0005893,132.0173,32,2492.364,15.0866,5,17,5,3,1,6.9846,3866.6582
B0021171,137.5461,2,2387.509,22.3525,4,18,8,3,1,5.8803,4367.6918
B0003720,109.0003,29,1989.7305,23.6406,3,8,5,4,1,7.5793,3298.8267
B0016648,98.1193,27,3780.5939,17.7241,3,21,7,3,1,6.3985,3052.0756
B0015063,50.803,16,2930.0304,22.8972,1,6,8,1,0,3.898,1682.8055
B0012424,43.5515,17,1418.4898,10.3311,1,16,11,2,1,4.8961,2392.5318
B0016515,83.4421,9,801.1629,9.5376,2,12,10,3,1,5.9775,3741.273
B0003894,132.8923,22,1706.8013,13.7175,4,19,11,3,1,6.8737,4564.7647
B0000712,129.1797,30,1513.2462,2.2319,3,3,12,3,0,7.4324,4186.8607
B0017585,130.9011,6,1958.1996,7.4512,4,9,12,5,1,5.3119,4860.0
B0009781,153.3935,9,3419.5402,23.2366,5,16,8,3,1,5.0821,4650.7932
B0019889,80.2103,15,801.9272,6.6547,2,12,15,4,1,4.8367,3778.0162
B0002289,115.0632,27,137.1812,4.5759,4,24,9,3,1,5.5138,4739.0053
B0008660,143.6239,27,223.6311,4.7189,4,3,9,3,0,7.5312,5160.4808
B0006333,154.9905,15,120.0,2.8112,4,8,13,2,0,7.6284,6022.4402
B0019738,45.2823,3,965.2834,12.3985,2,15,8,4,1,4.682,2429.1493
B0007740,126.4441,8,2773.4069,19.2383,4,11,3,3,1,4.1159,4061.1361
B0013797,56.1917,4,2392.647,11.3634,2,26,10,4,1,4.4134,3057.2183
B0003780,131.2532,7,2111.6911,23.5924,3,20,5,3,1,5.4164,3907.3318
B0017612,52.7653,12,4159.475,23.1054,2,26,1,3,1,4.5105,1963.7942
B0000883,116.8995,19,1360.8638,7.6264,4,19,9,4,1,4.6701,4436.9144
B0020279,63.4905,6,2513.0405,15.7423,1,21,5,2,1,4.5175,2543.946
B0014574,39.8561,8,270.8091,3.5435,1,7,9,3,0,5.4587,2358.4531
B0016945,118.6058,22,559.8602,9.1652,4,2,9,3,1,5.1782,4422.5863
B0014596,110.2841,16,790.4734,3.7072,3,26,12,2,1,6.7652,4627.0903
B0015117,71.0056,32,2461.0857,17.0707,3,10,8,1,0,5.6217,2138.4441
B0022017,103.4505,18,2860.4467,12.5533,4,14,7,1,1,5.4038,3662.5075
B0018487,127.0259,7,2994.3488,21.8709,3,17,2,4,0,7.1826,3741.3628
B0001013,38.8953,17,3024.8286,19.7057,1,5,5,3,0,6.265,1908.7899
B0007245,124.9404,26,2139.4425,17.629,4,12,3,3,1,4.878,3726.5844
B0018757,45.0744,19,2337.7638,9.1105,1,23,8,3,1,4.3061,2007.5455
B0002956,87.1216,25,1754.3813,16.9951,2,20,7,1,1,4.8265,2848.1021
B0012615,149.9514,29,1325.5052,14.699,5,9,8,2,0,6.1682,4382.1267
B0004888,153.5662,31,1441.9112,6.2917,4,21,11,2,1,6.3891,4760.7452
B0010790,43.3345,23,2267.1191,16.9963,1,24,6,3,1,4.9978,1870.9467
B0003625,79.804,4,3427.1129,23.5389,1,10,0,2,1,3.819,2879.7513
B0019278,100.8854,11,4307.0197,20.8442,4,13,7,4,1,4.9584,3768.9943
B0010169,102.0097,12,2166.8967,21.0162,3,9,3,3,1,4.2579,3385.4341
B0000421,89.2048,19,2813.5606,9.6689,2,26,10,3,1,6.3333,3714.6825
B0008106,36.3787,14,3664.944,10.9513,1,14,9,4,1,4.326,1846.3906
B0020118,79.5501,28,729.3324,7.724,3,14,11,1,1,6.7826,3431.9093
B0014028,92.6187,22,852.5591,13.851,3,13,4,4,1,6.9318,3530.433
B0020795,98.1677,18,120.0,1.994,4,6,14,2,1,6.8865,4748.8795
B0007279,106.4936,9,2868.6961,20.8247,5,4,4,4,0,4.6777,3725.6443
B0001850,137.4058,11,3247.8536,19.3655,4,5,7,1,0,6.4584,3972.4361
B0007963,124.53,2,1744.4908,14.2622,3,7,9,2,1,4.449,4361.8083
B0002275,127.3505,0,1251.9588,12.9644,4,26,5,3,1,6.2265,4576.7352
B0011431,52.1813,24,4212.5417,22.8016,2,4,4,3,1,4.8598,1677.4373
B0022210,73.209,7,3343.712,23.7602,3,13,0,3,1,5.8543,2741.5492
B0005083,147.8866,5,490.4532,5.9565,4,2,10,3,0,5.9167,5550.1143
B0021039,75.4773,28,120.0,3.5248,2,7,11,3,1,4.9189,3483.3145
B0019402,116.2352,16,741.2723,2.2753,4,18,13,3,1,5.0548,4774.7842
B0020063,82.2924,28,1506.6768,6.029,3,7,11,3,0,5.6401,3213.2229
B0015258,131.4166,29,1447.875,6.8241,4,28,5,4,1,5.5067,4171.002
B0013605,106.0703,9,1418.6906,6.6568,3,10,10,1,1,6.6434,4248.4907
B0020770,144.1167,30,2187.3,16.3984,4,4,8,1,0,4.9452,3842.6465
B0013588,53.3005,8,1072.1878,1.8276,2,11,13,1,1,6.2097,3057.9747
B0000084,124.6013,19,721.2333,12.6594,4,26,7,1,1,6.4651,4504.0296
B0007928,129.4715,21,120.0,1.5982,4,21,15,1,1,6.1229,5282.1844
B0004634,47.2047,25,1871.0956,17.4742,1,4,5,2,0,4.3543,1488.0855
B0015455,120.0818,10,903.2206,5.9973,3,27,11,3,1,5.0067,4921.7231
B0019546,69.3743,14,407.9364,2.0322,2,14,15,1,1,6.299,3770.9034
B0012962,153.478,28,1507.9828,5.7357,4,2,15,4,0,6.8746,5128.0613
B0011940,82.8439,0,739.6936,9.0851,2,9,14,3,1,5.51,3727.5784
B0018823,115.8103,31,120.0,3.2948,3,28,14,3,1,5.8436,5013.8656
B0008098,141.8964,27,867.1918,24.6438,5,26,6,2,1,6.4636,4098.2448
B0015197,120.4073,26,1147.2489,3.1558,4,28,13,2,1,6.2199,4376.3639
B0000305,43.3041,20,3156.9085,15.7508,1,12,7,2,1,4.8334,1781.2244
B0018023,42.0935,26,3577.9941,17.318,1,18,5,2,1,2.8383,1546.8579
B0021458,122.5639,10,1543.1139,12.2724,3,2,7,3,0,6.3019,4050.8055
B0005542,80.4066,2,1554.4131,18.3536,2,4,7,3,1,4.7605,3283.9154
B0019810,104.7885,23,3816.9952,13.6687,4,24,7,1,1,5.7241,3640.1819
B0008499,114.5119,12,677.7869,4.7073,3,10,14,4,1,5.0916,4951.3605
B0013606,45.08,6,2942.8186,21.4373,2,27,3,4,1,3.3129,2336.6201
B0016333,143.1118,2,1471.8809,8.3084,4,13,11,3,0,7.8095,5031.1095
B0008603,46.0724,31,3368.0192,13.1146,1,5,5,1,0,3.5599,1259.4382
B0004438,145.3668,13,3054.2469,24.2688,3,18,1,2,1,6.6382,3978.1296
B0004896,108.917,13,200.9713,1.522,3,17,14,4,1,5.2382,5006.3169
B0009338,55.9564,16,2739.1183,13.2473,1,8,8,1,1,5.7953,2511.1518
B0019427,149.2672,22,2678.7621,17.7149,5,22,4,3,1,5.1447,4219.3362
B0008770,74.9485,24,713.7258,11.9827,3,2,8,2,0,6.2062,3063.2782
B0004350,79.4448,10,2146.3816,13.5056,2,14,11,3,1,3.894,3409.9988
B0001815,114.662,29,3175.4983,19.0169,5,2,4,2,0,6.8029,3179.7743
B0006266,70.5123,4,2495.3519,23.8284,2,20,7,5,1,5.2249,2925.1595
B0016652,148.7298,10,2175.1234,20.1998,4,6,8,4,0,7.2273,4397.6134
B0006214,149.3078,3,1703.6153,9.0247,5,6,8,3,0,5.895,5154.9561
B0002964,105.3659,20,2404.2825,15.3202,4,28,2,4,1,4.982,3781.318
B0012369,75.5545,31,2699.0892,24.8606,2,19,0,2,1,3.7172,2203.5456
B0011184,71.7881,25,1668.5122,9.6477,2,20,8,4,1,5.1778,3036.1986
B0022493,90.7511,20,1172.0285,10.414,3,5,10,3,1,6.2031,3711.2339
B0021375,116.3093,6,1745.767,8.4091,4,16,11,3,1,5.7366,4561.952
B0021244,48.821,19,580.0794,4.9582,1,1,12,2,0,5.4012,2441.7614
B0002425,79.3322,0,3081.746,14.9758,2,3,6,4,0,4.5463,3300.7685
B0021577,137.907,26,2194.8721,10.1585,4,12,9,3,1,6.5099,4412.0923
B0010190,35.7265,0,3668.2363,18.0541,1,2,8,4,1,5.1055,1922.9897
B0008803,150.2337,10,727.2638,7.5274,3,27,12,3,1,4.3313,5353.6905
B0006378,136.8261,15,2316.2141,11.6216,4,14,9,4,1,5.5781,4424.0226
B0011680,140.8693,13,1287.2811,16.9706,4,26,6,2,1,5.1683,4468.6082
B0019618,68.4687,32,2739.3252,18.8161,3,8,6,2,0,5.635,1968.4249
B0003024,136.6301,17,1701.0626,10.0868,5,27,8,3,1,5.8832,4781.2009
B0009086,134.6419,11,1420.7232,15.9847,4,4,6,3,1,7.766,4166.3944
B0010234,87.5683,25,2470.5307,9.521,3,7,10,4,1,4.1253,3329.5639
B0009639,127.4674,19,2154.5996,17.1767,4,14,13,3,1,5.7536,4375.3269
B0005591,146.0938,22,3368.2183,20.6805,5,28,0,2,1,5.4538,3990.2291
B0003119,154.5999,4,203.2026,7.2948,4,5,12,4,1,6.1601,5947.5005
B0015138,151.0268,28,4021.2027,23.9825,4,2,5,2,0,7.8039,3733.9584
B0022204,137.1787,6,3278.6968,21.3659,3,4,8,2,0,5.9896,4163.3361
B0004400,133.7396,25,3132.2195,22.2836,4,26,6,1,1,4.7767,3710.8641
B0001826,91.3149,26,1950.8961,20.2195,3,20,5,2,1,4.7096,2952.3992
B0015901,39.796,23,899.7181,10.5021,1,12,11,3,1,4.6093,2067.5057
B0005750,64.8789,8,790.5537,10.9865,1,9,9,1,0,6.3882,2874.4781
B0011924,105.9245,32,1960.8624,20.5671,3,8,9,3,0,5.2207,3119.6041
B0018514,110.109,9,168.466,7.1762,3,18,9,4,1,4.8615,4971.4604
B0019801,77.8112,24,361.3631,3.731,3,25,13,2,1,6.0795,3770.8426
B0004017,121.8011,8,2143.0246,24.3967,5,17,6,3,1,5.6561,3995.7801
B0003301,45.039,25,120.0,6.8723,1,1,9,1,1,5.9989,2364.8214
B0001575,153.5574,8,3021.6581,23.2658,5,24,5,3,1,6.0919,4632.9922
B0007285,50.4612,28,1265.1389,5.4433,1,27,9,2,1,4.5788,2425.0737
B0010104,144.7976,23,3644.2377,23.3489,5,5,2,3,1,5.0773,4018.966
B0006099,120.79,9,1251.2677,18.3793,3,2,6,3,1,5.2402,3906.1262
B0009914,124.5569,8,2401.6237,13.8942,4,13,5,3,1,6.1297,4042.5118
B0016732,130.1585,12,2988.0209,8.0496,5,10,8,5,1,6.4468,4565.7411
B0011485,142.8337,4,4218.014,23.3857,5,22,2,3,1,4.5004,4407.106
B0007788,44.3651,17,1425.1286,12.0179,1,15,6,5,1,4.7682,2368.859
B0017281,94.5351,15,2398.3156,17.374,3,22,12,2,1,6.1301,3804.1468
B0006585,90.4423,0,508.5266,3.2494,2,16,7,4,1,4.0321,4233.1476
B0021854,71.4867,11,339.5455,8.1751,1,6,9,3,0,3.7248,3522.6646
B0006070,35.8801,28,2488.3401,18.7372,1,20,7,1,1,3.6038,1319.6909
B0003424,48.7598,27,1723.5794,16.0046,1,20,10,3,1,3.3422,2232.4855
B0011484,152.4434,21,3482.8209,18.1179,5,25,5,1,1,5.7399,4527.3604
B0015931,43.4305,9,4188.4546,15.261,1,11,7,2,1,5.4843,2011.8424
B0021489,42.1389,21,3447.1422,16.8725,1,27,6,4,1,5.6185,1991.7973
B0014053,96.3524,6,2813.4094,22.7055,4,18,3,3,1,5.3544,3254.2182
B0015900,54.5911,28,1608.0891,7.638,1,18,13,2,1,4.5939,2501.9684
B0019241,126.4944,2,700.4791,9.1667,3,23,11,3,1,5.8373,5290.0576
B0013581,88.3712,0,441.5107,2.1176,2,13,14,2,1,5.2696,4236.5825
B0003730,46.6676,11,2649.0938,23.7158,2,1,3,3,0,3.5265,1839.3783
B0019893,135.7428,32,1748.5882,7.8464,4,1,8,2,0,6.5856,3904.0985
B0022351,73.7435,1,2268.1011,11.0365,2,22,9,3,1,7.0814,3665.6654
B0002551,128.4085,16,3580.0507,24.8519,4,4,1,1,1,4.6888,3371.165
B0019301,75.8022,19,1475.8761,12.5937,2,10,6,1,0,4.9335,2626.1673
B0006153,132.3002,26,2311.1241,21.2496,4,10,5,2,1,5.8605,3874.098
B0004714,66.8266,19,591.4423,8.8413,1,17,8,3,0,6.71,2917.6265
B0002950,118.8862,21,2668.6516,12.0673,4,26,4,2,1,6.2371,3825.2152
B0005446,57.222,12,3671.5713,23.0765,2,14,3,3,1,3.6527,2318.129
B0014632,39.688,1,1903.1323,10.3708,1,28,7,2,1,2.8882,2310.4894
B0009785,77.5199,10,2167.0592,14.9456,3,21,9,5,1,4.5719,3724.2239
B0013937,131.4962,13,1615.174,12.6447,4,20,9,2,1,5.4081,4527.3471
B0020731,84.3053,14,120.0,2.1078,3,1,12,2,1,7.2354,4291.6014
B0006322,81.3193,1,2866.5539,21.8509,2,16,5,4,1,7.3948,3332.8685
B0021041,39.1539,20,2664.5291,20.4717,1,10,4,1,1,5.1378,1685.6682
B0009732,61.3794,29,120.0,6.4772,1,23,12,3,1,3.9644,3433.1581
B0001140,116.4246,19,2380.8149,20.3483,5,19,7,3,1,4.1333,3628.9348
B0012666,53.7457,22,120.0,4.0467,3,21,13,4,1,4.3095,3385.0665
B0019222,97.2294,7,966.6093,3.5504,3,7,13,4,1,6.0405,4408.3525
B0006381,43.2886,11,1835.6607,11.7445,2,4,14,4,1,3.4279,2504.3345
B0006773,124.9451,9,449.0721,2.3552,3,2,15,4,1,7.8245,5289.7713
B0001684,76.6605,28,517.4954,6.4356,1,20,9,2,1,5.9073,3355.6079
B0007393,152.5229,29,1377.3665,5.1912,4,25,12,3,1,6.1309,4845.7652
B0004821,36.1601,3,1634.2231,12.2404,1,22,11,3,1,4.8225,2440.434
B0020778,144.1077,2,3234.5391,16.4118,5,7,7,4,1,7.3477,4574.0313
B0004305,141.7095,15,486.1256,15.3005,3,21,5,4,1,5.5539,4914.9088
B0000373,110.5147,28,2436.299,19.1028,3,9,6,2,1,6.3592,3312.1688
B0008306,72.4215,3,1658.5988,10.0991,3,7,16,2,1,4.0438,3204.3922
B0021722,56.9264,23,1517.18,9.5562,2,5,7,2,0,5.3682,2231.2081
B0011695,43.9831,27,1166.2256,4.9564,2,4,11,4,0,3.5536,2156.3219
B0016025,150.5834,2,120.0,8.7278,5,15,7,3,1,6.9748,5792.1064
B0001571,70.3669,9,2689.8623,14.1716,1,4,6,4,1,4.1435,3066.7524
B0006507,42.5953,27,1608.4962,16.3538,1,7,6,3,0,4.7825,1666.3622
B0018149,71.0658,14,2404.8812,18.8778,2,23,6,4,1,4.4829,2930.6062
B0020178,44.8321,29,1699.8054,14.3852,1,15,2,3,0,4.3081,1488.38
B0000179,93.2255,29,1758.3798,8.0024,3,28,9,1,1,5.023,3559.0538
B0002751,106.6664,32,1825.9541,9.4136,3,7,16,1,1,6.412,3636.1911
B0008583,128.3825,23,2941.1225,22.7744,3,25,0,3,1,4.8684,3793.0302
B0005418,152.0594,28,2192.9847,21.302,4,14,2,1,1,4.4694,3915.3711
B0015078,132.6729,21,3152.255,17.4432,4,22,4,3,1,6.5951,3985.3143
B0016872,129.1744,17,3368.3755,23.4383,3,21,1,3,1,6.1122,3897.7395
B0008077,145.5023,0,123.3886,1.9101,4,1,15,3,0,7.5291,6045.6855
B0017853,49.4235,14,1234.4104,2.0387,1,15,16,2,1,4.6637,2759.419
B0019468,66.6381,6,3625.87,20.5254,2,18,6,3,1,6.9929,2767.2363
B0012327,75.7548,5,120.0,5.7802,2,22,14,3,1,5.4244,4249.669
B0000998,76.3421,25,4172.2273,20.2212,2,3,2,3,1,4.1737,2525.9312
B0001186,69.7766,13,1794.238,13.0867,2,10,6,2,1,5.9944,2867.418
B0012800,139.5005,13,2603.806,7.5945,4,24,10,4,1,7.001,4761.3743
B0005721,74.5192,23,1861.4461,15.0465,2,18,6,3,1,6.4394,2753.1975
B0016364,101.7248,19,553.7596,11.4398,3,5,12,3,0,4.9174,3994.6719
B0011053,120.2942,30,1630.3611,12.3405,4,4,6,4,0,5.7177,3720.2324
B0001326,81.533,17,641.3963,16.7798,2,19,6,2,1,5.8626,3439.5232
B0013622,113.4324,26,120.0,6.6727,3,16,8,3,1,5.1603,4642.2621
B0007394,128.4402,30,633.8523,3.9872,3,6,14,2,0,6.1729,4446.7666
B0022239,48.1594,14,1775.349,22.6162,2,2,6,1,0,4.934,1616.8607
B0009758,146.4462,7,2295.0154,18.5529,5,17,6,3,1,5.8198,4433.768
B0000620,112.7294,2,2165.5293,12.2561,4,4,8,2,0,5.1346,4035.9011
B0001757,62.1778,0,2014.5787,19.5639,2,18,10,2,1,4.0506,2922.2734
B0022172,77.5717,27,2000.8019,8.5093,3,26,12,2,1,6.7745,3436.3653
B0004755,149.8267,18,1771.4734,4.8086,5,3,10,2,1,5.3162,4753.4734
B0005072,142.222,22,2720.0552,24.0543,5,17,3,3,1,5.2628,4200.6017
B0021724,92.0799,21,1043.5052,4.2713,3,28,12,4,1,6.069,4192.258
B0012984,86.9995,25,3333.2901,22.1701,2,19,4,1,1,5.5695,2603.8484
B0018519,142.7225,31,2846.7153,17.3393,5,22,5,2,1,5.5596,3883.2998
B0009293,50.9334,8,497.3602,14.2653,2,9,8,1,1,5.9065,2665.2915
B0006292,137.3616,29,2746.5698,21.3302,5,6,7,2,1,6.7051,3819.5926
B0003366,88.3386,31,1469.7668,8.3786,3,25,11,1,1,3.5854,3221.4832
B0003006,128.3501,10,1461.5871,15.5107,3,11,8,2,1,6.4712,4426.7528
B0000047,153.7994,2,1080.8481,3.47,5,5,12,5,1,7.6767,5757.581
B0014433,132.4498,0,461.3979,9.0638,4,20,5,5,1,5.9719,5125.4931
B0019392,154.4565,17,561.2619,2.5571,5,4,16,1,0,6.1415,5277.8749
B0005381,43.8201,29,2896.5189,9.0996,1,3,11,1,1,4.6883,1641.5677
B0021973,55.873,30,1617.6399,8.6032,1,24,11,3,1,5.4247,2544.6703
B0011699,87.8642,8,1559.7214,13.7865,3,16,9,1,1,5.7604,3390.1756
B0008765,151.4663,9,1410.3807,11.8211,5,18,7,3,1,5.1686,4785.2265
B0016275,135.7375,28,2068.4198,3.1084,3,12,8,3,0,5.6828,4024.6014
B0014729,50.3684,27,1425.0451,19.4741,1,28,5,1,1,6.3377,1972.2825
B0001356,66.7131,7,3136.7339,15.1488,1,7,6,4,0,5.53,2777.2195
B0007785,76.7055,12,2824.7915,23.1646,3,21,7,3,1,5.1142,3251.076
B0019479,90.0049,5,2691.0796,11.1988,2,28,9,2,1,5.7272,3822.3766
B0003880,123.2414,10,1667.3695,7.4916,3,14,10,3,1,6.4419,4572.4298
B0012620,63.4888,32,1553.6449,2.4078,1,12,15,2,1,4.2654,2601.3999
B0013940,137.7494,2,2483.4789,11.7063,4,14,7,3,1,5.6812,4572.7414
B0016044,50.5857,9,201.2342,6.4212,2,22,12,3,1,4.8557,3301.4105
B0020421,123.2529,14,2178.4221,22.1104,5,10,5,4,1,6.0933,3943.6903
B0021838,100.215,31,1501.8829,5.9269,3,26,7,3,0,4.7057,3275.5138
B0018725,46.0494,24,3148.8423,12.4724,1,9,4,3,1,3.5319,1840.3867
B0004811,64.5842,7,2283.2718,22.0081,2,5,7,2,1,3.5964,2473.6409
B0021938,120.2887,20,752.338,6.3259,3,15,14,2,1,6.3779,4457.3558
B0011668,63.0284,25,2645.4266,10.7457,1,8,5,2,1,5.1137,2238.212
B0013356,114.5137,13,3999.3662,23.9875,3,22,2,1,1,5.3273,3372.2268
B0018845,110.4692,8,2061.9758,17.0925,4,1,6,4,0,4.5737,3764.4118
B0010100,121.9978,19,1039.1792,8.9441,3,1,13,4,0,5.9549,4596.6233
B0016546,36.6103,16,1792.2826,19.4876,1,2,3,3,0,4.1453,1457.5552
B0013574,38.2825,27,2610.5684,6.7463,1,26,9,3,1,4.4187,2172.3505
B0001086,109.3739,6,2203.4478,9.9346,3,20,13,3,1,6.8702,4392.7241
B0021334,122.2377,24,2867.4608,18.2317,3,26,8,2,1,4.3638,3771.6221
B0008610,148.2913,12,605.8614,4.4331,4,1,6,3,0,7.3742,5306.7612
B0004867,89.6742,9,1097.7629,14.8258,3,19,6,4,1,5.43,3520.1149
B0009676,131.2064,9,133.3325,5.9089,5,15,7,3,1,4.7419,5364.2598
B0004116,81.9972,1,930.9718,11.0333,3,24,7,2,1,6.5582,3947.2001
B0002460,50.3164,7,369.9243,7.9096,1,14,11,4,1,3.8025,3092.1455
B0022137,141.9488,19,1267.1014,1.9058,4,14,13,2,1,6.2176,5237.5946
B0019971,111.2738,0,1531.6702,7.3644,4,24,13,2,1,5.8994,4628.636
B0014232,150.7962,9,1111.4289,3.9743,4,19,9,3,0,7.1477,5013.0133
B0016032,131.9739,19,1362.08,19.2491,4,2,2,2,1,5.8518,3787.4745
B0019312,149.8882,16,3693.7598,24.6805,5,22,0,4,1,5.7983,4270.5485
B0008530,91.8122,4,609.0817,4.0132,2,4,14,2,0,6.1683,4141.1919
B0011651,132.234,2,2420.3673,19.4065,4,11,2,4,1,5.247,4065.4104
B0000585,133.5504,16,2572.7603,18.3546,5,22,3,3,1,6.9682,4084.9332
B0013127,99.1854,31,2552.7263,23.8141,3,19,4,2,1,4.5561,2847.9187
B0003690,55.4608,3,2691.5363,22.9875,2,22,5,4,1,5.4146,2498.3569
B0006491,57.7817,26,359.7901,3.1293,2,9,12,3,0,4.8774,2843.5955
B0017520,65.3015,13,2160.5278,6.2827,2,25,8,3,1,4.0858,3081.7109
B0011475,153.9621,17,1681.8743,5.7119,5,23,11,3,1,8.3209,5059.8659
B0008430,95.1812,16,2494.1144,17.6168,3,23,5,1,1,6.8837,3105.8537
B0019290,101.7039,19,3458.1662,21.0884,3,18,6,4,1,4.8654,3249.8531
B0007065,98.1737,16,888.5622,2.9072,3,28,14,3,1,8.4643,4507.6835
B0010299,104.7331,13,2963.8941,6.471,5,8,10,3,1,5.8795,4198.971
B0017536,138.7161,30,448.0257,4.4192,4,16,12,1,0,7.5336,4672.4776
B0016567,125.3494,7,1961.0309,5.1188,4,4,8,4,1,7.1012,4572.4881
B0021542,128.9289,16,829.2399,9.0878,4,16,10,3,1,6.9129,4722.4512
B0015758,117.4547,6,608.0041,19.1731,4,14,3,3,1,5.7249,4407.7269
B0007292,71.0124,9,647.3059,9.2694,2,5,14,3,1,3.8788,3596.1894
B0004802,61.5113,18,2219.3034,13.2965,2,17,7,3,1,6.2416,2798.7756
B0000676,38.4278,6,1499.1938,24.1325,1,13,3,3,1,2.9242,1585.2318
B0003717,118.6224,14,2420.6064,17.3153,4,25,6,3,1,8.1397,3993.2935
B0009184,63.1318,24,1631.6644,10.1304,3,5,11,2,0,3.8433,2674.9327
B0015632,116.8045,27,492.6605,2.6043,4,1,15,2,0,4.3965,4347.6236
B0004994,128.7412,0,810.6789,14.7948,4,13,5,4,1,5.4208,4521.8803
B0019134,107.9917,23,1363.0986,5.7913,3,20,12,3,1,5.8844,4177.6782
B0015763,117.3401,13,2840.5178,16.1374,3,15,6,2,1,4.1225,3864.4408
B0000802,110.7198,27,2218.4173,10.3072,4,23,11,2,0,6.7837,3619.8936
B0013293,76.4351,9,120.0,3.1107,2,17,10,3,1,5.6839,4260.9804
B0001087,108.0187,11,3128.4353,19.7795,3,1,3,3,1,6.2844,3505.3872
B0017299,100.2263,19,807.1617,9.8351,3,21,11,4,1,5.9304,4375.8829
B0014836,148.8525,26,3791.0727,17.2753,4,10,7,2,1,6.01,4012.8522
B0015495,51.6685,12,2680.5398,11.1645,2,10,12,3,1,5.9484,2376.2606
B0014701,114.6455,32,1931.2258,12.1245,3,13,10,2,1,6.39,3774.1488
B0002898,146.3819,24,120.0,13.4995,4,17,12,1,1,4.6022,4966.8537
B0000383,117.3234,13,1140.2897,5.2163,3,15,12,4,0,5.8853,4379.0139
B0006968,136.9466,26,1349.9192,17.764,4,6,0,1,0,7.8818,3795.7674
B0012022,116.4602,2,1660.6054,12.1325,4,13,7,1,1,7.2767,4130.4584
B0011446,43.3637,9,1936.4469,11.038,2,14,11,4,1,5.8606,2786.0833
B0019668,151.4354,9,1380.4218,20.5148,5,1,1,3,0,6.574,4546.7854
B0017801,142.9654,31,1780.7743,18.6945,5,17,5,3,0,4.303,3760.0304
B0019586,120.8515,17,3891.2267,16.1058,4,10,9,3,1,4.4751,4013.102
B0005815,88.4304,0,2326.4822,18.3444,3,2,7,4,1,3.8966,3325.6224
B0020089,80.1128,3,2105.0627,15.8371,3,1,6,4,0,7.2239,3318.4095
B0018033,103.3866,19,2076.101,16.6869,3,1,6,3,0,6.2377,3454.2353
B0007862,87.47,31,642.0938,4.2546,2,24,13,1,1,3.8989,3598.374
B0010006,138.3838,25,1412.0,10.7677,4,5,10,3,1,8.6,4725.8241
B0007248,117.2493,19,2104.7642,11.8183,4,25,10,2,1,6.0136,4312.8423
B0019750,116.3307,27,1954.4886,8.0449,4,14,11,2,1,6.9692,4157.1779
B0022253,121.0147,20,2499.3927,22.7481,4,8,2,4,1,6.3948,3521.2217
B0021093,49.8264,9,2277.4276,17.4362,2,2,9,4,1,4.5952,2404.2335
B0022474,153.8849,20,1910.3023,18.1357,4,26,5,3,1,6.7826,4615.2198
B0009805,35.0181,27,120.0,1.7434,2,5,14,2,0,5.7856,2371.6701
B0022259,89.6895,31,120.0,3.27,2,15,13,1,1,6.4982,4096.329
B0017055,81.4045,22,2281.8622,21.2681,2,24,6,3,1,4.6506,2896.4393
B0002390,141.0038,22,1255.2432,2.5743,5,24,10,5,1,5.3396,4928.8245
B0002213,153.6373,11,1955.2783,10.8067,5,19,10,3,1,6.5802,4943.3053
B0000162,75.8996,0,739.2193,2.0848,2,12,12,5,0,6.4059,4148.0167
B0021645,138.1578,0,1143.7446,2.614,4,21,10,1,1,5.0351,4962.6096
B0014795,68.165,5,120.0,4.9672,3,4,12,1,1,4.9966,3730.6263
B0005580,106.6804,19,417.1023,6.1292,4,7,12,3,1,5.3501,4543.1834
B0005221,113.9739,14,3693.92,18.9817,2,4,8,2,1,3.9505,3448.3798
B0015093,86.9689,7,120.0,2.1798,2,8,13,3,0,6.4394,4566.9244
B0019421,70.326,0,120.0,6.2194,3,8,14,4,0,3.0452,3909.5196
B0004550,149.2359,31,2430.9126,20.278,4,15,9,2,1,7.1112,3959.6778
B0018619,63.0645,7,2554.2472,12.0323,2,10,8,4,0,4.8922,2773.8007
B0021711,114.5626,30,1801.8929,7.706,3,3,9,1,0,3.522,3740.8837
B0000537,35.9032,16,1902.0559,4.6197,1,10,9,4,1,4.8553,2336.6564
B0003826,71.424,18,1178.758,8.9964,2,21,10,2,1,5.5457,3130.2072
B0018407,125.4403,28,3408.8962,22.2863,5,3,5,1,0,6.8915,3484.907
B0011433,105.374,23,1736.3401,11.5587,4,5,10,3,0,5.6586,3875.9369
B0010407,56.0759,9,850.5883,11.9398,2,4,8,4,0,7.0836,2912.9145
B0013626,104.6735,25,1211.7305,9.9674,4,16,9,2,1,6.0854,3700.5779
B0013951,152.5197,30,2617.4076,13.3046,5,20,8,2,1,5.2123,4566.435
B0004371,117.2941,7,2034.2996,7.8254,3,22,7,4,1,5.4439,4258.4554
B0010076,44.6149,18,3836.1852,24.5174,2,5,3,1,0,4.6932,1593.5688
B0015819,53.9223,23,2730.8066,10.4939,2,4,6,4,0,6.4837,2198.0182
B0001275,123.3197,5,1006.2538,10.93,4,10,6,4,1,6.9945,4631.6359
B0006644,94.2964,23,1505.0522,21.3161,2,26,3,1,1,6.1741,3235.5263
B0007449,142.4261,7,4440.0772,24.4711,5,6,5,3,0,6.2157,3754.2149
B0007472,82.9395,31,2093.1311,2.8445,3,10,12,2,0,5.081,3031.0249
B0019720,127.3484,10,2697.7364,13.0762,3,4,7,3,0,4.7619,4050.5279
B0000759,124.4035,8,2914.8769,23.3827,4,15,4,3,0,6.1396,3568.5713
B0010934,57.632,32,2812.0031,16.7773,1,5,7,3,0,4.6267,1821.2779
B0014419,128.9757,9,2513.1007,22.5649,4,19,6,4,1,6.3528,4263.7058
B0012640,58.0965,4,120.0,5.3572,2,1,12,2,0,3.9158,3222.7641
B0019466,118.1156,2,842.4067,11.8791,3,6,11,3,0,5.8152,4618.1711
B0009305,78.4637,29,2325.4513,17.6365,2,20,7,2,1,3.5345,2616.9298
B0022006,64.554,16,3006.7734,15.8392,3,10,7,3,0,5.3823,2566.8256
B0018691,96.4893,21,2136.9818,11.1729,3,5,3,4,0,5.3752,3345.5553
B0014621,145.8639,6,3549.6296,14.1576,4,12,6,2,1,7.7751,4546.0924
B0006569,147.2207,32,359.5807,1.5488,5,8,12,1,1,8.3476,4915.5474
B0018410,94.1172,22,1345.6643,11.3017,2,11,8,3,1,5.7412,3505.006
B0007182,93.9071,31,994.3237,4.3466,2,23,11,2,1,6.0248,3676.4655
B0012215,91.8427,20,926.1643,2.0838,2,4,12,3,0,5.3403,3916.5072
B0002511,110.3474,10,875.068,1.8571,4,2,14,3,0,5.0643,4709.392
B0000661,126.0838,28,298.3438,18.1142,4,25,6,2,1,5.5222,4437.6116
B0016373,79.4246,20,120.0,2.2909,3,8,13,2,0,5.2005,3955.888
B0017247,152.8282,0,2305.8706,12.1494,5,7,11,3,1,6.418,5084.7025
B0014330,96.2761,30,2785.6824,24.8484,3,8,3,2,0,3.3137,2599.2194
B0003685,40.8134,13,2013.0428,6.517,2,14,11,2,1,3.8273,2518.4587
B0011221,140.9093,1,3563.187,21.8419,4,21,3,2,1,5.8422,4327.3812
B0002652,137.3532,4,1993.2108,3.2348,4,12,12,5,1,6.2046,5369.5715
B0003715,62.9746,12,120.0,5.1756,2,13,11,4,1,4.5578,3565.2112
B0007853,53.3438,1,4900.0,23.5146,1,22,3,3,1,7.0582,2359.885
B0010426,60.8218,31,1568.3239,22.3999,2,23,5,2,1,5.4397,2251.4157
B0005582,113.5664,13,1038.4416,5.4547,4,14,9,4,1,7.6109,4664.9092
B0017095,96.789,21,2841.7203,22.182,3,3,1,3,1,4.495,2984.6272
B0018678,80.6659,32,2902.9287,10.4668,2,28,6,1,1,5.2337,2849.8617
B0020158,130.541,23,1145.0075,3.048,4,25,10,3,1,7.1139,4806.4338
B0000358,141.8464,30,2961.9149,21.4059,3,8,0,2,1,5.2789,3689.1411
B0022317,124.4473,2,530.6222,11.4892,3,9,9,4,1,8.4351,4851.7275
B0004496,120.8897,4,2155.336,18.0031,4,6,6,5,0,6.4335,4175.6285
B0020668,52.2944,12,774.654,9.7145,1,9,10,3,1,5.9182,3028.2756
B0009536,123.9003,31,1557.8831,6.0545,3,6,14,1,0,6.369,4015.6851
B0010184,125.2733,14,1234.8282,7.2084,5,19,14,4,1,7.3998,4794.1982
B0003337,116.7083,10,2707.1468,21.6564,3,3,2,2,0,4.6679,3642.511
B0017716,87.0393,27,2688.5814,24.2,3,4,3,3,0,4.2912,2762.2783
B0001685,114.5281,11,3279.5856,14.1826,2,9,6,3,0,4.2592,3798.7481
B0015777,117.7253,10,1035.2995,8.605,3,7,9,1,1,6.4319,4274.0581
B0011173,154.7445,31,1130.2218,16.9741,5,1,6,2,0,5.8751,4433.3707
B0016605,38.493,29,376.9062,3.5839,1,13,16,4,1,3.3075,2440.4225
B0021005,52.5623,6,2532.612,24.468,2,18,4,4,1,4.2836,2279.5463
B0006050,102.021,32,1417.509,7.1972,3,20,11,3,1,6.013,3891.5424
B0005506,119.0714,13,1509.3309,14.5578,3,1,4,5,0,6.1935,4015.1432
B0016413,98.8376,15,3025.0424,19.6077,3,1,1,4,1,4.9344,3232.8036
B0020696,65.6459,1,2321.67,24.6507,2,22,2,4,1,2.9861,2708.4645
B0012623,89.4646,2,2536.8724,11.9149,3,12,10,2,1,5.1638,3674.0966
B0003456,61.3324,19,4027.5662,20.7206,1,23,4,5,1,3.8194,2468.1959
B0015304,77.8989,6,2997.3449,24.1356,2,11,3,5,1,6.3641,2974.784
B0008816,112.0298,11,746.6591,6.575,5,14,12,4,1,5.4407,5086.4906
B0012164,38.3178,1,1410.9839,9.5729,2,26,11,5,1,5.3337,2791.5547
B0019836,121.4701,16,120.0,2.3623,5,8,13,3,1,6.2017,5609.3092
B0020627,101.3606,23,3947.475,23.3665,4,26,0,2,1,5.274,3169.4881
B0003950,83.1607,18,332.1236,12.9742,3,10,10,2,0,4.5808,3700.4131
B0022330,79.6546,8,189.2678,4.8477,2,26,12,5,1,5.442,4287.2089
B0016540,80.826,25,1824.4826,12.013,2,6,8,3,0,5.2567,3007.1355
B0017544,130.9305,19,2872.1142,16.3416,4,17,8,1,1,6.688,4070.8187
B0012005,85.3106,29,2255.9651,20.7941,4,20,6,2,1,6.0332,2647.0599
B0005043,41.1167,22,1531.807,9.6604,1,8,11,2,0,3.6573,2024.445
B0016308,83.209,23,1278.8244,4.3451,2,21,13,1,1,6.7114,3358.5665
B0021123,131.7452,10,402.9984,11.6728,4,10,8,3,1,5.7248,4664.5456
B0018266,144.5778,3,2703.7617,19.5068,4,24,7,3,1,6.0412,4623.8516
B0003245,36.7343,11,1774.6111,15.3255,1,20,6,4,1,5.6397,2132.0283
B0004773,152.1453,8,3033.1303,15.5833,5,1,7,2,0,7.9314,4440.0685
B0011052,146.3481,25,1140.8789,4.5779,5,11,10,3,0,7.1235,4843.1627
B0016910,39.4217,1,996.2321,2.1509,2,25,10,5,1,3.7458,3136.5353
B0013966,89.009,7,2679.1469,14.5583,2,20,13,2,1,6.9246,3775.0878
B0021362,60.2015,11,1029.2018,4.0891,2,14,14,1,1,6.1555,3277.874
B0000347,88.9444,4,467.0473,6.2195,2,3,8,4,0,5.3789,4301.5232
B0006171,50.4798,4,2164.9552,13.9663,2,24,9,2,1,5.0463,2693.5705
B0020141,44.4606,10,2861.4102,23.4883,1,17,5,2,1,2.4,1818.337
B0013136,80.1892,10,120.0,3.7817,2,4,14,3,1,6.0155,4084.7442
B0013703,124.6119,5,1811.7656,11.0726,5,24,8,4,1,6.333,4665.3328
B0012029,122.3835,24,3883.0221,17.7963,3,8,7,2,1,6.734,3517.4115
B0004858,116.7391,12,950.0059,6.491,4,14,10,2,1,5.6705,4649.9951
B0010817,124.6948,26,2828.3884,16.308,4,21,7,1,1,6.0408,3787.4732
B0003084,132.4413,10,4635.6358,22.5011,3,2,3,3,0,6.006,3751.375
B0008405,96.6775,2,120.0,2.8412,2,4,11,2,0,6.3045,4575.0079
B0017381,42.2438,10,150.755,2.1119,1,10,16,2,0,6.1676,2621.1558
B0012634,64.6287,25,2262.1101,11.8552,3,10,8,2,0,3.5195,2358.2724
B0000547,129.5834,7,639.1416,1.5083,4,9,16,4,1,6.3981,5157.6898
B0017228,128.7209,14,489.1363,5.3581,3,1,11,3,0,6.3316,4760.3021
B0016443,48.6643,26,4419.2885,16.7877,2,15,5,1,1,6.0007,1810.5576
B0004586,118.078,24,3225.2818,20.362,3,27,3,4,1,6.3873,3628.6776
B0000897,99.7839,4,3053.1087,20.4002,2,6,6,1,0,6.0866,3146.2838
B0006233,141.6465,26,3520.832,14.2731,4,26,9,1,1,5.9916,4059.5239
B0014977,70.8793,29,795.7033,6.2149,3,4,12,4,0,4.524,3126.0467
B0014072,138.5344,23,2166.7216,20.9606,4,21,4,3,1,7.1734,4095.595
B0006591,54.4788,14,3106.1577,24.9395,2,2,1,2,0,4.7101,1954.677
B0002346,99.7633,29,2773.8016,21.4861,2,16,5,2,1,6.7412,2879.9348
B0000669,122.9991,13,4900.0,24.9817,4,26,2,3,1,5.7542,3722.2462
B0013133,100.211,28,1262.7098,10.2949,3,12,12,1,0,5.8056,3317.0957
B0018364,129.5008,18,1362.6145,8.0676,4,14,6,2,1,5.2498,4472.7275
B0003700,43.6539,5,2223.8731,17.7888,1,20,7,3,1,5.1308,2376.664
B0021831,68.7392,30,1034.163,4.3685,2,5,9,2,0,6.5374,2602.1496
B0012501,100.4703,12,864.0757,2.2382,3,22,12,5,1,4.9859,4616.3479
B0014780,147.7715,5,3535.5422,17.4599,3,25,3,5,1,7.9891,4918.7255
B0014257,60.42,9,1618.2183,9.6294,1,28,11,3,1,5.9297,3295.8443
B0014144,144.4589,4,842.9026,9.0764,5,13,13,2,1,6.7562,5126.6767
B0011009,68.8592,31,1037.5051,6.1112,2,4,7,1,0,6.6714,2480.9208
B0006805,83.1655,29,2302.3123,3.0243,2,6,12,3,0,5.8768,3215.235
B0015462,96.2621,5,623.203,3.1474,3,10,12,5,0,6.1067,4303.0772
B0015663,50.2434,21,2885.1818,20.6816,2,6,1,2,1,4.9418,1829.3397
B0006656,92.2514,12,832.967,17.5206,3,22,7,3,1,6.4875,3966.1616
B0000237,148.2772,25,120.0,12.0318,5,1,8,3,0,4.3217,5086.4237
B0013719,86.5767,29,2760.0868,15.6042,2,2,8,2,1,6.0012,2851.9605
B0003075,110.343,29,922.4,10.115,4,3,8,1,0,8.1623,3713.8436
B0019155,74.2617,27,1151.2691,13.1588,2,25,13,1,1,5.7519,3220.153
B0003505,130.7266,32,2540.2026,14.0886,5,14,7,1,0,6.1187,3479.7002
B0006743,143.7492,11,1901.8606,9.3754,4,17,8,2,0,5.4671,4439.6964
B0010663,72.6825,25,924.8922,2.6897,2,24,11,3,1,6.1899,3455.7531
B0019164,39.4407,24,120.0,4.4223,1,1,13,2,0,3.4894,2285.8937
B0018489,111.8117,6,3254.5205,17.6503,3,6,7,4,0,6.6327,3578.5527
B0010177,134.928,4,3985.7941,23.5015,5,6,2,3,1,5.4443,3824.8886
B0016905,89.1609,30,1910.3101,7.9992,3,22,6,3,1,4.5539,3305.2699
B0012243,41.5877,22,120.0,3.4252,2,5,11,5,0,6.5453,2924.1965
B0008512,136.9793,0,2669.3812,21.4319,4,21,5,4,1,2.4,4262.2748
B0017465,94.5381,9,1327.6418,8.7122,2,25,8,4,1,6.2307,4278.998
B0008304,139.9965,23,162.614,2.6915,4,10,14,3,1,3.8147,5457.5301
B0021495,84.7608,7,1844.7715,14.5468,2,16,8,3,1,5.825,3472.8846
B0020002,95.4866,1,1279.4114,15.3768,3,28,11,3,1,4.9162,4198.6507
B0017511,56.6359,22,4453.2236,24.9263,2,23,2,2,1,4.4739,2160.7879
B0010856,62.8346,28,1583.7173,11.3451,2,26,8,1,0,6.438,2087.6823
B0013816,145.5642,16,542.4417,2.6931,5,14,11,2,1,4.0468,5238.681
B0006732,144.8706,14,2054.6563,18.8028,4,17,4,3,1,7.8602,4435.1667
B0012496,115.6275,22,1190.604,5.8433,4,23,6,1,1,6.1658,4086.8739
B0009205,154.5689,2,1045.4498,8.4746,5,3,9,3,1,6.6556,5223.2898
B0007354,115.116,31,2549.9901,6.7211,4,10,7,3,1,3.5439,3522.0504
B0011644,124.0482,5,4900.0,23.4567,4,18,3,2,1,4.4331,3653.018
B0017582,77.5469,9,1984.1676,20.5627,2,15,5,3,1,3.6968,3145.0769
B0000922,83.9545,18,1321.7587,10.3405,3,16,10,4,1,4.9309,3707.5689
B0012041,150.6768,14,3553.8388,23.757,4,12,5,5,0,4.1028,4000.9789
B0009520,99.4429,19,1441.1858,17.1804,4,11,5,2,1,4.7058,3669.7635
B0010499,75.2335,27,120.0,2.5931,2,6,16,3,0,6.3339,3865.3036
B0002848,118.7809,25,2472.0507,20.2615,5,26,5,1,1,6.0322,3747.6762
B0021886,154.5423,16,1401.3337,4.1298,5,9,12,2,1,5.0087,5195.592
B0004323,96.1032,0,1357.123,15.8442,3,14,5,3,1,4.9372,3782.6986
B0003621,146.6036,1,951.1832,12.8701,5,6,7,5,0,6.0783,5069.8285
B0019015,54.9278,26,1434.5263,18.9341,1,7,5,3,1,4.151,1879.205
B0001400,110.9039,7,1846.7946,2.8578,4,3,13,2,1,4.5019,4493.6401
B0000510,48.3921,24,2815.0081,21.8535,2,8,3,2,0,5.3036,1289.7583
B0020349,58.4329,25,1617.7239,10.7112,2,5,6,2,0,3.6408,2306.6358
B0000284,132.4432,6,992.8663,8.7365,5,12,15,2,1,7.2931,4945.2247
B0013102,143.7911,0,1892.7977,21.3545,5,14,4,5,1,6.3206,4699.5537
B0005191,119.8659,28,2031.4582,16.3182,4,5,7,2,0,7.2424,3391.9376
B0004118,115.1226,21,2036.9082,20.9708,3,1,5,1,0,5.275,3440.9784
B0020936,91.0637,5,3082.608,13.0416,3,16,9,3,1,6.3674,3743.6324
B0003077,43.4156,15,3200.4408,12.1504,1,12,5,1,0,4.6066,1475.7644
B0001049,57.6045,30,990.487,2.7449,1,2,11,2,0,4.7584,2566.5638
B0012147,134.4392,9,2369.6593,12.2886,4,24,11,3,1,5.0189,4814.6007
B0010776,35.0664,6,2666.0074,23.1273,1,5,2,3,1,3.7588,1394.4174
B0012518,85.6821,28,2751.9753,16.2492,3,25,5,3,1,6.4474,3028.1876
B0004221,122.6548,3,250.6625,2.7905,4,24,12,4,1,6.6689,5432.4766
B0012907,100.7544,10,3028.3428,23.4297,3,9,5,4,1,4.2008,3417.2415
B0000898,154.1129,6,120.0,8.9034,5,6,10,4,1,6.7893,5788.7634
B0014873,130.2187,14,2000.3545,13.5137,5,5,8,3,0,8.1962,4162.3374
B0008850,84.5939,19,1381.6655,11.8492,3,7,8,4,0,5.6384,3306.24
B0003905,86.4983,1,3281.039,15.7721,3,14,7,4,1,5.2875,3642.4211
B0019781,51.3865,27,3065.5681,22.3216,2,26,5,1,1,4.6268,1928.8206
B0010214,121.8258,24,2962.3938,18.7027,3,1,4,3,0,4.7845,3510.0505
B0007627,128.1234,27,2752.8996,4.6734,4,23,10,4,1,7.4169,4384.3374
B0013405,46.3494,20,3605.744,14.7311,1,10,7,2,1,4.649,1903.1556
B0009565,119.6148,3,2757.1131,13.9304,3,18,8,4,1,5.6556,4449.9523
B0006986,89.4893,8,897.1571,10.6116,3,2,10,5,0,5.6996,4039.2419
B0005340,76.1045,10,2648.241,23.1134,2,23,0,3,1,4.303,2739.8225
B0011095,81.3451,5,2115.8183,20.5961,2,18,3,4,1,6.1765,3119.016
B0020025,118.0393,3,2844.6268,24.479,5,4,7,3,0,5.1842,3870.8059
B0001793,41.7346,24,120.0,7.6416,1,16,12,1,1,5.4716,2456.385
B0011792,49.6611,8,2228.1025,11.2557,2,25,9,4,1,7.3145,3017.2344
B0005490,64.2454,30,1113.8618,15.2038,1,24,9,2,1,5.9132,2721.6143
B0005351,151.6442,32,273.9428,4.282,5,7,16,2,0,5.454,5131.8444
B0013578,127.5597,19,2032.9347,9.8332,4,22,9,2,1,6.0158,4400.0708
B0006033,130.3488,17,2648.8321,12.7081,3,13,7,3,1,6.0077,4188.9976
B0019458,109.9172,29,768.5041,9.603,4,5,8,3,0,5.5837,3915.6693
B0018492,122.1552,11,2749.5732,16.7947,4,24,9,4,1,6.358,4325.713
B0018212,127.2935,28,3901.7452,24.2246,4,6,2,3,0,5.5132,3320.0688
B0001230,140.2456,12,1527.5105,21.5572,5,16,8,3,1,7.2341,4528.0459
B0009229,109.3474,21,4496.3767,24.4312,4,15,4,1,1,4.9947,3277.8323
B0009272,62.2379,17,340.8592,6.4369,2,10,12,3,1,6.6205,3302.3355
B0014824,144.5935,24,1064.9673,13.5292,4,14,5,3,1,6.5139,4423.5788
B0003022,127.2809,2,1538.4844,10.6725,3,11,10,3,1,5.0922,4597.2892
B0018258,75.2644,30,264.7965,8.1119,2,1,13,2,0,4.8042,3117.3682
B0007582,76.7513,15,2934.3852,12.2337,3,9,6,3,1,3.9277,2988.3642
B0005316,65.7253,2,2735.5224,17.678,1,2,8,4,1,5.8836,2884.2401
B0007024,67.1363,9,4760.267,17.263,3,19,4,2,1,4.1097,2734.4583
B0018495,128.2797,3,261.4157,9.202,3,2,11,4,0,6.4818,5124.1189
B0017685,113.9145,13,1232.2494,11.6921,3,10,12,4,0,6.1236,4190.8713
B0000414,108.4136,27,1991.218,15.6513,4,4,9,3,0,4.4982,3407.3984
B0011323,111.1378,9,2027.5306,17.3608,3,2,7,3,0,5.912,3519.5789
B0018353,122.0282,15,120.0,11.352,4,7,11,3,0,8.0208,4833.2102
B0018930,73.5094,26,1004.0508,8.5731,2,27,7,2,1,5.6021,2827.3487
B0003297,102.3628,5,1998.667,4.6048,3,16,12,4,1,7.1317,4381.7337
B0009491,146.7624,0,2885.4204,15.276,5,14,7,5,1,6.1183,5183.7236
B0004270,119.761,4,2221.1704,14.7958,3,24,11,5,1,5.4962,4527.0024
B0014561,125.6103,25,2511.9788,16.3527,4,3,6,3,0,6.4435,3700.8212
B0022360,145.5912,28,1284.1299,13.1052,5,3,10,2,0,6.5606,4489.9667
B0007497,77.1503,27,2661.4036,9.9771,2,9,8,1,0,4.9992,2797.6249
B0003033,109.2906,12,1016.576,17.3832,4,18,4,3,1,4.7071,3809.4452
B0004262,92.2299,12,2978.3112,16.6296,3,11,7,3,0,6.5448,3368.3392
B0006265,146.5864,29,549.7247,11.5537,4,13,10,2,1,5.5247,4935.8859
B0016829,153.1467,5,1667.1945,9.7096,5,9,6,5,1,6.4635,4835.3774
B0017275,65.0274,24,1463.3522,7.4414,2,19,13,2,0,3.9068,2826.6979
B0021291,110.2477,12,3681.8006,19.929,3,22,4,3,1,3.0787,3526.8769
B0002007,35.773,31,2387.5437,22.6862,1,13,3,3,1,4.3828,1097.3103
B0018513,135.3682,3,2928.9732,19.5992,4,7,6,3,0,4.4097,4009.134
B0006654,119.7052,29,2958.1386,15.5824,3,17,6,2,1,6.373,3399.8963
B0010431,48.0481,19,1760.2345,20.2251,2,12,4,2,1,3.932,1835.4103
B0007172,74.52,13,1877.4415,3.8695,2,13,12,3,1,5.4314,3461.1713
B0001386,56.0358,13,2950.4151,19.8529,2,22,3,4,1,6.5546,2305.5077
B0008528,128.9251,5,748.3541,4.6766,2,19,9,4,1,6.4733,5012.4149
B0010329,110.404,5,2425.1833,19.3441,3,18,5,1,1,5.4777,3447.3413
B0021202,58.5784,5,2675.4231,19.3702,2,20,5,3,1,4.7547,2574.66
B0011200,147.0398,3,2400.0933,14.6346,5,20,8,4,1,5.569,4863.9398
B0000621,139.1273,9,1750.4538,19.2668,5,5,4,3,0,6.8739,4501.3909
B0021374,41.1934,11,1294.0953,13.2504,2,3,7,2,1,4.918,1959.387
B0016049,77.4286,3,2393.8836,19.7685,3,8,5,2,1,6.1178,3098.8803
B0003243,102.6255,24,2584.0445,22.1782,4,28,5,1,1,5.2066,3351.1456
B0015681,87.3565,9,2628.5034,20.4711,2,3,1,4,0,5.5513,3080.9915
B0004309,95.4549,15,3417.1779,19.5063,3,3,2,4,0,5.7626,3115.1529
B0002983,114.3608,10,1793.5212,7.6061,4,14,8,3,1,8.3016,4340.4053
B0012807,48.8513,15,1243.4394,4.0749,2,2,12,3,0,6.5614,2769.0138
B0002992,109.9232,21,2299.7943,14.1133,3,15,6,3,1,5.9923,3848.6626
B0014298,53.0574,11,3049.1011,21.5866,2,24,1,4,1,4.7658,2174.2109
B0008470,46.5694,22,1148.9974,8.5255,2,2,12,2,0,6.3718,2176.1397
B0009774,81.5657,28,3866.5339,24.3246,3,17,1,3,1,6.1774,2624.2826
B0019173,58.9468,23,2219.8136,19.4456,2,5,5,3,0,4.9629,2269.8499
B0013930,120.1214,9,1272.1248,19.5322,3,9,8,4,1,4.7865,4067.8419
B0006849,124.362,15,3160.1082,15.2878,4,28,10,4,1,7.4465,4475.0193
B0004016,82.2585,1,1164.2949,3.2957,2,6,11,4,1,6.1921,3995.03
B0006218,100.8379,15,1499.9937,11.2175,3,14,11,2,0,6.3926,3736.4737
B0016878,106.9261,29,120.0,1.9748,3,5,11,3,0,5.5685,4259.6888
B0017098,112.0794,2,1324.4171,2.8682,4,10,12,3,0,5.884,4742.2256
B0010777,72.1467,29,120.0,12.1553,2,4,10,3,0,5.1971,3209.4347
B0010977,95.9571,12,2989.8502,20.5093,4,8,9,3,1,5.5395,3538.7543
B0015523,129.7352,11,2195.3154,12.2203,4,19,8,2,1,6.5086,4217.4917
B0008501,87.5585,1,1032.2968,14.0645,3,11,9,4,1,3.7591,3522.3205
B0017951,57.9728,3,1730.3009,15.3023,2,1,7,4,0,5.8376,2696.9711
B0019122,137.9011,2,1828.9946,6.0071,4,17,10,3,1,6.4949,4936.8536
B0008414,42.6343,15,918.3241,9.1424,1,28,14,2,1,3.5862,2429.0618
B0021399,130.0924,18,4900.0,23.6208,4,22,0,4,1,6.6587,3852.0179
B0017712,82.4082,13,1178.968,8.242,2,2,11,2,0,4.4958,3574.6627
B0013113,147.8616,4,3836.2103,23.1033,4,27,2,3,1,6.6788,4456.6484
B0000813,97.592,8,1387.2064,13.5162,3,4,7,3,0,5.6688,3628.8428
B0015305,85.3103,5,1795.7259,24.192,3,1,4,3,0,4.9149,2904.6624
B0016276,101.0646,6,2148.1461,5.6844,3,15,11,2,1,4.5249,3851.7342
B0000281,62.9013,7,930.1053,4.1521,3,20,10,3,1,4.0798,3396.9124
B0021755,93.7358,15,1167.9418,3.6489,3,1,13,2,0,4.3741,3900.0726
B0013892,60.5739,14,120.0,10.2558,2,2,10,3,0,6.0601,3267.5175
B0004695,109.7985,27,692.3237,5.8885,4,19,9,1,1,6.4833,4168.0583
B0021511,83.7391,24,1891.1037,6.5846,3,16,12,2,1,4.3164,3434.0849
B0007106,55.0176,6,2655.4587,12.9497,2,2,7,3,0,6.7082,2723.6382
B0002718,79.9327,28,2321.8653,13.6922,2,17,6,2,0,6.6042,2644.7209
B0013914,47.2861,31,1997.0196,8.191,2,20,11,3,1,5.2517,2200.3505
B0002532,117.7892,19,2408.6675,15.5939,3,28,9,1,1,5.1784,4080.369
B0013302,86.3325,8,3758.5123,16.0859,2,11,2,3,1,4.9132,3014.1274
B0001462,154.889,20,1424.3909,15.4049,5,14,10,2,1,7.2136,4859.1943
B0001962,82.1826,29,3707.2781,21.5718,2,26,3,4,1,6.2188,2742.3938
B0017855,93.5945,32,500.6793,6.8638,3,5,14,4,0,5.4002,3920.6952
B0018731,127.6444,32,1623.211,13.0308,4,23,10,2,1,6.4507,4179.0649
B0012886,110.6033,9,2308.2394,22.1264,2,9,3,3,0,7.1997,3326.9436
B0009960,81.0325,21,3254.7754,24.1625,2,16,4,3,1,4.9876,2784.5653
B0015794,108.3495,32,120.0,3.8358,4,5,14,3,0,5.1164,4423.1076
B0003704,104.8571,7,2716.5367,16.9886,4,3,3,3,0,5.271,3649.3509
B0015573,110.906,31,1236.5868,9.9833,3,18,10,1,1,6.5817,3648.196
B0002310,107.897,19,2254.7897,21.5936,2,26,3,2,1,8.2166,3615.4928
B0006060,140.612,32,3642.7791,23.777,5,9,5,1,0,6.0479,3315.7864
B0019388,64.3865,11,1641.6376,14.0077,2,9,5,3,1,3.8943,2489.4444
B0010532,52.2086,14,1128.2352,7.7854,1,3,11,4,0,4.4868,2840.0519
B0001903,99.4135,12,1940.2046,18.0742,3,5,4,4,0,5.7966,3398.397
B0018838,98.8548,4,2787.6879,19.963,3,6,7,5,0,4.7088,3521.5936
B0018235,85.3555,17,2241.6172,19.2202,2,8,6,3,1,7.7949,2899.0969
B0021874,134.8713,29,310.6011,3.3804,5,10,14,2,0,6.7344,4815.2686
B0018130,112.9051,7,4418.4971,21.8403,4,2,1,3,1,5.9182,3672.4763
B0002923,108.5918,6,2929.3582,13.3915,4,2,9,4,0,6.3561,4105.2259
B0007322,152.6007,30,345.4817,17.9064,5,24,5,1,1,6.196,4713.839
B0016927,154.2005,2,1730.4259,5.2745,4,13,9,4,1,7.6962,5082.4702
B0016725,120.8174,12,3926.5816,20.3131,5,11,8,5,0,3.9586,3734.8326
B0007555,52.5135,4,2438.9262,21.377,2,24,4,3,1,5.7602,2498.1815
B0009480,150.3129,23,236.3522,13.5659,4,15,15,2,0,6.5888,5090.2688
B0017008,72.4545,15,4479.5455,23.2605,2,8,1,4,1,5.3873,2630.7726
B0003049,123.7449,10,2431.0117,22.1916,4,7,6,2,0,5.5544,3712.0097
B0009168,93.5498,5,2081.5773,15.2479,3,1,6,4,0,7.0276,3509.0209
B0016934,83.7949,12,120.0,16.8158,2,17,5,2,1,8.0839,3736.6673
B0016103,85.5482,30,782.8231,6.5022,2,20,11,2,1,5.1905,3705.6407
B0003623,37.6482,24,120.0,5.586,1,17,15,2,1,4.3782,2237.044
B0009234,38.0408,25,1367.0693,12.9213,1,19,11,3,1,6.294,2217.1406
B0018337,125.4275,15,2489.8001,22.0958,3,24,1,3,1,5.4117,3978.5744
B0004598,66.2583,14,2717.7198,16.399,2,28,8,4,1,5.2731,3077.3853
B0014252,55.9168,13,2735.4931,15.7271,2,17,10,3,1,5.6448,2665.5503
B0020916,66.4672,5,1188.8082,12.6519,2,25,10,3,1,7.144,3606.5265
B0012051,44.8947,24,1005.2283,15.9419,2,21,3,1,1,5.0609,1994.3438
B0006548,73.3279,1,1965.826,7.6756,2,21,11,3,1,5.9352,3725.169
B0010870,106.3631,30,3652.0084,22.2629,2,4,3,2,0,5.7508,2554.1353
B0001922,106.6718,28,120.0,6.6455,3,4,13,3,0,4.7102,4243.8692
B0008171,101.2375,27,3132.1876,10.831,2,4,6,2,0,6.3013,2997.0977
B0001501,93.4177,28,2408.9929,18.4941,2,9,4,3,0,5.7859,3053.7642
B0011392,80.5373,5,2622.7593,17.4716,3,14,7,3,1,5.5079,3221.889
B0010140,53.3765,23,3032.33,24.7427,2,26,8,3,1,6.696,2427.5942
B0004412,154.9844,19,1082.8091,12.2316,5,6,12,3,0,5.9026,4832.2102
B0010945,91.1538,32,3471.2545,17.4891,4,14,8,2,0,6.9676,2814.8782
B0015915,83.952,13,2516.0263,19.1788,2,6,0,1,0,3.1362,2559.545
B0005851,85.633,3,4273.2647,22.4047,3,6,0,3,0,5.2619,3214.6621
B0020589,91.6438,26,651.5147,5.9822,2,22,9,1,1,6.4829,3574.8137
B0011426,37.4463,22,540.0104,12.4004,2,5,8,3,1,4.5979,2056.8308
B0005053,126.3404,29,1327.7052,2.2048,4,26,14,3,1,5.8781,4498.4558
B0011806,103.1895,25,3293.3686,22.3999,3,13,6,3,1,4.8317,3283.1886
B0013918,93.6923,19,2569.6167,22.5214,2,12,3,2,0,4.0828,2723.7274
B0001174,146.0455,5,825.3053,14.0482,3,5,6,2,1,6.0887,4719.0572
B0000165,98.4026,1,559.5046,5.3346,3,14,9,3,0,6.9848,4452.6227
B0006515,138.6822,27,120.0,1.9855,5,22,15,4,1,5.795,5627.6743
B0002239,48.7168,30,2824.667,12.5066,1,2,8,1,0,4.0231,1514.9606
B0015830,126.002,28,2383.1234,24.6788,3,5,3,2,0,5.6114,3250.185
B0015208,57.6193,13,2987.0361,15.8151,2,27,9,2,1,6.7921,2870.6138
B0017060,60.2879,11,2507.9884,17.8792,2,18,6,3,1,5.3413,2597.3931
B0005450,80.6986,12,3335.2841,19.8393,3,16,6,3,1,4.927,2942.4731
B0021940,100.5101,15,1734.1826,7.7195,3,25,10,3,1,5.944,4068.3457
B0022129,126.0565,11,120.0,9.3937,4,11,8,3,1,6.2866,5014.9739
B0000634,149.478,12,4141.3576,10.0572,4,25,4,2,1,5.2421,4668.7736
B0008717,86.7833,22,1766.5656,3.989,2,8,12,2,0,7.4785,3471.3734
B0006359,126.7638,4,1763.1922,11.1245,5,18,9,3,1,4.5757,4303.6939
B0004196,42.7123,25,1054.3453,22.2202,1,5,3,2,0,4.5136,1261.1569
B0018113,96.8016,31,3623.6743,20.4345,3,19,3,2,0,3.3065,2470.9494
B0006587,39.0701,28,3116.584,20.1758,1,19,7,1,1,4.287,1212.6957
B0002094,66.1143,5,4101.3291,22.9996,2,24,4,2,1,4.1011,2635.6808
B0005405,107.2102,10,3784.0473,24.869,4,2,1,3,1,5.5658,3300.9805
B0010743,147.0538,0,1508.5715,16.0005,5,12,9,3,1,3.7986,4872.679
B0014015,48.5212,20,120.0,5.9404,2,1,12,3,0,5.1467,2804.0712
B0016634,114.752,30,4144.6376,20.8333,2,19,7,1,1,8.2831,3198.2476
B0018382,50.6455,11,882.9985,3.9561,1,21,10,2,1,4.4381,2926.6901
B0020703,73.3631,2,2040.2486,15.9679,1,28,8,4,1,4.8662,3318.7429
B0001981,63.7143,27,987.6963,21.1891,2,17,7,2,1,3.0139,2113.9167
B0019670,123.5476,32,120.0,4.6837,4,1,10,3,0,5.0008,4628.0049
B0018272,136.736,24,3572.0667,24.3256,4,18,4,1,1,4.828,3765.0851
B0014400,147.2098,1,120.0,1.8092,5,21,13,3,1,5.4844,5967.4574
B0010660,57.0041,7,2851.1499,23.4236,2,16,6,3,1,6.1403,2323.1506
B0014229,118.8191,28,1190.897,4.2202,4,7,13,1,0,6.2311,4068.8621
B0000884,94.2843,7,2465.1219,2.5867,2,19,12,3,1,5.2219,3898.8528
B0020121,126.4887,20,3922.3334,22.1742,4,7,2,3,1,5.5288,3501.3745
B0013195,147.7039,25,2258.504,3.9654,4,22,15,3,1,5.6838,4819.9276
B0007499,66.0365,14,3882.6154,23.0691,2,27,3,3,1,4.6067,2707.7409
B0020364,62.0356,1,120.0,1.7419,3,26,12,4,1,2.9175,3907.0063
B0000644,117.052,10,3190.4556,21.2482,4,21,9,3,1,4.6653,4199.0888
B0017540,81.2881,13,2414.0646,10.2537,2,13,13,4,0,3.5209,3315.8987
B0001714,90.544,14,2274.1746,16.3287,3,20,10,4,1,4.0538,3482.7654
B0009322,140.5126,12,2667.5603,12.2996,4,16,2,2,1,5.2999,4341.6186
B0008284,114.0855,7,556.8768,2.1615,4,21,11,4,1,7.1886,4770.8914
B0002812,102.2138,2,2561.0397,17.1496,4,1,5,3,0,6.2115,3529.488
B0001605,81.869,26,3765.328,23.1497,3,6,1,2,0,5.576,2268.7124
B0004565,46.4328,26,2881.389,8.066,2,8,12,2,1,4.7282,2076.1825
B0012457,67.8689,22,4158.9598,21.6356,2,7,5,2,0,5.2972,2467.6101
B0000811,60.6725,23,120.0,2.3028,2,20,12,3,1,3.4783,3362.6422
B0020842,74.6516,18,2513.6205,12.4508,2,4,5,4,1,5.7565,2833.6408
B0018533,141.5461,15,1621.4427,4.5004,4,18,7,3,1,7.0293,4645.8121
B0000916,147.9161,1,4153.8218,12.6251,5,18,7,3,1,6.3118,4855.3553
B0006319,49.5041,8,1158.2757,6.399,1,17,9,3,1,4.9193,2809.7525
B0004686,39.8653,8,337.3694,19.4561,1,15,5,3,1,3.8299,2265.9097
B0010910,94.4562,8,577.3532,10.153,3,27,10,3,1,4.4705,4415.4969
B0008695,54.5417,0,2196.5251,9.3696,1,22,10,3,1,7.4574,3050.0383
B0011496,109.2253,8,4460.9179,24.4069,3,1,8,4,0,7.7682,3638.5309
B0021605,110.8394,25,2611.9497,20.0084,4,28,4,4,1,7.4644,3440.1673
B0014963,59.376,11,1459.4774,18.3634,2,10,7,3,1,5.8455,2600.4205
B0013158,118.6112,5,2436.4993,12.8334,3,5,7,4,1,7.9712,3912.5821
B0004159,96.6597,30,1400.9391,3.7063,2,4,13,1,0,4.9608,3493.612
B0013152,35.8727,8,1804.8283,18.0868,1,17,3,3,0,2.4,1435.034
B0002579,63.4852,31,970.0362,1.5105,2,7,16,2,0,4.764,2869.4769
B0013117,55.2264,8,332.8289,7.5245,2,3,11,4,1,5.9252,3422.2788
B0017131,89.3571,25,120.0,18.0787,2,18,11,3,1,4.5169,3814.5304
B0011330,65.0951,29,2039.1004,18.464,3,12,4,2,0,3.8816,1803.0105
B0010147,53.8926,21,1698.6227,20.8944,2,22,4,3,1,5.0855,2341.8314
B0022415,65.3837,20,1411.3147,8.8935,3,19,7,4,0,6.3827,2871.9645
B0013558,94.1553,21,120.0,3.127,3,9,9,3,0,6.5874,4325.6313
B0015057,53.6958,17,1966.8937,14.9156,1,7,8,4,0,5.3966,2271.2394
B0022378,81.1288,28,2540.2454,9.8272,3,20,10,4,1,5.3527,3464.7582
B0001393,51.0804,7,1619.5006,4.5267,1,24,11,3,1,4.8931,3104.6705
B0020427,117.808,31,1275.6974,10.5429,4,6,8,2,0,3.9736,3651.7115
B0007478,77.5933,7,120.0,2.7263,2,13,16,5,1,5.7686,4142.5753
B0014886,45.85,27,1903.9824,12.7192,1,11,8,2,0,5.8198,1829.8806
B0014024,132.9105,17,1909.0398,14.6715,3,23,10,2,1,6.726,4397.7421
B0007328,91.5762,5,2573.296,14.191,3,16,10,4,1,6.6698,4037.1796
B0007274,137.3494,8,3692.7286,18.4495,5,5,2,4,1,5.6815,4275.1224
B0005896,86.9962,21,257.2271,2.8672,3,8,11,4,0,5.0266,4095.5815
B0015076,70.84,15,1895.2135,19.1301,2,12,2,3,0,5.4142,2536.0101
B0006660,57.5755,30,1708.925,6.8894,2,6,9,4,0,5.4017,2412.5304
B0005454,87.8764,21,3554.4339,10.8139,2,3,8,3,0,4.7909,3057.9766
B0003314,154.2153,29,2200.961,17.0522,5,28,8,1,1,5.1106,4347.2682
B0002752,95.3282,29,654.0763,7.1786,2,20,13,3,1,6.4189,4185.5368
B0002968,134.6175,32,958.1892,2.772,4,18,10,2,1,6.0371,4520.9373
B0004302,148.8781,26,3037.1866,16.7127,4,2,6,2,0,5.1857,4003.2241
B0022457,108.9569,6,2399.0292,16.0499,3,3,7,3,0,7.4791,3879.014
B0016428,95.3877,27,2197.6438,24.9549,3,16,7,2,0,4.6627,2767.4771
B0001398,146.2108,32,3188.9344,21.7969,5,7,2,1,0,5.2386,3538.0419
B0014737,98.3207,23,2128.3325,22.0019,3,27,5,4,1,5.2264,3322.5409
B0019053,55.9211,11,1222.7243,7.8433,2,4,9,1,0,7.6388,2950.2359
B0013401,47.839,26,1134.2454,9.2495,2,6,9,3,0,3.0936,1965.9277
B0010883,132.3075,27,2659.1998,19.7221,4,18,5,2,1,5.6764,3426.4678
B0006756,53.1574,10,938.7993,16.1972,1,25,7,3,1,4.1125,2551.2551
B0015764,124.5567,24,3322.0519,13.4439,3,19,6,4,1,6.884,3901.8277
B0002343,38.7532,0,1536.5013,23.4455,1,17,6,3,1,5.617,1923.2749
B0012075,110.6294,11,2355.0183,11.092,3,14,9,2,1,5.7245,4112.7058
B0014123,65.1549,31,120.0,2.5389,2,7,11,2,0,3.6172,2976.8663
B0021998,79.0258,29,1990.8272,10.3772,3,12,5,2,1,4.2797,2733.4996
B0011787,64.6138,26,591.3521,11.4523,3,23,8,1,1,6.0683,2926.0419
B0016994,135.0243,27,990.9295,12.9509,4,2,4,2,0,5.4307,4064.0197
B0020654,58.277,15,4327.7262,19.9021,2,23,4,3,1,4.3798,2568.7987
B0009436,70.299,8,3678.7479,22.6353,2,4,2,3,0,4.4799,2420.8103
B0006432,154.9734,27,2241.0286,8.2671,5,26,8,2,1,6.4433,4667.0893
B0018339,50.1667,21,2433.3858,5.3608,2,24,8,4,1,5.0416,2778.8997
B0014502,136.806,12,2137.0635,15.8271,3,11,8,4,1,4.946,4477.0892
B0007716,76.6283,11,778.8286,6.1797,2,7,12,4,0,5.2602,3521.5604
B0009744,135.4668,28,3642.9072,16.6357,4,9,5,3,1,5.0357,3814.8921
B0014431,141.1023,26,1128.3856,17.2861,5,13,5,3,0,7.8647,4160.5469
B0003064,142.0185,29,3291.953,23.8417,4,11,3,2,1,5.1895,3347.7549
B0021164,145.6702,22,1877.9547,8.6465,4,27,11,1,1,3.9765,4412.3446
B0017194,114.1384,4,2766.3584,12.6637,3,5,2,4,0,7.1265,3976.514
B0003101,124.3366,12,3107.6419,14.6737,4,6,10,4,0,5.0794,4074.0349
B0020142,50.7132,13,2223.6244,8.9417,2,21,10,3,1,4.8893,2667.9899
B0005676,67.4392,32,1279.4129,13.9525,1,23,9,1,1,5.0936,2544.9265
B0015314,148.711,1,770.0536,15.5711,5,8,9,3,1,5.9321,5100.5985
B0022257,124.2693,13,2166.3271,22.0384,3,11,5,3,1,5.7334,3845.7106
B0000149,108.3499,24,1516.1763,8.1639,4,8,11,3,1,7.1219,4044.4504
B0011746,51.1081,30,1600.2885,1.8761,2,17,15,3,1,7.0824,2520.6064
B0012948,102.9134,1,2385.8924,13.8045,2,15,9,4,1,6.3073,4245.8057
B0004102,136.4135,18,120.0,11.2304,4,7,11,3,0,8.2976,5043.3082
B0009402,145.8297,15,120.0,3.1018,4,1,14,2,0,4.5553,5203.3587
B0012743,57.5914,20,922.1289,4.5025,2,22,10,3,1,4.912,3021.3895
B0015650,111.5488,12,3050.8782,14.4282,4,23,8,4,1,5.579,3901.6786
B0021379,67.8585,26,120.0,11.5855,2,4,9,1,0,4.4981,2837.3161
B0009694,67.8567,21,2405.0779,19.3727,2,18,8,4,1,4.2407,2837.9276
B0012737,49.333,5,1931.402,11.769,1,13,7,3,1,5.5827,2566.6048
B0001164,123.6054,18,134.9042,5.2365,4,16,14,2,1,6.91,5101.5188
B0012861,138.7647,17,3698.776,22.5942,4,8,0,3,0,5.846,3752.9869
B0011804,137.6982,7,3401.3689,23.8392,4,4,4,3,0,5.2657,3836.1576
B0010768,70.725,15,2702.8481,20.2115,2,14,6,3,0,3.8762,2597.5441
B0005328,120.2612,27,1893.3416,5.4738,3,21,14,2,1,6.2827,4078.5568
B0001155,44.9386,14,1452.2074,16.1775,2,2,9,1,1,5.373,2015.9802
B0021523,80.6907,0,1412.5084,9.5514,3,22,7,4,1,3.9515,3635.3548
B0021040,67.7914,30,2174.1516,3.9201,2,19,9,2,1,6.0594,2981.8157
B0002910,71.5684,24,2469.9003,18.5076,2,23,4,3,1,4.6085,2866.4436
B0002298,93.3676,4,1815.5887,13.5281,3,4,8,2,0,4.1864,3547.071
B0009319,145.8025,2,733.9354,2.5041,4,6,16,4,1,7.4969,5509.358
B0009348,93.2404,27,2078.3161,8.0646,2,26,11,3,1,6.5868,3801.1685
B0012275,76.9695,19,3269.0915,23.4641,2,27,5,4,1,4.3791,2898.8255
B0021951,124.5445,27,3504.0952,19.4816,4,6,7,4,0,5.5403,3655.8272
B0006374,54.6382,16,2278.593,18.1478,1,19,3,3,1,4.4279,2303.9709
B0002888,42.7318,13,1213.1275,9.0045,1,4,8,3,0,5.9202,2180.9451
B0011254,44.1051,24,120.0,3.5693,1,21,12,3,1,4.5762,2759.8681
B0003066,137.6501,1,2500.7132,19.2237,5,3,4,4,1,5.5195,4441.9511
B0016995,141.2608,12,827.6479,3.1846,4,22,11,4,1,7.5095,5553.4265
B0014076,41.6022,30,1027.4146,7.3051,1,3,10,1,0,6.8396,1809.0591
B0018297,41.1689,2,4125.0613,22.6723,1,21,4,3,1,5.3621,2155.9689
B0017097,143.4595,8,3078.0765,9.5718,4,25,12,4,1,6.712,5057.8081
B0017986,124.8716,17,120.0,3.1034,4,28,12,3,1,7.673,5306.5241
B0003485,60.5418,6,756.8525,3.5044,2,6,14,4,1,5.5964,3528.6636
B0020596,117.7514,27,3161.248,17.9667,5,17,3,3,1,6.2708,3473.1989
B0012472,44.2975,15,3229.3849,22.4475,2,13,5,3,1,4.9398,1876.6505
B0009743,63.7761,10,888.0842,7.0189,2,14,11,2,1,5.3841,3304.9774
B0000689,65.3325,23,1591.7012,10.929,2,15,7,3,1,4.8653,2741.4491
B0012308,154.1544,30,3546.7513,22.251,5,8,3,3,1,5.7735,3833.5348
B0005431,41.0018,7,1044.101,16.4275,2,13,7,2,1,6.4592,2164.9032
B0020399,56.7278,12,1104.8276,6.9089,1,19,12,2,1,4.9097,3038.4136
B0003606,149.2864,10,337.5102,10.1212,5,18,6,3,1,7.2769,5587.6387
B0016451,47.2408,15,2650.8074,13.8998,1,2,9,1,0,5.395,1933.3205
B0000940,138.1911,0,3450.0973,22.8311,4,27,3,4,1,6.9638,4254.2511
B0017723,81.0295,7,1793.8345,16.0098,3,22,7,3,1,4.8705,3597.5754
B0004046,113.9631,7,120.0,7.6518,3,1,14,3,0,5.1279,4760.4045
B0011952,83.2795,11,2446.6831,15.1478,3,28,5,3,1,5.0623,3439.0205
B0020626,35.7898,12,2486.9452,19.5343,1,21,8,3,1,4.0679,2005.585
B0005453,79.9402,5,2602.0122,22.3283,2,9,9,4,1,6.4836,3328.7191
B0013032,136.6815,6,523.1967,5.0331,4,6,12,3,1,6.4467,5253.403
B0003612,35.5793,23,2058.7504,18.3071,1,5,12,1,0,4.8707,1573.9978
B0006279,127.1977,27,2659.9241,22.2533,3,1,5,2,1,6.4403,3367.0324
B0013501,115.3138,0,120.0,4.4643,4,27,11,5,1,6.4842,5545.3228
B0017365,137.7102,1,120.0,6.4128,4,13,8,3,1,7.6083,5361.7445
B0004037,99.5882,2,369.6705,4.3779,3,18,10,2,1,3.4811,4516.8021
B0002838,47.0918,8,2630.4829,18.8981,1,16,9,3,1,3.4272,2148.8008
B0014027,40.4067,25,3072.4466,24.6255,1,3,2,2,0,4.1976,1038.8703
B0020738,36.8118,23,3389.4832,22.3677,1,24,0,2,1,4.1977,1506.1678
B0000907,67.7394,11,1256.7043,6.0191,3,17,16,5,1,6.0097,3569.7272
B0007537,97.1124,25,3052.9536,14.4491,2,28,4,1,1,4.6675,3305.2938
B0003102,143.0889,6,2320.752,18.6853,4,10,7,4,1,8.2433,4609.6707
B0006540,39.0478,3,2069.3811,10.6202,2,26,8,2,1,4.3874,2439.6088
B0011490,48.18,17,2774.99,21.9859,1,5,5,3,0,4.183,1736.0453
B0018693,143.3737,28,1708.4652,7.1316,5,5,10,3,1,5.7079,4431.5617
B0011162,75.601,20,1346.6163,14.5027,2,1,7,4,0,3.934,2948.6694
B0017621,82.392,32,2124.1137,6.1855,2,9,12,2,0,6.4257,3021.7207
B0004313,52.8369,32,1374.5389,9.4885,1,25,7,2,1,4.0493,2276.5771
B0012760,46.5511,26,2645.7661,9.2397,1,12,9,1,1,5.9871,2078.7937
B0014625,89.799,16,2023.5987,14.0291,2,15,8,2,1,5.5635,3515.1738
B0002288,119.153,12,1842.1074,14.9034,4,17,7,5,1,6.2841,4412.4464
B0012608,46.4244,23,2004.0442,5.9693,2,22,8,1,1,4.172,2077.4466
B0016954,134.4448,25,366.6435,12.9387,4,10,7,2,1,5.3272,4242.2007
B0001460,96.0714,29,1174.8164,9.819,2,15,13,1,0,6.2864,3391.1053
B0014896,57.6794,18,1320.0797,15.1715,1,13,6,2,1,7.7201,2325.5047
B0015497,46.2688,13,1114.94,6.778,1,11,12,5,1,5.0743,2749.6868
B0020401,61.9813,30,2149.5932,15.6884,1,6,4,1,0,5.7152,1825.2278
B0000230,37.4273,18,2804.6147,21.4179,2,18,5,2,1,6.3392,1416.6225
B0000315,108.4161,19,234.9311,3.3822,4,22,12,3,1,6.3154,5035.4981
B0017227,100.121,5,1338.2473,7.8008,3,9,15,3,1,5.0976,4449.819
B0013484,115.6641,21,1452.6839,10.5673,4,6,8,2,1,6.8582,4079.9649
B0013990,110.7617,28,2662.5326,10.1988,4,2,9,3,0,4.444,3488.5439
B0005960,69.7955,21,2157.8978,24.8766,2,16,7,1,1,4.5141,2285.3617
B0003352,57.0999,7,3233.0667,21.5101,3,2,5,1,0,5.8086,2258.4298
B0020700,57.2712,31,1575.7445,9.6601,2,11,11,4,1,5.4244,2765.1078
B0021882,131.4149,16,3340.3222,24.9416,4,23,3,3,1,5.1802,3973.8118
B0021661,131.2681,7,3209.6896,18.4796,4,6,4,3,0,5.697,3910.109
B0005764,110.7599,2,2585.1445,17.5771,3,5,7,2,0,5.9265,3645.3138
B0010814,81.2797,14,2762.2362,23.988,3,1,3,4,0,5.262,3108.327
B0011834,37.9006,9,2520.6305,19.9438,1,13,4,2,1,5.3526,1753.9978
B0007991,70.2332,28,3471.729,24.832,1,24,5,2,1,6.1871,2337.1301
B0008419,74.2368,16,1455.4898,13.8451,2,27,7,3,1,5.9025,3282.8255
B0007766,143.066,9,1036.7708,3.4264,5,22,8,3,1,5.9154,5333.2209
B0002180,52.5933,14,326.8183,6.4004,1,19,9,4,1,4.7246,3154.5943
B0018188,141.8527,18,2357.5062,14.2824,4,4,9,4,0,6.1935,4443.4018
B0010449,59.9313,16,2831.2848,19.8576,2,26,3,3,1,4.2573,2320.9387
B0000839,114.9958,9,2241.7692,21.9873,4,26,3,2,1,5.2394,3902.345
B0009950,153.4044,10,3717.1059,15.5613,5,27,4,2,1,5.3417,4533.4314
B0020478,42.286,26,4099.7246,23.1839,2,27,1,4,1,2.7444,1669.1684
B0005253,111.5564,9,1335.8373,9.404,3,26,11,2,1,5.3283,4529.6315
B0004343,111.0902,8,897.7709,1.8187,2,25,12,4,1,6.6098,4847.7467
B0001898,39.6112,10,3398.8422,17.0039,1,1,11,3,0,3.8962,1844.6799
B0013172,131.2771,22,1484.6075,8.7409,4,5,7,1,1,4.1902,4040.3347
B0011266,86.6932,13,2342.665,14.4152,2,3,7,3,0,5.1085,3073.5174
B0002385,59.2453,8,3092.7114,14.3628,2,28,8,3,1,6.0002,2911.4243
B0013186,101.9666,10,2079.7753,14.3191,3,16,8,3,1,6.1638,3613.5805
B0013730,41.031,12,2444.9804,22.659,1,16,1,3,1,3.4902,1725.4571
B0000109,36.253,20,2223.311,7.0697,2,6,8,5,0,6.4232,1996.1896
B0015732,69.0939,2,2249.7109,12.0869,1,24,11,4,1,4.4486,3359.1482
B0006813,105.5927,16,978.1955,7.2414,4,6,12,4,1,6.0434,4265.0255
B0009295,153.6324,19,648.4405,13.1488,5,19,10,3,1,5.6933,5094.0651
B0002606,104.7913,28,757.3365,2.4891,3,17,8,1,1,5.7293,3897.7538
B0009910,112.7752,9,2552.9403,22.3273,3,21,4,3,1,5.0862,3866.7161
B0004897,106.2274,26,1979.9482,17.7818,3,28,8,3,1,6.252,3437.4697
B0008581,36.5139,31,1939.294,12.3945,1,1,9,4,0,5.4327,1577.4011
B0016667,102.2174,4,2321.7174,17.2083,4,10,4,2,1,6.4268,3532.6297
B0003281,107.1648,4,1073.5585,3.329,3,5,11,3,0,6.4264,4399.0644
B0021311,103.7784,32,1494.7884,2.9644,3,5,12,3,0,5.1496,3608.2979
B0016892,112.8523,12,3855.5741,24.4691,3,8,0,3,0,4.2877,3385.1649
B0018013,55.4321,14,1381.4092,2.67,2,28,13,4,1,5.9891,3082.2085
B0016914,133.4178,30,1022.1121,17.5132,5,11,8,3,0,6.6506,4038.4109
B0000202,36.818,24,2917.38,20.5618,1,7,4,2,0,4.6198,1189.1008
B0005983,79.9539,6,1512.3869,6.2153,3,27,14,3,1,7.6952,4001.584
B0017058,128.0875,15,3383.1716,23.3161,4,4,3,5,0,6.8582,3793.6127
B0006808,146.4945,21,601.3211,11.4738,4,12,15,2,1,3.7542,4886.413
B0001533,102.9919,6,1030.4281,13.4037,3,4,8,2,1,5.8694,3995.7159
B0014329,148.2188,32,2718.1469,24.5392,5,10,3,3,0,7.1612,3839.1177
B0015906,115.0809,25,3994.549,23.967,2,28,1,1,1,5.1577,3292.0261
B0006861,153.8013,2,1502.401,8.4602,5,14,9,3,1,7.3715,5138.5326
B0020542,44.9701,21,1514.7595,13.1312,2,8,9,3,1,4.5662,2192.887
B0011182,117.9111,27,253.2105,5.1421,3,1,10,2,0,5.2682,4333.119
B0009634,55.859,19,3191.7894,14.8132,2,17,5,2,1,6.5464,2207.3439
B0009561,44.982,4,2140.9279,18.5786,1,16,6,3,1,4.7618,2184.2931
B0005636,78.5067,2,3329.3114,20.9468,3,18,5,3,1,4.4296,3020.1725
B0019997,128.0544,25,2542.9616,17.1946,4,7,2,1,0,4.4866,3351.7702
B0020420,104.5747,8,120.0,3.834,3,1,13,5,0,5.5189,4820.12
B0003734,151.7633,8,120.0,4.4501,4,18,16,3,1,6.5185,5879.5107
B0018891,62.9246,4,2628.9915,16.5352,2,24,6,5,1,5.0163,2973.2969
B0007879,52.62,12,986.6523,9.6647,1,18,12,2,1,6.4556,2905.2465
B0013004,36.3783,8,2058.4089,15.4445,2,13,6,3,1,5.0745,2032.2216
B0010215,141.8326,11,1435.3173,5.1162,4,16,13,2,1,6.2834,5013.0097
B0020812,119.6468,4,1112.3235,7.9152,4,6,12,1,0,6.9394,4199.8541
B0009339,130.0557,12,992.8021,5.1036,4,9,10,3,0,6.336,4828.0824
B0016683,122.883,11,120.0,2.2548,4,6,11,5,1,5.9429,5575.2933
B0016770,147.9193,14,2669.3277,22.8235,5,18,5,5,1,7.5153,4516.1903
B0014973,107.0173,29,2561.7306,18.2941,3,26,7,1,1,5.3315,3363.4093
B0011541,125.7216,27,2424.593,17.0921,4,4,6,2,0,7.0762,3697.7606
B0016548,103.863,32,3824.22,23.3288,3,6,0,2,0,5.4551,2797.0743
B0011418,72.8462,32,1563.7448,19.5302,3,8,5,2,1,3.9134,2269.8212
B0009041,61.5476,28,580.5787,1.5119,2,2,16,2,0,5.7367,2932.4008
B0022068,105.2447,17,2615.8962,21.8154,4,15,10,2,1,5.1641,3630.7673
B0022331,78.8416,10,1839.9355,13.3719,3,20,7,2,0,4.2846,3098.5223
B0007468,69.7292,11,3408.2912,23.2743,2,8,1,2,1,3.296,2511.2615
B0010629,70.2068,27,1080.9876,1.869,3,2,13,1,0,5.3536,3026.0377
B0004226,99.0895,22,3585.8193,19.9371,2,5,4,2,0,3.3402,3124.7641
B0003257,144.839,22,3247.2674,23.0031,5,20,0,1,1,5.026,3808.0443
B0006197,154.3416,21,2965.5694,23.61,4,1,2,2,0,7.9624,4005.2508
B0017889,43.5759,7,310.2504,8.7251,2,20,10,3,1,5.3301,2883.9862
B0003124,59.9495,24,2682.6466,23.0978,2,2,6,1,0,6.532,2046.8247
B0005039,54.1283,8,989.3619,1.553,2,15,16,2,1,6.4259,3316.0105
B0003934,50.4633,20,1275.5102,4.2252,1,24,11,3,1,4.7787,2813.5441
B0013167,64.3274,19,3873.294,23.5252,2,12,2,4,1,4.0326,2365.9299
B0021467,91.2839,20,1598.1953,4.1909,3,6,11,3,0,4.7844,3534.7044
B0007638,40.4123,0,120.0,8.7424,1,22,11,3,1,4.4173,2845.8855
B0016432,138.724,29,149.2183,8.6342,4,28,13,2,1,5.7742,5235.791
B0019637,91.8892,15,1374.531,2.9093,3,1,12,1,0,5.9925,3729.6708
B0012228,91.2602,29,2632.5226,6.8253,2,12,11,2,1,4.9586,3336.8396
B0009594,83.7207,26,1494.5009,7.2923,2,15,12,3,1,7.4124,3498.5759
B0012157,74.2807,23,3639.2818,24.7755,2,8,1,2,0,4.2129,2083.8211
B0020373,49.7595,3,1064.5557,4.2086,2,24,11,3,1,5.296,2886.3193
B0017495,116.523,28,2048.1027,2.0824,4,17,10,2,1,6.2607,4130.9123
B0004090,95.8894,20,120.0,13.0461,3,25,12,3,1,3.6904,4576.6394
B0019712,130.0917,28,1818.1704,12.2912,3,4,9,1,0,5.5254,3474.6097
B0013744,54.9595,8,3440.3254,23.2314,3,1,2,3,0,6.3553,2276.2377
B0010695,111.1784,2,1240.9485,1.8795,2,1,16,3,0,8.2656,4556.0237
B0012170,45.3245,23,930.822,7.5637,2,27,16,2,1,5.913,2597.9932
B0002737,44.7396,24,3775.098,20.8037,3,25,7,2,1,2.8392,1745.7274
B0020504,108.0585,19,120.0,7.4077,2,6,15,3,1,5.061,4426.8397
B0005415,65.5865,15,3204.9112,22.4148,2,25,6,4,1,4.7385,2736.3498
B0017856,131.7301,16,1427.5688,19.2825,5,6,6,4,1,3.7283,4322.5998
B0011110,86.1318,17,2155.1715,3.9922,2,22,14,3,1,5.9818,3693.2567
B0010152,64.1311,18,607.3785,3.308,2,1,9,3,0,5.3077,3109.6758
B0021888,142.2456,21,2498.8805,13.9778,4,17,11,4,0,5.3485,4407.3771
B0013532,141.3856,32,1753.0303,12.7944,4,21,9,2,1,5.9675,4032.7369
B0018602,103.1477,25,1047.131,19.5809,3,4,3,2,0,5.6186,3208.8198
B0006285,101.7654,26,370.34,12.8657,4,7,10,1,0,6.3107,3798.4068
B0012370,136.3827,5,3009.5444,19.6473,4,17,4,5,1,4.6724,4410.0485
B0000745,100.0189,2,755.7701,10.8585,3,5,6,5,0,6.0822,4196.153
B0015989,52.2087,12,2729.6001,15.5242,2,10,0,3,0,7.5378,2219.0441
B0004355,109.5567,14,2595.2927,24.2795,3,12,5,3,1,3.3208,3448.8694
B0005243,109.9905,1,120.0,9.0949,3,23,10,3,1,6.4134,5028.358
B0013842,145.442,27,2800.7051,15.9268,5,4,5,2,0,4.9188,3908.6854
B0013449,144.1659,28,2675.3195,10.8258,5,24,2,2,1,8.3433,4195.3984
B0013618,88.5465,7,2136.8565,13.5608,2,13,5,4,0,5.8174,3463.8573
B0010330,55.166,5,2275.2207,21.4357,2,17,3,3,1,5.4093,2442.3582
B0016686,134.385,19,1737.5866,10.4902,3,23,7,2,1,7.4737,4393.5337
B0020920,114.3782,15,3666.8892,24.0398,4,18,2,2,1,4.2721,3555.2591
B0005456,118.8674,2,2016.5506,14.3204,4,5,6,4,1,4.8384,4171.1908
B0013179,96.9043,6,3100.1891,12.5534,3,7,5,1,1,6.3251,3447.1801
B0016208,111.3692,22,2315.8322,15.6667,4,24,8,3,1,6.0093,4076.108
B0003535,97.1235,11,3814.922,7.1805,2,1,7,5,0,5.6358,3937.4954
B0014361,98.005,27,2695.8438,21.3347,3,2,5,2,1,6.2955,2942.256
B0009257,88.8186,17,2198.7339,5.4467,2,21,10,2,1,5.1316,3883.1852
B0011825,132.8112,7,2698.9248,21.1114,4,13,1,3,1,6.2365,3963.284
B0001723,60.8423,1,1108.8659,17.0901,2,27,6,3,1,5.4338,2924.7605
B0001504,76.7237,7,3328.6873,23.8248,2,3,3,3,1,5.9875,2905.0809
B0004871,144.4318,11,564.2568,8.1248,5,15,10,3,1,6.3123,5492.2644
B0013443,102.5513,3,120.0,1.8178,2,25,13,4,1,5.2433,5256.5068
B0015725,80.4952,18,587.4787,2.4161,3,28,8,2,1,5.8658,3883.9418
B0005733,98.9016,32,2676.4065,16.6373,3,9,6,2,0,5.0997,2724.7839
B0022144,126.5411,13,2955.809,23.0179,4,19,6,4,1,5.3607,4012.3726
B0002882,130.8473,21,3450.048,19.5411,4,6,5,3,0,5.3461,3548.9303
B0000517,131.2329,22,835.7232,22.1483,4,22,5,2,1,5.1227,4127.7157
B0016783,45.9515,6,1530.2076,15.4338,1,20,4,2,1,3.9041,2236.1475
B0002170,100.1186,5,3231.7687,23.29,3,20,6,3,1,4.2864,3175.8447
B0006981,131.1407,9,1397.6934,16.3252,4,17,6,3,1,6.4876,4333.7249
B0004981,109.4006,30,900.9754,10.2846,2,25,10,3,1,5.1757,3947.7403
B0018112,59.2143,11,819.5183,7.4601,2,18,14,2,1,4.0545,3322.6732
B0021050,71.2277,26,781.5956,11.2926,2,26,5,3,1,4.5644,2986.9126
B0021105,54.8882,15,1867.2303,7.1481,2,7,11,3,0,4.7643,2612.2701
B0015465,94.6924,21,2746.9981,20.5581,2,8,2,4,1,3.4363,3081.2794
B0005497,69.6756,17,4500.4101,24.2759,3,1,7,3,1,3.3815,2399.2677
B0007601,117.7186,16,120.0,1.9321,4,13,12,4,0,5.6443,5211.0548
B0016116,94.1988,1,2294.1722,14.4077,2,25,9,4,1,4.7758,3945.4633
B0007908,154.5951,30,2763.8187,20.9902,5,11,1,2,0,7.2865,3735.8288
B0001269,101.9399,21,120.0,2.6374,1,21,15,3,1,6.2069,4459.7551
B0015391,147.7211,23,1587.3956,7.7792,5,2,10,1,0,6.6275,4573.2095
B0011012,124.5455,7,2012.3651,14.9486,3,12,8,2,1,5.5035,4025.7232
B0019853,122.195,16,1603.2418,16.6538,4,1,8,2,0,5.0443,3926.5024
B0011552,130.0533,25,2154.1657,5.981,4,27,9,2,1,6.9994,4618.5824
B0011074,86.9705,21,1880.5207,8.0936,3,26,10,3,1,6.3955,3622.4271
B0012697,128.7026,26,1166.0102,1.6052,4,10,10,1,1,6.5663,4330.1884
B0012417,122.4035,14,905.9622,7.9709,4,17,11,3,1,5.7233,4707.5635
B0013531,125.4828,11,2550.5381,21.3682,3,7,4,3,1,5.4825,3804.3722
B0000641,144.035,11,1471.3386,6.4442,5,8,8,2,0,5.4581,4650.2734
B0018968,53.1102,6,1816.8018,6.548,2,9,13,2,0,6.5532,2920.1839
B0003486,104.0165,3,120.0,6.0189,2,8,10,1,1,7.1682,4604.9157
B0006874,94.4063,23,120.0,1.8545,2,23,16,3,1,6.6704,4451.8905
B0020238,87.3342,11,2047.9724,16.8542,3,3,5,2,0,5.2557,3173.8234
B0016073,86.4345,20,2389.4937,11.0844,2,13,6,3,1,6.8175,3318.8808
B0000072,107.3554,14,1601.795,6.2094,3,18,12,4,1,6.2379,4400.3651
B0014073,111.8549,6,2307.8446,19.1173,3,26,6,2,1,4.1959,3840.0811
B0005975,44.1224,17,3191.6541,13.2693,1,6,5,4,1,4.6979,2085.5723
B0020303,139.778,6,2416.9551,15.752,5,26,8,3,1,5.9333,4733.4253
B0018475,108.0127,16,1747.7522,16.2533,4,2,6,2,0,6.7702,3436.9362
B0010808,122.9714,6,3348.6324,16.3708,5,5,9,4,0,6.9492,4240.13
B0022312,111.1976,26,2860.2786,16.6337,2,5,4,2,0,6.5248,2956.7161
B0014933,140.9824,6,1989.1307,17.9534,3,18,6,2,1,7.4237,4473.4421
B0016129,104.9598,6,819.3758,5.7922,3,19,13,4,1,4.3984,4614.4007
B0015454,105.8548,30,873.7877,3.2813,3,7,8,2,0,5.7392,3552.2575
B0019651,114.3247,8,2272.9197,13.8813,4,5,9,4,0,5.3478,4221.2303
B0003931,76.7073,23,1106.9899,11.4337,2,7,4,1,0,6.5391,2482.0788
B0016407,122.5175,28,3186.6457,22.8013,3,10,5,2,1,4.5548,3413.5996
B0012363,49.0817,10,3207.1675,15.3967,1,24,3,4,1,4.1571,2179.1362
B0005846,40.4176,7,1090.7485,10.7272,1,24,9,3,1,4.8458,2646.184
B0018370,64.9055,4,255.6941,3.7365,2,21,12,3,1,8.0875,3981.5623
B0020879,49.9443,21,861.4335,4.6537,2,2,14,4,0,5.6199,2737.063
B0020719,103.1065,24,998.5552,12.3725,3,2,9,4,0,4.732,4058.7883
B0016392,76.5343,5,1122.7789,12.3221,2,5,8,3,0,5.4364,3157.6042
B0019475,68.8087,16,3617.2262,14.8094,2,2,9,1,0,4.8773,2385.2385
B0017680,72.0121,14,120.0,13.59,2,6,6,2,0,5.8475,3069.1421
B0004000,78.1869,21,1779.6563,9.4852,2,3,10,4,0,2.8211,3338.4987
B0021420,154.2234,32,2491.7865,20.1063,5,22,4,2,1,6.6105,4152.5335
B0007563,69.4227,24,1914.4156,16.8857,3,13,5,2,1,4.0493,2446.9843
B0011045,45.1251,7,1601.4331,10.6686,2,6,7,3,0,6.0572,2252.3663
B0007250,137.0555,9,559.4251,8.5797,4,5,12,3,1,5.6849,5227.0173
B0007958,53.6339,1,670.9571,5.0842,2,13,10,3,1,2.9648,3313.8567
B0010005,53.2583,15,1052.686,6.1441,2,3,10,4,0,6.0677,2921.8812
B0008496,152.4639,10,3313.4166,23.7669,5,10,0,4,1,4.5786,4640.059
B0004738,133.6568,23,2764.2538,17.6269,3,22,3,1,1,7.011,3807.814
B0007565,144.494,16,1549.5708,9.0184,4,22,3,2,1,4.5168,4656.7488
B0009119,48.2706,30,1802.1528,10.3875,2,4,9,1,0,4.6045,1798.4531
B0022276,151.849,18,3191.0153,16.7838,4,3,3,3,1,6.6647,4284.3908
B0010779,74.514,0,4900.0,22.2325,3,19,4,3,1,7.1308,3055.7087
B0005979,138.3023,2,2005.3348,16.5839,4,3,5,3,0,5.3995,4342.6466
B0019627,74.974,6,1702.0638,16.9799,2,4,8,2,1,5.2348,3198.2792
B0012321,122.0072,31,4900.0,23.162,4,28,1,3,1,4.6624,3435.693
B0012783,70.0737,26,2495.6574,10.5177,2,2,7,1,0,3.4686,2306.4789
B0015609,46.2918,21,1174.6302,3.7407,1,18,12,1,1,3.6958,2481.6773
B0005903,107.5826,18,1965.8921,2.0645,3,27,16,5,1,7.4082,4547.8917
B0007952,152.2538,25,1447.8827,12.8659,5,24,9,3,1,5.7162,4812.6331
B0020863,69.5606,14,1701.4471,6.4103,2,11,9,3,0,6.3605,3227.6449
B0011671,36.2727,5,897.1639,10.9868,1,9,11,3,1,6.4374,2414.7746
B0005739,100.5693,28,1550.9691,10.9553,3,9,7,1,1,5.2423,3203.6834
B0009470,47.3722,20,1447.8155,6.3011,1,9,12,2,1,5.6488,2348.8637
B0016372,139.1024,25,2387.8722,20.7861,3,3,4,1,0,7.5966,3600.5001
B0012663,134.2393,20,120.0,2.8604,4,13,16,4,1,4.5408,5688.4679
B0005280,40.9177,8,3037.7435,22.9479,1,23,4,4,1,6.4236,1723.6774
B0018688,129.8229,25,3913.7836,24.5408,4,10,1,1,1,4.4358,3389.714
B0002889,69.4357,29,2632.831,13.9384,3,7,4,1,0,6.4045,2246.7806
B0008137,104.6559,30,2348.0973,11.0196,4,14,8,2,1,6.1086,3367.8327
B0003622,142.1904,22,4414.3341,21.3318,4,3,5,2,0,5.721,3697.2311
B0000467,113.8509,13,1816.4782,24.4162,5,3,3,4,0,4.9597,3730.8847
B0005740,64.715,13,4482.002,23.5848,3,27,1,2,1,5.5191,2682.2143
B0002570,105.4441,17,953.9322,7.8837,4,3,13,3,1,5.6356,4265.8772
B0002395,100.7852,22,2560.4917,10.5039,3,6,7,4,0,4.6067,3503.7156
B0001487,49.8892,32,2667.0593,24.5357,2,11,1,1,1,4.0948,1285.3772
B0014872,50.4357,30,2344.4333,18.0489,1,20,5,3,1,6.986,1739.5303
B0019748,73.9572,13,2089.3793,8.9991,3,1,10,3,0,6.3256,3400.5374
B0020246,125.9744,20,2805.9042,19.9596,3,25,5,2,1,5.1888,3879.7744
B0014266,38.3957,14,3166.3211,23.2687,1,7,7,2,1,3.1936,1486.2726
B0003076,123.422,23,841.9976,18.5744,4,1,10,3,0,6.8044,4162.2079
B0015795,84.92,7,880.9082,16.4707,2,8,11,5,0,6.7911,3829.5923
B0017574,124.6213,13,1707.2634,9.1508,3,28,9,1,1,4.9261,4576.6961
B0002381,112.4813,15,1221.635,2.3137,3,22,13,2,1,6.1928,4644.759
B0012614,62.0066,0,120.0,2.6022,2,8,14,4,0,4.771,3749.2062
B0009320,139.849,19,2489.4849,23.0304,5,10,2,2,1,6.7717,3974.8781
B0018925,142.1451,32,4113.768,24.2284,5,11,2,2,0,5.8741,3478.9454
B0021809,65.61,21,1377.3379,8.2797,2,18,10,3,1,5.0268,3115.8075
B0003599,57.794,6,3885.5702,23.1433,2,3,3,3,1,5.7278,2318.0563
B0021032,141.8953,28,2185.1899,17.4728,4,7,6,2,1,5.7599,3792.1751
B0018257,110.7869,31,2362.6255,16.1535,3,25,8,3,1,6.2667,3701.4822
B0000142,56.8891,31,1139.9133,5.1897,2,22,10,3,0,7.7762,2363.9462
B0012721,35.7317,13,1512.3923,3.653,2,19,13,1,1,5.5421,2530.1487
B0000323,144.4035,15,2542.7059,9.6104,5,13,10,3,0,5.4651,4526.8849
B0009928,93.4332,11,1222.6797,2.4365,3,9,11,2,1,5.6082,3921.1369
B0012274,42.5776,9,3342.0368,18.6504,2,10,3,2,1,4.6152,1901.6871
B0017138,142.0597,10,120.0,5.5001,4,16,7,3,1,5.8312,5517.6612
B0006967,104.1695,13,4242.2155,17.9067,3,20,3,3,1,3.72,3423.1588
B0018399,135.9458,0,220.6327,8.7583,4,2,13,3,1,6.2899,5282.8182
B0002322,97.5086,32,3932.7785,21.4031,2,10,4,1,0,5.8152,2531.1407
B0008403,74.9537,25,3535.0339,24.1946,2,14,5,2,0,6.0299,2133.0431
B0017988,78.7561,9,1993.8518,3.233,3,2,9,2,0,8.0145,3428.9065
B0020222,142.5679,28,1744.2414,5.064,4,21,9,2,1,6.0819,4561.8905
B0000372,126.0718,18,1913.6713,5.6343,3,25,12,2,1,6.0914,4722.0473
B0011172,64.0911,27,1687.9325,9.031,1,13,9,1,1,5.0533,2547.2638
B0002719,101.6488,9,452.8454,16.8778,4,15,9,3,1,4.9491,4218.2539
B0021588,92.3849,26,2662.4898,24.7506,3,5,1,2,0,4.7996,2850.4769
B0017522,37.7296,16,930.4127,2.9085,1,22,10,2,1,6.8868,2456.1803
B0007718,98.6196,28,810.5734,8.455,2,19,8,2,1,8.2795,3705.2487
B0004845,53.499,25,2385.1083,15.91,1,18,6,1,1,5.2461,1860.8429
B0014960,73.3113,21,430.8697,7.8907,3,12,6,1,0,3.8199,3017.2406
B0021774,74.714,16,1111.1378,3.1084,2,14,11,3,0,6.825,3389.5949
B0015013,66.3159,8,2253.4305,6.0589,2,3,7,3,0,3.9082,2906.9697
B0014407,61.8135,27,3112.1556,14.8048,2,28,9,4,1,4.6761,2695.4672
B0007358,97.0455,32,2039.9328,13.6648,3,28,12,2,1,3.5442,3381.7544
B0001609,101.7104,3,1866.0539,22.0992,3,4,5,4,0,5.7721,3794.6947
B0017713,49.0637,20,1454.2476,15.4466,1,10,6,1,1,5.2218,1927.1394
B0002874,124.2375,27,2190.3183,5.3561,4,18,13,3,1,5.852,4221.4568
B0007979,144.2097,30,120.0,2.6978,5,5,10,1,0,7.73,5235.0546
B0005603,105.8562,30,3231.0918,22.4919,4,11,5,4,0,4.8883,2852.0711
B0011100,109.0975,4,120.0,2.1249,4,28,14,4,1,7.1174,5306.806
B0021985,126.2439,2,1805.7929,7.444,4,13,10,2,1,5.7397,4624.3232
B0009922,44.1468,7,2929.0787,24.2968,1,27,7,4,1,5.0442,2099.5957
B0015852,118.6941,6,2737.8046,13.4627,4,15,4,4,1,6.2911,4035.1273
B0016529,86.8323,0,2313.2146,12.0146,3,22,9,2,1,6.0457,3626.19
B0002174,42.8165,4,1907.7563,16.3306,2,11,5,2,1,5.5458,2058.0125
B0017002,132.1647,9,2750.2878,24.7767,4,22,2,2,1,5.4107,3835.4528
B0017768,140.2421,13,463.0279,2.3795,4,27,10,2,1,5.4517,5505.1868
B0004924,130.2672,14,1763.4833,7.909,4,4,7,3,0,5.7204,4151.2288
B0011674,64.7628,19,698.7828,3.5729,2,15,9,4,1,6.8725,3174.1645
B0003390,146.3175,16,1696.1715,16.6373,3,2,9,2,0,5.7591,4137.9633
B0018210,91.1756,7,2365.9486,17.5493,2,28,11,1,1,5.5414,3655.541
B0005194,42.7585,26,1120.9606,6.5878,1,25,10,3,1,4.743,2491.9605
B0014953,89.333,2,3266.8372,15.1381,3,24,3,3,1,3.674,3386.3704
B0014322,115.0351,10,1783.6604,18.62,4,28,8,1,1,6.0211,4027.5048
B0021701,138.3786,21,3506.0663,20.895,4,2,4,2,0,6.5359,3688.5995
B0018174,129.9156,25,120.0,2.8863,3,15,8,3,0,7.0782,4611.8255
B0015312,87.3322,12,1628.7803,7.0632,2,16,11,4,1,5.1267,3783.188
B0012453,140.1449,24,1659.1691,4.3965,4,10,11,5,1,6.0824,4720.7306
B0000197,86.4184,28,4900.0,23.7228,3,22,2,3,1,4.721,2512.7445
B0001975,99.0852,32,1785.9034,7.8963,3,21,9,2,1,6.7461,3540.1553
B0014288,92.5602,3,1937.0146,10.1929,3,4,6,3,0,4.7372,3515.1171
B0015259,123.0479,14,120.0,2.5598,3,21,12,3,1,6.0706,5198.8618
B0006193,47.8921,31,2129.6534,7.1294,1,12,9,3,1,4.977,2103.033
B0015492,140.8308,27,1137.4482,6.6726,4,16,9,3,0,3.9044,4291.6387
B0015333,143.836,26,120.0,4.6754,4,20,13,3,1,5.9799,5576.0615
B0004691,105.3025,26,120.0,1.6514,3,12,8,3,1,7.2727,4292.7196
B0017291,44.9489,31,120.0,10.8521,1,11,9,3,1,4.4745,2221.6228
B0018996,116.1871,16,1719.2856,15.8931,3,3,2,3,0,6.8361,3674.707
B0021986,37.818,25,2715.3254,9.0285,1,1,9,1,0,4.1963,1582.6042
B0020330,54.454,26,1362.3298,5.5056,2,23,12,2,1,5.6719,2645.6477
B0009994,133.1034,20,2300.403,18.1945,4,8,7,4,1,5.822,4091.1253
B0014792,93.6097,13,2555.7857,15.8005,2,3,8,2,0,6.0975,3371.825
B0005204,82.5267,7,1186.7653,5.1666,2,5,8,1,0,4.851,3360.3201
B0017417,102.9496,9,652.6859,11.4816,2,10,5,3,1,3.7955,3785.3157
B0012549,78.3543,11,3795.3846,20.5511,2,16,6,4,1,4.2676,2940.5071
B0013359,62.0907,11,1716.827,2.1435,2,3,14,5,1,6.5181,3352.2584
B0009494,118.0071,28,1259.2548,9.5007,3,1,8,2,0,5.4574,3584.9727
B0000359,48.1453,7,120.0,4.9907,1,9,13,2,1,5.4422,3024.2921
B0002355,56.0136,16,1434.2666,15.4605,1,11,5,2,1,3.7928,2271.9904
B0021649,138.6568,22,3630.2765,20.5984,4,26,3,2,1,5.4536,3939.1772
B0011652,50.3798,16,1902.8568,14.2388,1,13,8,4,1,3.4478,2165.7628
B0022053,117.653,21,2277.9744,4.6437,3,10,10,3,0,6.4244,3932.7924
B0007189,36.0536,12,783.8663,3.8186,1,7,16,3,1,4.9375,2522.0106
B0019369,84.9347,21,4541.4816,22.3913,4,4,1,3,0,5.9335,2824.5662
B0016075,35.6556,27,878.5606,11.2364,2,1,7,3,0,4.4057,1496.9559
B0018389,115.9529,9,3268.8316,18.1321,4,26,8,5,1,3.9168,4095.3224
B0018615,145.4989,19,120.0,2.9604,4,14,9,3,1,7.039,5615.1841
B0014186,103.4732,26,1014.3173,6.4808,2,13,13,1,1,5.2148,3748.6981
B0010642,61.7244,26,1362.3112,12.3062,2,11,7,3,0,5.2878,2303.489
B0001851,144.4675,27,2770.6112,9.1545,4,18,4,3,1,4.8331,4154.5132
B0015003,134.5064,27,3335.7127,23.5846,4,1,0,4,0,7.0087,3735.7077
B0014931,57.8224,31,1445.8179,12.2811,1,5,10,3,0,4.5454,2177.716
B0019752,115.0776,11,3587.4211,24.2118,4,23,6,3,1,5.3803,3820.948
B0016613,41.6552,14,695.8878,18.4588,1,13,8,3,1,2.9693,2025.6319
B0012486,50.751,24,951.6346,11.3695,2,14,8,4,1,7.1934,2511.9553
B0017282,121.5229,16,1403.4771,2.607,3,4,12,3,0,5.8217,4365.1947
B0002095,86.586,10,1602.8405,13.3041,3,18,8,3,1,6.3821,3855.7555
B0013808,88.7323,5,2046.6462,7.3397,3,1,8,5,0,4.1764,3917.9144
B0019683,71.0783,1,1929.4856,5.2167,2,5,10,5,0,3.4031,3339.3381
B0013427,58.8312,7,3319.5546,24.1833,3,13,1,3,1,4.2027,2580.0185
B0019846,92.7062,17,3069.4122,22.6285,3,5,3,3,0,5.9122,2870.5838
B0004230,64.6447,9,3143.1866,17.1987,1,7,9,3,1,6.9557,2740.7957
B0014626,139.1831,19,4082.7171,14.3909,3,8,6,2,0,5.2226,3576.0106
B0008165,60.7869,4,3059.2202,15.7676,2,13,7,2,1,5.7467,2837.1457
B0004166,129.0072,23,2013.7583,2.6694,4,5,16,2,0,7.3468,4167.3565
B0019481,43.6251,17,919.7323,20.9102,1,2,9,3,0,5.5671,2363.5166
B0020225,130.1893,17,170.9905,4.6314,3,4,13,3,0,6.3384,5151.2322
B0020366,58.5695,9,2127.6168,23.8571,2,23,2,1,1,4.969,2359.5145
B0006161,58.8032,25,1704.3451,8.7281,2,16,8,3,1,4.8323,2714.8649
B0017324,83.8365,17,781.8715,2.1278,3,12,13,2,1,7.2726,3807.2033
B0010453,70.547,19,717.8252,7.8191,2,15,12,4,1,4.2126,3295.9074
B0010688,97.978,16,3712.627,22.85,4,24,7,3,1,4.8882,3408.7762
B0020271,110.1961,28,1192.0409,11.4763,4,20,6,4,1,7.4271,4089.8602
B0003398,130.2184,2,347.3602,5.6899,4,3,8,3,0,6.1686,5120.8245
B0000079,129.3031,14,1022.0385,18.1667,4,2,4,3,0,5.5148,4161.1614
B0013399,108.6095,0,2670.7605,19.1817,3,4,4,4,1,6.7254,3665.3516
B0017383,55.4683,2,1720.1407,8.6918,2,14,10,3,0,5.3791,2775.801
B0010278,132.9648,26,1768.5204,20.9449,5,2,6,1,0,3.9586,3543.0909
B0000591,54.8513,12,2466.4063,14.4253,2,5,5,3,1,4.4549,2435.1762
B0015033,40.4264,26,120.0,3.8371,1,14,13,1,1,6.0328,2442.2599
B0002117,135.6346,23,2019.6825,6.2726,5,3,12,3,0,7.6509,4415.182
B0000434,118.0647,31,650.0395,7.7879,4,7,8,2,0,6.8796,3886.6954
B0014151,146.3745,13,1593.0036,5.3199,4,4,11,2,1,5.5969,4864.2674
B0008612,38.4301,25,593.3604,2.4982,2,23,15,2,1,3.9468,2442.5309
B0000817,111.9668,10,2495.4052,18.3101,3,5,7,2,1,4.9937,3652.0186
B0021726,154.4872,18,284.2788,4.5575,5,3,9,2,0,5.207,5374.0085
B0019782,152.8189,25,1439.316,11.5261,4,5,8,1,0,5.6968,4415.1711
B0003766,102.3432,14,4106.776,24.8246,3,19,1,1,1,3.5532,3347.5064
B0019726,45.3308,4,1449.4317,10.4723,2,18,8,2,1,5.7082,2454.6425
B0014557,140.6964,20,565.4979,6.41,5,1,11,3,0,4.7554,4909.2588
B0005432,92.1313,6,630.9884,2.3832,3,14,11,4,1,4.3509,4399.1306
B0001024,100.8967,0,1320.3512,14.3439,3,17,7,5,1,4.4592,4071.3761
B0008271,59.2592,20,3912.6404,24.7863,1,6,5,2,0,3.2056,1966.2456
B0013491,138.9232,6,120.0,8.7433,5,2,9,2,1,5.3257,5421.5263
B0019363,38.2915,20,1983.8306,13.1805,1,16,6,3,1,5.2911,1856.8788
B0001481,148.22,27,4718.1967,24.8927,5,16,0,5,1,5.9322,3756.4867
B0001273,65.1367,25,1789.9106,6.7147,1,5,7,2,0,6.041,2441.6846
B0021792,55.9636,5,4167.6443,17.4712,2,4,8,4,1,6.7157,2646.6316
B0017509,144.4199,16,1544.3724,5.9007,5,8,15,4,1,6.2644,5064.3348
B0010601,55.7948,27,3372.5465,11.4468,2,10,8,2,0,7.3098,2167.0498
B0013989,68.984,22,3200.3856,22.2846,1,3,10,3,0,5.3237,2493.4819
B0019830,90.9596,22,1166.1857,16.5134,3,2,5,2,0,6.5435,3178.4314
B0014126,72.4937,25,3972.0564,21.5128,2,8,3,2,0,5.2641,2152.7721
B0017209,128.9259,12,3777.2268,23.4009,5,21,0,2,1,5.8955,4081.2886
B0010901,131.7469,28,3390.7856,24.7577,4,6,0,1,0,7.0217,3232.2591
B0000144,67.6254,8,3624.8698,24.3713,3,22,3,4,1,5.1282,2925.7474
B0001798,151.23,18,1266.2022,9.7011,5,7,12,2,0,6.5032,4677.2007
B0004953,139.4736,13,2386.2382,15.3686,4,6,10,4,1,5.16,4404.5414
B0007457,55.7059,8,1799.0666,2.8326,2,22,15,5,1,5.0384,3487.87
B0012627,80.1035,7,1623.448,1.7449,2,24,13,1,1,5.4258,3755.92
B0022305,70.4754,22,4546.8955,20.5263,2,1,2,1,0,5.9768,2141.2301
B0021364,67.3603,13,2079.3252,15.4053,2,19,5,2,1,5.2401,2786.4819
B0010131,51.2505,3,3415.8266,11.3817,1,5,8,4,0,6.2009,2560.7365
B0002411,96.046,8,1875.8465,11.5259,3,1,6,3,0,6.5093,3796.5084
B0016023,120.4437,9,2145.3416,9.4538,4,6,11,2,0,7.1612,4308.7808
B0012354,51.7685,7,1534.6287,5.4349,2,12,13,2,1,4.9079,2923.9907
B0001159,127.0978,32,2696.4449,15.8548,4,10,8,2,0,5.4009,3308.2524
B0014553,70.3008,21,381.6603,10.7525,2,10,9,3,0,6.0461,3171.9799
B0013487,71.0056,18,1331.2965,7.603,2,2,10,4,1,4.3116,3243.6527
B0006801,143.5997,0,2879.8058,21.7456,5,2,5,4,0,7.7578,4370.4642
B0010609,120.455,20,767.7805,7.9537,4,3,7,3,0,5.5045,4274.2904
B0018139,86.4003,19,3621.2259,20.2146,3,11,2,4,0,4.673,2767.3319
B0008068,98.3189,24,2028.713,24.0038,3,25,3,4,1,5.6695,3309.5012
B0011682,43.3907,9,2190.9906,18.2728,1,5,3,5,0,6.3977,1906.1883
B0016863,56.2659,14,418.2075,8.9902,1,19,14,3,1,3.401,3180.5344
B0003777,107.6268,21,120.0,1.6835,3,28,11,1,1,5.1282,4570.4122
B0016219,151.6037,23,4071.6393,23.7899,5,18,3,3,1,6.0878,4180.2533
B0018634,116.196,10,4472.2939,24.819,4,16,2,1,1,5.7466,3636.1012
B0011427,101.3344,2,120.0,3.822,2,18,12,2,1,7.167,4703.0014
B0003435,81.22,26,3699.2856,19.1995,3,26,5,3,1,5.2471,3083.7275
B0019887,112.4642,28,1253.909,5.3668,3,5,12,2,0,5.8212,3885.4095
B0009981,94.4141,4,1655.817,10.2076,3,23,8,3,1,4.609,3867.3104
B0019892,111.866,20,2281.1465,12.4619,3,22,9,3,1,5.3017,4082.07
B0007550,138.7474,9,2586.6365,18.0134,4,9,8,4,1,6.4722,4558.3649
B0019954,129.2615,28,1830.2157,18.2849,4,22,4,2,0,4.9404,3206.4066
B0002620,40.0879,31,958.113,9.5749,1,27,9,1,1,6.3023,1810.6499
B0001539,151.6504,4,1290.385,6.9386,4,17,9,2,1,8.6,5351.5704
B0012460,108.7897,16,3010.1597,22.164,3,1,1,2,1,4.7779,3228.5635
B0010674,94.4761,3,2673.2539,18.487,3,15,4,5,1,6.1247,3670.4137
B0002515,76.5879,9,2948.2046,20.1645,3,4,7,5,0,4.7256,2863.2134
B0012262,139.3258,28,1548.7147,15.7652,5,20,4,2,1,4.7671,3997.1124
B0006072,65.416,18,3154.1274,15.9131,2,3,3,4,0,5.5105,2541.0156
B0014749,76.4259,31,2767.0003,16.5749,3,8,6,3,0,5.3788,2325.555
B0011460,150.0104,8,120.0,2.6194,4,19,14,5,1,6.2286,6294.5573
B0008389,123.8452,19,2600.9928,21.0775,3,18,3,3,1,7.6,3937.2739
B0011072,105.167,16,2792.0034,10.7196,3,10,10,3,0,6.8217,3997.9917
B0003890,36.5318,18,782.6814,18.7251,2,12,5,2,0,5.2987,1459.7637
B0001182,58.7489,4,2080.7883,9.0137,1,8,12,4,1,5.2809,3212.3357
B0002016,78.1445,23,1281.5326,14.307,3,28,9,2,1,5.1223,3292.4122
B0002243,131.3919,0,3985.4462,23.9448,3,22,4,4,1,4.4335,4013.9991
B0011901,101.5239,14,2590.6141,21.5958,3,16,1,2,1,5.2183,3490.4631
B0002935,100.1833,3,474.4635,8.914,3,28,11,3,1,6.3371,4679.592
B0012700,52.0361,13,2782.7974,12.7188,2,1,10,5,0,5.3104,2671.7599
B0000524,102.9032,1,1027.7777,3.0748,3,14,13,4,1,6.9157,4796.2531
B0021556,56.759,7,3231.2499,23.9717,2,16,3,3,1,5.6837,2211.525
B0004477,131.3665,28,1264.3185,9.0261,4,14,14,1,0,3.1892,3985.474
B0018890,65.1371,23,2140.3284,9.2146,1,8,13,2,0,6.1068,2575.1622
B0000341,38.0356,3,1720.5258,13.7601,1,2,11,5,1,6.4139,2372.2128
B0015046,106.1683,24,1562.6622,5.633,3,2,9,2,0,7.0183,3705.6906
B0010176,98.7995,26,2245.4991,15.5513,4,2,8,4,0,7.1753,3532.8755
B0019777,49.7305,23,120.0,9.982,3,1,12,2,0,5.4133,2852.8159
B0005967,138.6434,5,2146.8145,18.554,4,6,7,3,0,6.4522,4233.2282
B0010250,72.2659,9,120.0,2.8695,3,8,11,3,0,5.6251,3800.8081
B0013072,111.2725,29,1906.3786,6.1503,5,5,13,2,0,5.3175,3610.623
B0011219,41.7316,19,1794.0341,9.1483,1,24,8,3,1,5.6132,2255.8593
B0006559,150.6198,32,701.5956,4.1552,4,24,13,2,1,7.14,4979.43
B0018986,40.1465,15,1031.3095,14.6188,2,25,5,3,1,3.2192,1995.5391
B0013877,96.0823,8,2658.7199,19.6424,3,11,7,4,1,4.3829,3492.259
B0003344,68.9795,6,2017.5512,13.3917,2,7,4,3,1,7.4607,2994.8324
B0018218,40.3404,27,1446.5023,5.6126,1,24,7,2,1,3.98,1884.177
B0007011,145.9705,17,1368.7593,4.6635,5,24,8,3,1,5.8388,5101.526
B0020236,84.3443,24,136.3039,17.5986,3,26,9,3,1,5.8364,3829.769
B0001705,101.1081,14,2253.6123,18.4747,3,7,5,4,0,5.1617,3467.5208
B0007271,35.7443,6,2206.2206,21.5733,1,4,4,5,1,4.626,1583.7829
B0018440,132.4388,7,2678.3423,21.4254,5,2,6,4,1,4.0857,4129.1846
B0012696,80.9668,17,850.5932,5.2542,3,25,15,3,1,4.8567,3791.318
B0012715,51.0428,21,2580.6959,24.7615,2,3,6,3,0,5.802,1901.2905
B0010399,109.1284,18,3222.7648,16.5272,4,1,6,4,0,6.1195,3676.3273
B0020551,78.962,24,2485.711,15.1062,3,4,7,3,0,4.8017,2769.1594
B0003566,97.4455,30,500.4905,4.2112,3,27,11,2,1,6.278,4149.785
B0014268,103.8856,18,2619.0234,15.8156,4,8,10,5,1,4.6812,3578.0615
B0009979,138.9365,11,1311.5847,16.8752,4,26,4,3,1,6.3468,4648.7336
B0014142,69.0945,19,3799.2846,17.7737,3,1,5,4,0,3.8503,2634.7506
B0019606,102.5236,0,2812.0194,24.097,3,9,0,2,1,4.6673,3325.1306
B0009217,136.9221,26,1770.7529,19.1703,4,17,3,2,1,3.9502,3891.9044
B0016004,42.3354,5,2323.8777,13.8495,1,6,8,4,0,5.5456,2286.2029
B0013758,77.1945,32,1531.7898,1.8603,3,25,11,1,1,6.6641,3259.0442
B0004007,64.9922,20,1141.2899,19.867,2,2,4,3,0,5.3082,2368.1395
B0009266,142.0208,1,532.8242,8.1584,5,8,7,4,0,6.5158,5172.818
B0007791,38.5876,10,4378.9748,21.1019,1,2,3,2,0,4.6122,1481.1835
B0016511,147.4389,1,597.6867,7.1305,4,24,14,4,1,6.7402,5720.7131
B0008047,87.5908,19,120.0,2.9284,3,16,16,3,1,6.3828,4440.7335
B0008967,145.5585,1,1655.8143,12.2907,5,3,6,4,0,5.7269,4858.8264
B0015325,103.5447,21,1012.3014,4.9501,3,14,14,3,1,4.5306,4143.1204
B0020232,48.227,1,4900.0,24.628,2,10,1,3,1,5.7725,2120.5288
B0007184,95.0848,29,499.5365,10.0259,2,19,10,3,0,6.9505,3674.6812
B0000262,75.3561,2,589.3024,2.3954,3,13,14,4,1,7.0248,3981.503
B0015826,116.2791,14,1955.7808,16.6647,5,11,7,4,1,3.9247,4214.3642
B0006687,121.7757,30,772.0721,7.4809,4,13,11,3,0,6.0524,4301.3749
B0012548,58.5182,7,2678.3944,23.7921,1,21,1,5,1,5.9705,2694.9449
B0013986,97.8106,22,1157.1063,11.8544,4,21,13,2,1,6.7364,3851.7867
B0006653,127.9494,28,1059.9534,15.31,4,5,8,3,0,4.3943,3677.7132
B0002945,55.4453,22,1789.6127,13.7947,2,4,8,2,0,5.7218,2263.9729
B0009940,93.1364,24,120.0,11.8958,3,4,10,3,0,5.7964,3936.0226
B0007130,135.5035,31,3456.0531,22.1433,4,7,8,2,0,5.6954,3646.0158
B0009347,37.5093,28,3272.058,15.477,1,8,4,2,0,4.5054,1133.0932
B0011727,129.9915,28,628.5554,6.7044,4,24,11,1,1,3.4256,4620.6682
B0020432,102.2975,0,948.949,11.3158,3,28,6,5,1,7.2603,4492.6651
B0010611,56.3788,7,3879.9048,11.618,2,16,5,3,1,4.5016,2555.1765
B0014316,94.6756,0,1807.4445,15.8869,2,12,12,4,1,6.6061,4104.8779
B0007159,38.3646,32,892.2996,4.1996,1,5,13,1,0,6.2797,1907.1334
B0015432,62.695,14,449.5993,1.6264,2,28,10,3,1,4.9237,3654.4846
B0021003,131.9502,0,1781.8501,13.7298,4,19,8,4,1,6.5556,4994.9109
B0010437,112.3019,30,1526.2663,14.2682,2,11,8,4,1,7.4825,3599.1448
B0009413,143.9026,17,2838.0093,13.8818,5,3,6,3,1,6.1082,4269.2322
B0016471,102.2788,29,3278.1306,23.2314,3,27,1,3,1,5.7972,3198.9876
B0020498,45.2857,23,1253.3689,9.4203,2,24,8,4,1,5.4351,2530.565
B0014328,136.3677,21,1080.309,1.8769,4,17,11,3,1,7.3811,4973.0272
B0013138,95.0612,23,2607.9528,18.0777,3,16,5,4,1,5.9199,3259.2805
B0021442,111.2418,18,2281.4219,19.828,3,18,7,4,1,3.6049,3791.0616
B0017567,86.253,26,3181.7651,22.5139,3,10,5,2,0,6.7315,2653.3635
B0007057,63.7414,20,2641.3477,18.6584,2,13,4,3,1,4.8894,2471.0408
B0001519,152.2438,23,2198.2617,16.4132,5,2,2,3,0,5.1454,4118.455
B0009862,36.7595,9,2861.8143,20.9863,1,26,3,3,1,5.3043,1771.395
B0021476,89.5723,13,1621.8902,10.8641,2,11,9,3,1,6.5058,3681.1556
B0004280,146.5488,16,2743.8656,23.2755,4,3,4,2,1,4.0645,3938.5094
B0008579,133.1488,11,1197.6164,4.005,5,16,15,4,1,8.3635,5236.3021
B0018554,39.8818,5,1867.9002,11.8537,1,16,9,2,1,4.6127,2310.1853
B0003744,130.2114,6,2421.5883,17.815,5,2,3,3,1,5.04,3971.2318
B0008356,93.8296,1,2015.5933,19.0137,3,20,7,2,1,5.5119,3663.0041
B0015937,85.486,8,2302.9582,13.5784,3,3,11,4,0,4.658,3543.9274
B0020133,45.2429,21,2588.4777,14.3806,2,23,6,1,1,6.2473,1877.687
B0010244,90.1072,6,2324.201,19.6967,3,11,6,3,1,3.6752,3326.4063
B0018587,137.8397,13,1620.3001,2.8038,5,23,14,3,1,6.6994,5124.2518
B0013957,53.1453,15,816.7174,6.0938,2,10,11,3,0,5.6779,2844.9258
B0016643,137.4097,8,1057.09,4.9408,4,13,10,3,1,6.7749,5155.1245
B0019497,48.3843,21,2292.0888,7.2181,1,26,9,1,1,6.8602,2544.4119
B0021042,73.7788,15,2901.5358,24.2471,2,3,5,3,0,6.478,2569.4768
B0013052,37.0076,3,2764.5557,18.7571,2,1,6,5,1,3.6331,1967.7958
B0008608,77.042,26,2574.1328,24.6313,3,24,1,2,1,3.437,2458.6346
B0000228,75.337,9,1803.8882,4.161,3,11,10,4,1,5.7873,3548.7001
B0003434,52.8375,6,2768.4494,24.2316,1,9,3,3,1,4.5758,1850.6619
B0001805,119.0501,16,2644.6128,23.988,4,12,3,2,1,6.8891,3539.4459
B0000953,35.9392,10,2896.3942,11.769,3,17,2,3,1,5.4533,1961.7988
B0005566,52.0138,14,1793.4575,10.6914,2,15,9,3,0,4.7533,2566.5477
B0017447,146.0594,21,1469.2533,4.939,4,1,10,3,0,4.8881,4716.6154
B0002171,117.4992,5,2941.6924,12.4652,4,9,7,3,1,6.1554,4107.7927
B0020176,47.6187,17,1508.8216,2.9297,1,10,10,3,0,4.3414,2520.365
B0004648,120.998,11,1582.3918,8.4144,3,7,12,4,0,4.0354,4650.6773
B0018701,138.4272,9,1609.1592,20.0498,4,5,9,4,0,6.6642,4549.1908
B0016730,122.4954,24,4322.3524,23.8533,4,16,3,3,1,6.8924,3560.2198
B0014986,125.0472,15,1231.5921,3.2805,3,19,13,4,1,6.8774,5094.9057
B0001156,104.3507,6,1585.6519,14.3853,4,21,5,4,1,5.9287,3980.3072
B0003318,132.2453,15,2495.5553,20.2048,4,28,7,2,1,5.4964,4115.3101
B0012722,94.8229,7,506.5636,5.2663,4,7,10,4,1,5.7782,4284.2507
B0016101,127.536,12,2643.7135,14.3462,3,4,5,3,0,4.2194,3806.3449
B0015036,111.5806,19,1651.7876,6.9169,3,2,8,2,0,4.8303,3877.6398
B0013165,88.5345,23,120.0,2.0521,2,25,13,2,1,7.5719,4275.2129
B0017208,131.877,5,2005.8905,10.5187,4,16,11,3,1,5.1349,4711.8077
B0005173,125.0976,22,295.0408,13.558,4,15,12,3,0,7.2749,4615.7497
B0009729,63.3383,10,1418.4805,2.9795,1,10,14,3,1,4.253,3244.8681
B0005509,50.2313,30,1298.5305,11.4894,1,14,10,3,1,5.271,2229.0379
B0002293,139.7348,10,439.3934,4.6648,4,28,12,2,1,6.0537,5484.8752
B0002376,48.0167,17,886.3315,8.8139,1,12,8,3,1,5.0709,2425.7645
B0019661,144.6175,8,805.8033,7.0218,4,1,16,3,0,8.0521,5431.458
B0010091,131.6057,23,3340.3261,15.7955,4,6,8,2,0,5.9789,3922.7396
B0019217,54.4515,22,1846.0414,8.5279,2,6,8,3,0,3.0869,2237.8488
B0008995,39.0777,30,1350.9164,15.7582,1,21,5,2,1,5.2749,1598.0729
B0019822,100.0651,11,1144.4796,14.8112,3,26,3,3,1,4.5181,3778.1548
B0020918,60.3084,20,1522.2419,2.1988,2,3,10,1,1,5.0515,2752.3472
B0004033,105.2395,15,2070.9186,16.3319,4,1,10,3,0,6.8956,3879.5485
B0010596,149.8052,0,1776.5471,12.9335,4,28,7,3,1,6.4198,4941.7827
B0015954,138.8616,23,3218.3949,4.8496,5,14,9,3,1,5.5416,4353.5021
B0006391,102.2977,15,3439.9165,20.4022,2,23,6,1,1,3.6039,3210.9644
B0020263,87.5955,13,935.1903,12.4735,3,4,7,4,1,6.2084,3755.2707
B0015810,76.9154,13,1336.0833,12.0195,2,8,9,2,0,4.9414,3113.8207
B0014964,60.3698,22,668.6436,9.7803,2,2,8,1,0,5.7037,2492.3652
B0020716,138.6269,4,1548.7154,8.9348,4,16,9,3,1,6.7791,4967.5679
B0009693,125.8869,32,3433.3872,22.1552,4,5,1,1,1,4.8325,3049.5601
B0021436,66.4768,21,1318.7293,24.7303,3,26,3,4,1,4.6056,2708.0755
B0019988,109.7688,4,2763.2457,23.4699,4,14,4,3,1,5.6099,3709.6573
B0009596,39.4238,10,1123.2555,15.2313,1,8,8,3,0,4.9802,1884.4756
B0014968,153.5249,25,120.0,8.1892,5,27,12,4,1,7.3073,5918.2554
B0018919,82.2799,11,1017.4205,1.8037,3,26,14,2,1,7.2412,4227.5353
B0012060,128.8949,5,3939.0417,19.1886,4,22,5,1,1,6.7942,3976.7266
B0016055,136.6884,5,1437.0954,9.1085,4,15,9,5,1,7.9937,4891.7357
B0006066,87.6048,20,2604.5701,4.5717,4,13,7,1,1,5.2206,3199.4125
B0009956,115.6219,19,486.3973,15.0465,5,18,6,3,1,5.844,4400.4178
B0021926,104.0076,24,3071.4738,18.5157,3,22,5,3,1,4.8024,3419.3219
B0012840,134.4143,10,1707.7787,10.3901,4,22,9,4,1,4.6109,4673.5452
B0006684,64.708,5,2957.3022,17.1438,1,8,5,3,1,5.3482,2588.4671
B0019083,136.6174,11,2822.8237,11.4295,5,10,7,2,0,6.0649,4263.111
B0011702,49.6943,25,1606.9692,15.6714,2,3,8,4,1,6.3044,2216.2129
B0017694,54.5611,20,4089.514,18.3823,2,19,4,2,1,4.4065,2303.6687
B0019480,81.3185,32,544.9897,3.6772,2,24,13,1,1,5.1156,3570.7028
B0009691,140.0665,30,3230.815,22.4,3,14,2,2,1,6.1743,3358.4324
B0021863,41.4105,7,850.5397,12.899,1,17,5,3,1,3.7011,2465.5699
B0013159,100.1694,30,848.8194,4.7274,3,28,10,2,1,5.6409,4141.0983
B0009599,92.003,9,1265.19,7.4532,3,22,7,3,1,5.5695,3787.7994
B0004044,125.0687,0,2364.6162,21.1684,4,21,1,4,1,5.6447,4217.7406
B0021185,145.4076,3,3292.6389,21.7335,4,18,4,2,1,6.9778,4327.6349
B0022366,120.4403,19,2459.5165,13.6001,4,8,7,1,0,6.0349,3880.7844
B0002709,136.7756,13,120.0,3.6717,4,8,12,4,0,4.9434,5559.8137
B0006759,113.2159,29,4113.9509,21.7572,3,23,3,2,1,3.9042,3154.7254
B0013145,51.0513,9,411.1619,7.847,2,27,12,4,1,3.071,3249.3974
B0011154,118.3654,14,393.7449,6.3318,4,1,10,3,0,5.4016,4523.6964
B0005775,137.5599,10,182.421,8.4315,5,5,12,2,1,6.7706,5384.4393
B0013141,118.4961,11,3287.9437,17.0195,4,17,5,3,1,5.7138,3977.0767
B0001649,80.6624,22,2041.8944,16.0114,2,16,5,3,0,5.0392,2688.6186
B0018962,122.9934,0,1694.4168,8.226,5,20,10,2,1,7.4268,4576.7166
B0003984,101.4263,27,1842.79,9.2326,4,25,9,2,1,5.5972,3664.616
B0007688,139.3045,10,1233.0591,10.789,4,19,7,2,0,6.2886,4292.1764
B0018428,47.9575,8,1733.2707,10.0893,1,1,8,5,0,4.9295,2592.9568
B0005759,52.7094,20,3772.547,19.2154,1,20,6,3,1,3.5979,2200.2889
B0012139,139.5969,3,1552.3697,23.835,4,1,6,2,0,5.0318,4072.6466
B0017189,100.8674,20,4106.9424,19.7317,3,2,7,3,0,5.2591,3300.1364
B0012503,147.2945,21,1492.2011,2.1886,5,22,15,1,1,5.3548,4859.065
B0017672,93.5418,23,3503.5571,21.4784,3,23,2,3,1,4.3408,3079.1789
B0018062,101.2462,18,1375.371,10.5562,3,1,13,4,0,4.9032,4112.1629
B0007137,139.9871,24,1925.7211,11.061,4,24,14,1,1,7.4735,4647.1583
B0012223,82.1331,25,4039.7492,22.7219,3,28,2,2,1,3.0326,2734.2599
B0009236,127.5281,7,505.4075,6.0807,3,6,11,5,0,6.6745,5189.3895
B0004385,83.2732,18,3151.9835,17.5471,2,18,6,2,1,4.0942,2905.254
B0000912,133.1107,7,2662.3007,19.4463,5,9,2,3,0,4.7984,3992.915
B0006463,146.7324,5,1252.1005,12.1507,5,9,10,3,1,6.3623,5155.7162
B0021785,77.8957,9,120.0,6.9741,2,19,10,2,1,5.5017,4182.0601
B0003195,75.7477,0,1745.2043,15.2146,2,17,2,3,1,6.8995,3157.2848
B0003849,49.3837,29,4178.1388,23.7224,1,23,3,1,1,4.4602,1529.0708
B0005345,96.5756,28,2623.3078,20.2887,2,2,3,2,0,5.9511,2677.6693
B0020067,71.4881,5,4144.8756,24.1877,1,20,0,3,1,4.4688,2808.8028
B0010094,65.0513,17,1142.8374,4.5469,2,2,12,3,0,7.622,3264.9684
B0015744,142.9166,13,1327.0495,5.5463,4,12,13,1,1,5.8797,5032.1757
B0016949,87.9851,6,2326.2332,24.1751,4,18,4,4,1,4.9225,3172.8538
B0021115,79.3048,25,2158.4701,20.591,2,16,4,4,1,4.6413,2915.2676
B0008752,74.1132,26,1475.2367,10.9688,2,17,4,3,1,5.4411,2750.2446
B0020640,47.4859,13,1899.871,20.9574,2,22,4,4,1,5.1142,2044.9987
B0004840,104.8685,18,916.5217,4.7679,3,5,11,2,0,3.5312,3947.5927
B0014317,49.0732,20,595.8628,1.8903,1,8,12,3,0,4.1322,2702.2961
B0003105,135.9001,23,980.8189,15.1257,4,4,8,1,1,6.1457,4080.9693
B0017223,154.4015,13,1246.5135,5.3203,5,28,7,4,1,6.8453,5379.0532
B0007223,106.0227,26,1840.6435,8.504,3,7,11,1,0,6.6009,3446.917
B0017566,136.1468,7,120.0,7.4876,3,2,10,4,1,7.3396,5389.3229
B0008360,84.7105,27,1930.9886,13.2488,3,3,8,4,0,6.0998,3193.1553
B0004803,124.9869,24,2229.0965,13.9512,4,27,8,3,1,6.5229,4149.6843
B0007040,140.5308,17,4101.1707,15.0663,4,7,5,5,0,5.1402,4164.041
B0016391,71.7561,14,2137.1371,12.2003,3,24,8,4,1,6.6561,3368.9347
B0019128,120.8158,6,2244.0157,10.5162,4,22,3,4,1,4.6933,4352.8415
B0000681,124.6591,29,749.4078,3.3415,4,15,9,3,0,5.7151,4302.7631
B0000667,93.8609,8,4289.9554,23.2337,2,6,0,3,0,6.2018,3090.276
B0020865,144.4213,25,2379.3242,2.1468,4,16,10,3,1,4.4411,4409.86
B0022048,74.6616,22,173.1776,1.9567,2,7,14,3,0,5.72,3651.5062
B0012396,148.8695,26,3002.9341,19.1569,5,18,6,2,1,4.5858,3922.5088
B0016827,130.872,26,2076.1475,11.6036,5,14,9,3,1,5.3167,4498.2648
B0020425,111.5196,1,120.0,3.407,3,21,9,2,1,5.7102,5098.5437
B0010398,152.6414,16,335.4696,6.7504,4,9,8,4,1,5.002,5607.6686
B0013919,137.2689,3,1438.6741,16.5648,4,2,8,2,0,6.2761,4432.4591
B0017916,38.6661,10,2701.3219,10.0723,1,10,5,4,0,4.392,2013.2931
B0007483,78.7615,22,1189.2192,8.7023,2,24,11,4,1,7.1632,3594.5322
B0013424,44.1848,22,1209.9562,17.2268,2,3,7,2,0,5.5421,1586.2545
B0000854,36.2316,28,314.2771,2.8183,1,25,14,3,1,4.507,2257.7868
B0006736,98.6889,9,3378.2343,17.5139,3,10,4,3,1,4.6145,3366.3243
B0013410,57.5725,20,3757.11,21.8569,2,2,4,2,0,3.4437,1898.696
B0022141,114.0257,17,3015.638,20.0257,3,20,2,2,1,7.6849,3469.6955
B0004991,120.3672,32,2360.1925,19.1328,4,15,3,3,1,6.7136,3431.9309
B0017805,143.326,3,502.1705,12.0818,5,6,11,3,0,3.3692,5214.2544
B0006223,109.596,6,1787.6223,3.2803,3,6,11,4,1,3.5062,4323.585
B0013115,137.7912,16,1804.6237,19.7155,5,20,8,2,1,6.6369,4521.4929
B0013128,119.2475,16,1539.1911,8.9885,3,1,9,3,0,5.784,4155.1794
B0001768,97.7218,11,2061.9964,2.9285,3,6,12,3,0,6.0754,4195.0168
B0013630,143.7573,24,2911.7403,16.0996,5,6,7,3,0,6.7962,4254.9623
B0018248,50.5416,12,358.4171,4.2485,1,20,11,2,1,5.7283,3110.5464
B0020960,118.9155,0,710.092,12.4755,3,9,12,2,1,6.2693,4622.4461
B0002054,124.31,31,1187.5441,3.5764,3,6,14,1,0,7.7688,4062.5888
B0020761,98.0298,8,1153.6553,4.3742,3,1,9,2,0,3.7771,3968.4422
B0003348,89.608,6,1434.3019,1.766,2,11,12,4,1,5.9092,3977.8305
B0016729,96.3668,27,2987.9321,24.2652,3,8,0,2,1,4.2884,2528.611
B0018441,81.3229,5,1228.2455,3.9352,3,19,10,4,1,5.7832,4122.8407
B0004113,46.4175,3,645.5023,10.789,1,12,9,4,0,6.8647,2678.8433
B0007855,115.4974,27,3197.2194,22.4088,3,10,7,2,0,6.61,3133.8548
B0010492,41.8764,15,1766.4983,6.6551,1,13,13,3,1,7.1589,2443.8656
B0018815,142.463,32,1362.4704,11.8838,4,27,10,3,1,5.7608,4530.9127
B0005672,127.902,0,1769.9259,3.8029,4,4,9,4,0,6.0397,4716.6789
B0019514,59.4016,5,1269.3243,14.7448,2,17,7,4,1,4.8691,3217.653
B0018743,83.8639,12,2763.9755,16.6799,3,12,6,1,0,5.3767,2850.6901
B0002450,117.7501,22,3433.1779,23.3,3,8,3,4,0,6.6328,3387.5931
B0004066,47.4097,2,977.9698,2.1597,2,19,13,2,1,6.9134,3062.6917
B0021398,71.5985,32,2610.4195,19.7613,2,9,5,2,0,5.7765,2075.5919
B0009944,62.6595,4,3651.0999,16.5714,2,17,3,3,1,4.7751,2695.6672
B0016794,126.7883,20,545.0931,4.8833,4,17,10,2,1,6.8329,5003.8173
B0022231,49.5415,22,3693.0133,23.7652,2,20,7,3,1,3.505,1633.8056
B0016377,93.0683,1,759.0828,8.4923,3,11,7,3,1,5.8829,4181.6774
B0014205,144.8625,19,1314.7271,17.304,4,24,9,2,1,5.2949,4534.9967
B0007291,53.6127,28,2453.5609,10.024,2,26,9,3,1,5.0956,2528.5816
B0002757,95.8333,18,991.2574,8.7663,4,26,8,4,1,4.9163,4108.3115
B0014441,137.7033,0,1950.823,7.3845,4,4,9,4,0,7.3741,4692.9365
B0015210,93.6244,4,3474.0803,20.0374,3,16,6,4,1,5.0668,3467.7296
B0003403,113.7853,20,2253.7365,17.8261,4,12,1,3,1,5.2905,3504.5757
B0014420,79.8614,31,2313.5106,12.3443,2,9,6,3,1,5.6327,2721.3376
B0015683,96.4631,30,624.9802,7.2299,3,15,9,3,1,6.0953,3693.4112
B0000481,77.037,26,243.6835,1.7884,3,15,15,2,0,6.0371,3604.2844
B0000780,129.3016,18,2653.0432,9.3077,4,15,7,4,1,7.8476,4272.197
B0021393,52.7887,30,2940.295,9.4211,1,5,8,1,0,5.811,1917.0072
B0015752,74.5944,14,2387.0683,16.2196,2,24,4,3,1,4.6589,3076.6688
B0014665,146.4155,13,2826.564,24.4524,4,12,6,3,0,5.9181,3924.6192
B0013992,112.0449,2,2134.9235,14.6872,3,12,6,3,1,7.2596,4036.7889
B0022470,125.5271,22,413.1509,1.8311,3,10,13,1,1,7.0974,4483.9039
B0009115,52.3194,21,3177.2164,9.6395,2,27,9,2,1,5.7469,2449.7262
B0003831,134.7829,20,1446.5136,14.8071,4,15,9,1,1,6.2386,4282.2586
B0012188,70.584,25,1769.7599,9.1891,2,7,7,2,1,6.5068,2933.0442
B0003108,46.5622,28,2277.7648,15.7154,2,21,5,3,1,4.8763,1838.4479
B0017323,151.2015,0,493.1998,3.133,5,22,16,4,1,5.7237,6148.814
B0005501,104.6731,21,3948.3723,20.5215,3,19,1,2,1,4.9083,3190.4531
B0018755,137.8732,5,686.2719,7.8296,4,10,12,4,1,4.9928,5075.5564
B0002224,45.8968,27,891.575,7.6795,2,9,14,3,0,4.9715,2312.8404
B0008730,70.2498,7,2309.7473,19.1722,2,17,2,2,0,5.5667,2662.235
B0018955,147.8576,25,2003.9133,19.785,4,12,4,3,1,4.9804,3979.8796
B0001161,134.8733,21,1224.5481,16.768,5,28,5,2,1,5.8597,4379.1466
B0013301,63.2508,30,3559.023,19.1758,3,11,5,1,1,2.943,1913.5776
B0012582,72.2239,17,1365.063,19.4223,3,17,5,2,1,4.7166,2856.5833
B0016109,42.1563,2,274.7989,8.8485,2,1,7,2,0,4.8465,2507.5031
B0002750,96.5313,12,3727.6158,20.5219,2,8,0,2,1,5.3225,2941.7145
B0017991,102.2978,30,2533.2795,24.6178,4,6,2,2,0,4.9284,2694.1006
B0016922,82.0926,3,1824.3754,10.4933,2,3,9,4,1,5.9139,3679.5184
B0016304,112.7976,21,120.0,8.9774,4,27,5,2,1,5.1633,4563.2446
B0011771,85.6518,25,2772.5528,6.4552,3,28,10,1,1,6.7552,3525.8355
B0004918,92.8553,28,1107.8743,10.1782,3,25,14,1,1,3.7716,3619.2756
B0007392,122.4882,22,1919.3844,16.4986,3,9,6,3,1,5.6887,3631.3809
B0009496,113.6032,19,1918.6505,4.6808,4,19,12,4,0,5.1486,4018.5487
B0006553,102.5822,24,3287.2413,23.8146,2,18,2,3,1,5.7808,3101.4398
B0012214,37.8461,25,1780.3111,12.2282,2,28,9,2,1,5.6251,1999.1672
B0004825,124.095,15,1998.8241,18.5737,5,16,4,3,1,3.7983,4025.0965
B0010020,80.7113,20,2512.1139,9.7261,2,11,12,3,0,6.2686,3245.5737
B0018409,84.139,32,3170.6536,15.9432,3,7,5,1,1,5.6981,2655.8804
B0018068,124.3794,16,874.8562,17.5772,4,26,10,2,1,6.7897,4526.5444
B0020797,148.8338,14,1278.7969,8.1576,5,28,10,2,1,6.1499,5269.0586
B0020419,85.4126,22,2879.29,18.9157,3,15,6,3,1,5.4575,2901.7881
B0014312,69.7812,32,314.7246,4.695,3,7,11,2,0,6.4735,3115.7088
B0018205,96.4212,0,846.5136,1.958,2,26,10,4,1,5.4795,4730.1089
B0004968,149.6278,6,1148.7331,3.5463,5,8,12,2,1,6.968,5475.1879
B0011320,133.3934,26,120.0,3.1762,3,23,15,3,1,7.6535,5315.8933
B0010723,116.7316,4,1304.2,1.8547,2,15,13,2,1,7.1158,4745.5592
B0002138,123.2551,28,3248.8318,16.3991,4,14,9,3,0,3.8702,3625.0637
B0011672,111.5138,28,1775.245,9.8432,3,7,9,3,1,4.678,3860.6942
B0016660,40.4773,11,1963.9007,6.4155,1,12,10,3,1,4.6991,2498.7446
B0013707,57.7686,16,2914.2711,20.3123,3,11,2,5,1,3.6536,2572.9638
B0002146,49.1268,29,120.0,1.569,2,16,16,1,0,5.2876,2630.4964
B0017405,66.387,8,183.1285,2.1828,3,25,15,3,1,3.6423,3964.0673
B0019181,54.2979,25,2649.5935,19.2348,1,20,5,3,1,4.674,2054.5079
B0019212,124.8886,25,3570.0584,21.0474,4,9,2,4,1,8.0221,3632.7485
B0003136,111.436,19,658.6968,7.7046,4,17,9,3,1,5.5417,4316.8911
B0018713,150.2323,15,120.0,9.013,4,17,12,2,1,7.8633,5546.298
B0015286,67.0361,26,1302.4935,7.8333,2,6,12,2,0,6.076,2783.7343
B0003915,153.1734,9,120.0,4.1989,4,27,12,4,1,6.8194,6170.0307
B0020096,74.9023,24,387.8109,5.8513,1,8,9,3,0,4.0447,3223.7042
B0019766,117.222,14,2193.0097,13.2977,3,23,8,2,1,6.1942,4210.1676
B0002481,65.056,13,1538.8747,13.7672,2,9,9,3,1,6.0394,2943.7151
B0003368,92.3343,28,3049.9262,21.8303,2,6,3,4,1,6.2156,2684.6901
B0017250,124.9656,19,2135.073,5.6441,3,20,7,3,0,6.6678,3902.0566
B0003130,103.2434,23,1407.5546,3.2274,4,23,13,2,1,5.5271,4136.3213
B0013010,146.8895,2,3699.6175,18.6654,4,22,5,2,1,6.0535,4570.4506
B0011733,114.6114,1,2752.4353,21.6033,3,20,7,4,1,4.322,4092.2351
B0006456,81.9446,17,3221.7627,11.0938,3,8,8,3,0,6.348,3295.9721
B0014415,122.1176,5,2956.7421,15.4416,3,27,11,2,1,6.9462,4314.2283
B0011848,47.3773,26,2657.1694,13.6239,1,5,10,2,0,5.2185,2070.3168
B0015479,137.6309,1,1384.9319,6.782,4,12,8,3,1,5.4894,4798.7904
B0018993,43.8547,30,1090.9492,10.1661,1,19,13,2,1,4.4523,1937.679
B0002024,108.8024,17,162.7045,16.0504,4,16,9,4,1,4.788,4575.2271
B0007954,114.8635,24,2799.8331,13.8743,3,3,4,3,0,7.5741,3629.1935
B0014652,43.2737,1,1796.2755,8.0585,1,18,10,4,1,5.5874,2867.6805
B0001019,113.0217,21,2508.385,16.6365,2,2,9,2,0,5.1758,3435.0707
B0007701,81.3241,19,4900.0,22.8795,3,19,1,3,1,4.8827,2673.7065
B0003874,90.21,26,2413.4339,17.9394,3,17,8,3,1,6.9765,3142.5542
B0014439,67.363,21,3172.925,20.9233,2,13,5,3,1,5.7185,2559.4123
B0017479,49.3625,30,1796.7379,9.6144,2,22,7,3,1,4.3217,2077.5097
B0019112,109.0597,28,3841.9324,22.9611,3,14,4,2,1,4.8169,3178.0322
B0015108,132.5247,1,4880.946,19.6112,4,13,4,3,1,7.4131,4232.5811
B0013536,37.1721,25,2536.6551,17.2223,1,18,7,2,1,5.5549,1576.3648
B0015991,80.6225,27,1560.2499,15.9042,2,11,3,1,0,6.4967,2436.0644
B0018281,76.2585,15,2967.3135,16.274,3,15,7,3,0,5.2798,2971.3212
B0006007,118.5737,20,167.1428,6.6835,4,16,12,2,1,5.7617,5037.0149
B0011123,74.2764,16,120.0,7.9656,3,19,12,1,1,4.2894,4017.1814
B0019221,153.2629,28,2179.0601,22.4092,5,22,2,2,1,6.6023,4067.7055
B0019114,136.8448,20,1643.7444,17.7289,4,2,4,2,0,5.7724,4002.8135
B0016805,107.6573,31,1515.7238,14.7337,3,26,6,3,1,5.3115,3348.7384
B0010758,61.4781,25,2201.8898,22.8992,3,22,2,3,1,5.1992,2229.7472
B0001710,42.5269,16,1572.8789,4.0942,1,24,9,2,1,5.1761,2439.8924
B0002601,52.7771,26,2608.4957,10.6379,2,4,8,2,0,3.7463,1882.2746
B0019183,118.6458,19,2812.1472,15.5167,3,23,6,1,1,4.211,3645.9008
B0004652,101.2847,23,512.9771,4.8783,3,28,14,3,1,5.6857,4396.7893
B0007128,152.6784,0,1531.1387,4.5456,4,10,12,4,0,6.6567,5360.9082
B0004605,43.202,17,2415.9592,14.7559,1,13,8,5,1,3.9421,2382.8129
B0007206,120.8323,24,3590.7978,21.1595,4,10,4,2,0,6.0097,3417.0788
B0014607,60.4384,2,2216.3573,3.9357,2,1,9,3,0,5.6978,3024.344
B0022275,141.7934,22,2860.1155,17.7798,5,23,9,3,1,5.5118,4522.603
B0014497,152.0444,30,3559.7626,21.4334,5,26,6,3,1,7.2909,4007.0708
B0010074,98.4664,19,4673.5283,24.2464,3,13,1,1,1,7.5244,3033.9236
B0012780,65.3225,15,1422.0902,16.0273,1,19,7,4,1,6.4989,3033.4017
B0016806,95.4001,29,2753.8478,23.024,3,19,6,3,0,3.1307,2299.5788
B0011119,114.7922,2,1972.4848,17.9737,3,1,2,4,0,5.648,3796.6755
B0005890,145.273,26,3207.0537,24.1818,4,28,2,2,1,5.8126,4058.1148
B0002604,120.375,17,1014.8737,5.7923,4,24,11,2,1,7.6212,4756.9302
B0011322,121.3304,25,956.3366,13.4888,4,24,10,1,1,6.3076,4177.0531
B0005938,80.3117,10,2223.3373,4.272,3,8,8,4,1,6.7043,3441.9624
B0002240,134.8397,20,2129.5264,9.8093,5,14,6,2,1,6.6757,4311.7854
B0022319,46.0135,24,4136.6368,14.429,2,25,10,1,1,6.1533,1914.7672
B0006085,116.1838,20,3901.4724,15.4767,4,19,0,3,1,6.7181,3902.2531
B0000831,94.0129,32,1402.9623,11.921,4,8,6,3,0,5.7004,2818.8612
B0018928,125.8193,22,2174.3738,11.6209,4,7,10,3,0,5.9666,4063.6308
B0011592,120.4065,30,1424.5405,22.7244,4,1,4,1,0,5.465,3177.3372
B0007672,49.0111,26,1060.1181,2.7129,2,11,10,1,0,7.3136,2339.6416
B0016104,144.0445,7,3727.1167,20.0959,5,12,3,3,1,4.7469,4064.482
B0014445,62.2221,28,316.7342,4.0944,2,15,9,1,1,5.8097,2671.6737
B0005359,151.0294,9,1225.8418,5.8276,5,24,13,4,0,5.8489,5217.1261
B0006191,50.0817,2,2346.509,10.6875,2,17,11,3,1,3.3885,2845.615
B0006733,110.3817,20,1371.4678,11.5741,3,9,7,2,0,5.1207,3664.6423
B0012443,83.6298,18,3082.7123,18.2185,2,26,6,2,1,4.8467,3130.6779
B0001349,79.0886,25,3761.6248,23.5121,3,9,2,3,0,3.5187,2123.1262
B0021338,53.8657,3,3483.8234,19.3129,2,24,7,3,1,3.9588,2373.1603
B0001311,64.1213,11,120.0,1.7374,2,26,11,3,1,5.1141,3886.6799
B0018511,93.6651,16,1587.4007,9.1956,2,27,10,3,1,5.9467,3933.2464
B0012346,104.4944,31,1652.2553,3.7755,1,19,12,1,1,5.9355,3646.5457
B0016246,61.8985,3,2860.3236,24.1437,2,23,6,4,1,3.0411,2631.5168
B0015486,63.0147,32,733.0037,13.6076,2,25,9,4,1,5.3718,3137.7126
B0003496,114.8379,28,1187.677,14.4033,5,1,9,1,1,6.4567,3732.8646
B0000690,129.2022,22,572.0996,5.3103,4,27,12,3,1,6.1377,5151.6614
B0000168,66.0926,29,1295.3088,6.8274,3,3,14,4,0,6.1208,3011.6891
B0014078,78.4861,16,861.7509,3.7724,2,28,14,4,1,3.7503,4102.2192
B0002827,60.2174,17,1548.4737,20.0014,1,4,4,3,0,5.8103,2127.3432
B0008433,117.2157,2,1693.6469,17.2699,4,25,5,3,1,6.4389,4354.2502
B0022498,130.0881,22,3991.9334,15.3389,4,20,9,1,1,6.7018,4106.307
B0014639,105.084,17,2943.6432,15.9582,3,20,3,2,1,4.094,3347.1666
B0021987,140.4079,10,3841.4037,22.1777,4,19,2,2,1,5.8625,4040.5255
B0012311,122.9425,32,2152.9171,21.4205,4,26,4,3,1,4.9817,3481.0131
B0000866,130.6419,12,2677.9598,22.79,4,9,8,4,1,7.0076,4288.0941
B0004653,154.0458,2,2649.4933,16.4047,5,20,7,2,1,6.38,4797.9673
B0007072,69.2596,15,3231.9473,17.5075,2,3,3,4,1,3.8728,2656.5744
B0016964,35.0673,29,1165.2961,4.077,2,23,9,4,1,5.9821,1914.5181
B0003231,71.8722,25,844.5201,3.6141,2,16,9,2,1,5.6674,3497.6032
B0008348,91.3464,3,3069.2053,22.3671,3,20,4,4,1,6.2864,3615.7174
B0009847,100.0617,11,3447.5034,19.8737,3,1,6,3,0,6.1572,3428.2762
B0006384,45.4353,20,1230.5597,11.1106,1,14,12,2,1,4.4203,2269.0888
B0009363,146.2611,8,285.9969,1.9957,5,2,14,3,1,6.1573,5623.6774
B0012598,38.1683,9,2431.7128,18.5401,2,26,7,1,1,3.8894,1978.509
B0010753,117.5064,31,2544.7754,21.7835,4,3,4,1,0,5.814,2776.1462
B0008402,114.1508,4,1322.8859,12.4734,3,23,7,3,1,5.5839,4405.5969
B0011638,110.8773,3,1494.346,9.657,4,24,7,2,1,5.5748,4163.6186
B0006679,146.4374,22,1100.2565,7.7732,4,12,6,3,0,5.4848,4476.955
B0006274,153.4109,31,2130.9789,20.2904,5,21,10,3,1,5.0884,4620.8377
B0004039,93.3083,24,3363.8589,22.6005,3,3,1,2,0,6.6266,2899.4322
B0022294,70.8187,8,2840.2323,19.9346,2,23,1,4,1,4.3593,3088.9826
B0018944,83.6277,5,187.4084,7.8381,3,22,10,2,1,5.6457,4246.2184
B0012404,55.4941,3,1503.641,14.8814,2,7,8,4,1,4.4799,2883.7533
B0014985,67.658,31,3170.6137,9.1103,3,1,8,3,0,4.9701,2714.3868
B0000458,48.037,26,2778.7572,20.6078,2,4,1,3,0,6.9197,1718.7588
B0009879,111.5265,21,1018.8794,5.9707,3,2,15,2,0,5.1665,3957.7089
B0019280,93.9326,32,4394.9428,15.9626,3,19,4,1,0,6.9676,2666.0464
B0017549,135.7983,15,1766.6984,8.0933,3,12,8,3,1,7.2826,4513.0444
B0019527,133.2766,19,3409.6757,22.6698,4,2,7,2,0,4.3062,3751.7141
B0009876,124.9453,0,2864.8833,22.0231,4,24,4,4,1,6.3182,4227.5851
B0001999,92.1662,4,2712.2419,8.3326,3,8,15,5,0,6.5504,3913.8045
B0000823,136.7479,14,2135.9864,7.3838,4,11,10,3,1,7.1359,4517.0264
B0006263,38.1901,13,3993.0223,24.77,1,18,2,2,1,4.4607,1368.6421
B0002373,138.3031,29,1599.9636,11.1046,5,5,10,3,0,6.2725,4306.4422
B0018057,55.471,5,2789.5684,8.266,1,1,5,4,0,4.9854,2637.6561
B0011740,67.1499,10,1825.2357,14.6044,2,28,8,4,1,4.041,3235.3153
B0022160,122.766,26,3276.2017,16.2447,3,2,6,1,1,5.3259,3502.0279
B0001486,74.3684,3,464.5697,8.4739,2,3,10,2,0,6.3514,3712.645
B0005595,147.154,1,2046.3156,9.3343,4,20,8,4,1,5.2659,4779.7773
B0000538,73.3341,5,1972.8342,3.5786,2,19,12,4,1,6.6531,3870.2453
B0005001,68.3973,27,2922.7967,22.2036,2,13,2,1,1,5.4761,2134.8406
B0009270,97.2688,26,1483.4877,11.9932,3,4,12,2,0,5.2711,3255.4822
B0004880,120.9037,22,1542.8087,9.6182,4,1,8,2,0,4.2129,3660.2611
B0016795,47.3094,31,3060.9605,23.4529,1,1,3,3,0,6.0046,1254.2503
B0005593,93.3316,29,4900.0,22.9624,3,1,6,1,0,6.8147,2611.9122
B0006651,144.1455,28,120.0,5.6329,5,23,12,4,1,6.1847,5572.3671
B0008008,40.1956,24,1650.6927,4.9957,1,7,11,1,1,5.5091,1988.7398
B0013065,77.0197,22,2414.3549,12.7969,3,4,5,3,0,7.309,2952.7448
B0015871,65.0675,30,219.0582,14.1848,2,23,10,3,1,3.4243,2926.7596
B0015273,95.1622,23,1504.7881,20.8081,3,9,5,2,1,6.9378,3246.187
B0009148,52.847,4,2020.6825,9.4647,2,4,5,3,0,6.4491,2354.1355
B0014446,41.2744,27,2620.2159,13.415,2,10,9,1,0,4.9978,1592.5486
B0018019,143.3516,24,2296.5118,13.8254,4,28,6,3,1,5.7576,4143.9364
B0021150,89.0144,18,1826.6112,3.294,2,15,14,3,1,5.6979,3969.6818
B0021615,88.5933,28,2417.3594,8.0201,2,19,6,3,1,6.98,3103.7055
B0004578,41.7914,1,2506.9479,18.0245,1,13,4,5,1,3.5398,2098.7516
B0001018,137.7426,2,2738.9163,16.7431,4,3,6,2,0,6.6819,4186.486
B0017428,73.5439,31,2175.1504,4.9776,3,5,11,1,0,5.3807,2662.7534
B0017973,91.4133,30,2996.8466,16.1113,2,11,10,2,1,4.7288,2972.0832
B0011539,77.838,12,1608.0156,3.9498,2,25,9,3,1,7.2347,3776.2672
B0010672,59.595,22,1149.1506,4.0389,2,13,12,3,1,5.7624,2966.8405
B0006206,55.2983,28,2086.3833,10.0011,2,14,7,3,1,6.1775,2346.9666
B0019366,37.9243,0,2987.0635,15.1691,1,5,5,4,0,5.2287,1752.7879
B0005281,47.3732,24,2862.4086,15.2145,1,5,3,3,1,5.0823,1724.0829
B0010464,64.3559,28,207.5038,2.5294,2,17,14,2,1,7.7725,3378.2622
B0011242,76.8254,18,4247.0587,18.4543,3,3,4,3,0,5.4849,2537.8499
B0009238,63.933,27,2147.1493,14.2557,2,24,3,2,1,6.6781,2452.7169
B0009136,125.4729,26,2569.3978,13.1171,3,6,5,3,0,7.9076,3753.875
B0002565,91.5533,29,2206.627,16.4091,2,4,6,2,1,4.6224,2737.3194
B0017915,124.2945,26,1982.8654,6.0419,4,1,12,5,0,5.4967,4398.286
B0018306,64.6694,29,2595.9065,15.2673,2,25,7,2,1,4.4059,2521.6346
B0000840,129.1761,27,1410.1532,19.1123,4,6,2,1,0,4.383,3410.4679
B0019864,124.6103,14,743.1923,9.3735,4,26,12,2,1,5.3783,4698.595
B0010440,59.5997,19,1207.5446,13.5024,2,20,9,4,1,6.3779,3090.7239
B0012004,50.745,27,1426.1302,2.9975,1,11,9,2,1,5.0614,2457.4401
B0022468,117.7981,16,1401.4941,24.8526,5,3,4,1,0,4.5112,3326.2338
B0001707,88.2467,29,176.741,6.8873,2,10,12,3,1,7.2805,3952.0565
B0002529,65.8487,8,3223.41,18.6,2,24,9,4,1,3.2855,2787.8165
B0020293,97.8517,13,3516.7744,18.0509,1,11,6,2,0,5.3481,2940.3936
B0003620,48.5952,23,299.5457,2.054,2,8,16,4,0,6.4043,2915.6659
B0006336,139.8148,3,1975.7877,11.6544,4,8,11,2,1,6.1,4829.8436
B0015665,151.4034,31,809.7307,8.2238,4,6,8,1,0,3.9759,4058.7986
B0004734,66.7413,1,1395.4959,4.2442,2,3,11,3,1,6.0014,3408.515
B0017149,147.0534,4,1669.9143,15.7922,4,2,3,4,0,6.5591,4677.6533
B0021358,115.3097,6,1094.9666,13.2425,4,17,8,3,1,3.2037,4249.8514
B0013988,59.0746,32,3161.6001,20.2307,2,23,6,3,1,3.996,1944.7659
B0001335,149.6292,17,120.0,6.8482,5,8,10,3,1,6.7071,5767.2306
B0010632,130.1041,17,1825.9742,15.4266,4,16,6,2,0,5.7126,3914.6855
B0020711,94.1855,30,1825.2603,7.3701,2,14,11,3,1,4.1024,3572.8795
B0005226,59.8619,13,725.7108,7.692,1,18,10,1,1,5.3569,2972.5246
B0000610,117.7377,28,1746.2261,11.1334,3,12,11,2,1,5.3303,3858.1832
B0013207,141.0294,3,2052.3966,6.1962,3,3,11,4,0,6.6169,4850.1175
B0003490,111.9114,28,3394.7082,22.9061,3,20,3,1,1,4.639,2774.0964
B0003916,116.5433,22,2532.0716,22.9932,4,13,2,3,0,4.2828,3350.8995
B0002624,84.3569,6,2344.1957,1.9702,2,15,9,3,1,7.665,3885.7212
B0020049,81.8973,32,2424.9078,11.9229,3,28,7,1,1,5.1821,2705.1812
B0016326,87.7076,24,2450.1214,18.8966,3,22,0,4,0,3.9445,2893.9051
B0018284,147.389,23,2804.3511,12.4499,5,3,9,3,0,6.041,4307.3849
B0018261,124.6005,25,3354.0276,8.9513,5,4,7,2,0,6.2431,3864.5661
B0016335,53.3452,2,120.0,7.2051,3,7,13,4,1,6.7961,3565.7704
B0005540,78.265,12,1074.0596,10.1256,2,17,8,4,1,6.5915,3616.0067
B0009281,87.3893,7,1041.19,15.1205,2,23,7,4,1,6.6692,3939.4531
B0006757,60.8616,30,2783.074,22.559,2,1,3,3,0,3.5039,1741.4299
B0017025,124.1643,5,2344.8619,9.8404,4,1,10,1,0,6.7601,4225.1983
B0012132,70.1239,24,2433.2571,9.1974,1,7,6,3,0,3.2278,2366.5693
B0005478,53.9019,1,2152.2958,14.3728,2,22,6,4,1,5.7219,2774.4123
B0010951,89.829,8,3352.6579,21.4407,2,2,6,4,1,4.6298,3144.4835
B0009410,52.4549,26,3710.288,23.1853,1,22,1,3,0,6.0005,1504.1259
B0008363,64.593,16,2739.0545,12.6821,2,14,5,3,0,5.1831,2430.1858
B0004533,147.5345,28,120.0,12.8505,5,17,8,1,0,8.6,4570.3558
B0020965,145.9201,1,3301.7157,17.3772,4,15,7,4,1,6.0495,4687.9981
B0017937,35.676,10,1038.8718,10.5261,2,19,9,3,1,5.774,2293.6398
B0015194,44.7873,2,400.8251,11.5942,1,18,5,2,1,6.4803,2622.0307
B0008010,112.1195,16,2342.0156,15.776,4,19,5,3,1,5.3221,3745.5499
B0015339,106.5802,0,1930.6117,13.4694,3,20,7,3,1,4.8651,3978.8913
B0018999,39.768,27,2773.8674,20.066,2,12,9,2,1,4.5179,1533.9065
B0012507,46.5322,22,1070.7478,12.4106,1,28,12,2,1,4.3474,2598.232
B0012946,99.1935,1,3266.1506,20.0388,3,15,5,5,1,6.2726,3683.9181
B0015932,110.6865,3,2423.864,22.2112,3,2,5,3,0,5.3609,3464.6186
B0011931,150.4887,28,1198.7559,4.5959,5,8,13,3,0,6.4886,4974.2744
B0002195,47.3799,20,2659.0891,11.5236,2,23,6,3,1,5.9964,2476.7393
B0013493,77.0091,6,1017.7205,8.322,2,26,6,3,1,4.9849,3579.9594
B0008974,124.3352,7,2161.4287,13.6816,3,24,6,3,1,4.5061,4096.0222
B0019885,52.7844,1,1937.3595,19.9222,3,14,5,3,1,3.1779,2619.8034
B0003317,89.3049,9,2088.4025,11.1098,3,12,7,3,1,6.0284,3561.6771
B0012099,80.6687,20,120.0,3.4028,2,26,9,2,1,5.9722,3921.9286
B0002345,47.6727,22,2972.0983,24.375,1,13,2,2,1,4.9607,1490.5619
B0019704,63.3634,30,2871.1108,18.3511,2,8,9,2,0,3.9787,2131.2795
B0012793,54.7624,10,1060.1783,6.2539,2,3,11,3,0,7.3293,2838.2477
B0019567,103.4827,27,828.3811,8.5323,4,25,9,2,1,7.1522,3919.1862
B0002256,146.9798,31,557.1867,1.898,5,21,16,2,1,6.7568,5239.389
B0020485,37.9282,1,1032.9491,6.6948,2,23,9,4,1,4.9449,2808.0944
B0007121,126.8699,0,2421.9747,23.9081,4,22,6,2,1,5.2138,4081.2541
B0013981,65.6778,22,3396.6622,23.3064,2,4,8,4,0,5.4361,2306.4836
B0014556,115.2289,27,3125.0313,17.4653,5,7,7,2,0,4.4806,3168.4192
B0003816,118.6393,25,1358.1406,13.6729,4,14,7,2,1,5.9596,3694.2246
B0000720,110.9761,14,1862.3871,16.8001,3,19,8,3,1,4.8107,3911.9836
